<?xml version='1.0' encoding='UTF-8'?>
<gpx xmlns="http://www.topografix.com/GPX/1/1" xmlns:xsi="http://www.w3.org/2001/XMLSchema-instance" version="1.1" creator="Bosque Abierto MTB - Guardianes del Bosque" xsi:schemaLocation="http://www.topografix.com/GPX/1/1 http://www.topografix.com/GPX/1/1/gpx.xsd">
  <metadata>
    <name>Arauco Los Castan Os Bike Azul</name>
    <desc>Ruta MTB Bosque Abierto - ARAUCO Renovables</desc>
    <author>
      <name>Guardianes del Bosque MTB</name>
    </author>
    <time>2024-01-01T10:00:00Z</time>
  </metadata>
  <trk>
    <name>Arauco Los Castan Os Bike Azul</name>
    <type>cycling</type>
    <trkseg>
      <trkpt lat="-37.2635163" lon="-73.2220880">
        <ele>18.0</ele>
        <time>2024-01-01T10:00:00Z</time>
      </trkpt>
      <trkpt lat="-37.2636518" lon="-73.2215331">
        <ele>18.9</ele>
        <time>2024-01-01T10:00:24Z</time>
      </trkpt>
      <trkpt lat="-37.2636255" lon="-73.2204938">
        <ele>20.0</ele>
        <time>2024-01-01T10:00:54Z</time>
      </trkpt>
      <trkpt lat="-37.2643504" lon="-73.2198321">
        <ele>20.4</ele>
        <time>2024-01-01T10:01:06Z</time>
      </trkpt>
      <trkpt lat="-37.2646061" lon="-73.2194973">
        <ele>20.7</ele>
        <time>2024-01-01T10:01:12Z</time>
      </trkpt>
      <trkpt lat="-37.2648082" lon="-73.2199545">
        <ele>21.3</ele>
        <time>2024-01-01T10:02:00Z</time>
      </trkpt>
      <trkpt lat="-37.2648791" lon="-73.2203424">
        <ele>19.3</ele>
        <time>2024-01-01T10:02:36Z</time>
      </trkpt>
      <trkpt lat="-37.2647925" lon="-73.2220404">
        <ele>16.0</ele>
        <time>2024-01-01T10:05:24Z</time>
      </trkpt>
      <trkpt lat="-37.2646753" lon="-73.2225716">
        <ele>16.0</ele>
        <time>2024-01-01T10:06:36Z</time>
      </trkpt>
      <trkpt lat="-37.2647552" lon="-73.2228358">
        <ele>16.0</ele>
        <time>2024-01-01T10:07:12Z</time>
      </trkpt>
      <trkpt lat="-37.2651283" lon="-73.2233720">
        <ele>37.1</ele>
        <time>2024-01-01T10:08:51Z</time>
      </trkpt>
      <trkpt lat="-37.2653334" lon="-73.2234550">
        <ele>39.0</ele>
        <time>2024-01-01T10:09:27Z</time>
      </trkpt>
      <trkpt lat="-37.2657095" lon="-73.2234373">
        <ele>39.0</ele>
        <time>2024-01-01T10:10:27Z</time>
      </trkpt>
      <trkpt lat="-37.2660545" lon="-73.2236088">
        <ele>39.0</ele>
        <time>2024-01-01T10:11:48Z</time>
      </trkpt>
      <trkpt lat="-37.2668206" lon="-73.2245051">
        <ele>48.7</ele>
        <time>2024-01-01T10:14:03Z</time>
      </trkpt>
      <trkpt lat="-37.2671431" lon="-73.2247201">
        <ele>51.0</ele>
        <time>2024-01-01T10:14:57Z</time>
      </trkpt>
      <trkpt lat="-37.2674112" lon="-73.2247854">
        <ele>51.0</ele>
        <time>2024-01-01T10:15:42Z</time>
      </trkpt>
      <trkpt lat="-37.2687213" lon="-73.2243248">
        <ele>53.3</ele>
        <time>2024-01-01T10:17:15Z</time>
      </trkpt>
      <trkpt lat="-37.2697485" lon="-73.2241409">
        <ele>53.7</ele>
        <time>2024-01-01T10:17:24Z</time>
      </trkpt>
      <trkpt lat="-37.2708850" lon="-73.2243066">
        <ele>54.0</ele>
        <time>2024-01-01T10:17:33Z</time>
      </trkpt>
      <trkpt lat="-37.2720045" lon="-73.2241001">
        <ele>54.2</ele>
        <time>2024-01-01T10:17:39Z</time>
      </trkpt>
      <trkpt lat="-37.2726244" lon="-73.2241492">
        <ele>54.4</ele>
        <time>2024-01-01T10:17:45Z</time>
      </trkpt>
      <trkpt lat="-37.2734503" lon="-73.2245366">
        <ele>54.8</ele>
        <time>2024-01-01T10:17:54Z</time>
      </trkpt>
      <trkpt lat="-37.2744776" lon="-73.2251851">
        <ele>55.1</ele>
        <time>2024-01-01T10:18:03Z</time>
      </trkpt>
      <trkpt lat="-37.2756171" lon="-73.2264915">
        <ele>55.3</ele>
        <time>2024-01-01T10:18:15Z</time>
      </trkpt>
      <trkpt lat="-37.2766073" lon="-73.2270315">
        <ele>55.4</ele>
        <time>2024-01-01T10:18:24Z</time>
      </trkpt>
      <trkpt lat="-37.2769514" lon="-73.2270176">
        <ele>55.6</ele>
        <time>2024-01-01T10:18:30Z</time>
      </trkpt>
      <trkpt lat="-37.2775587" lon="-73.2262369">
        <ele>55.9</ele>
        <time>2024-01-01T10:18:48Z</time>
      </trkpt>
      <trkpt lat="-37.2778120" lon="-73.2261490">
        <ele>55.9</ele>
        <time>2024-01-01T10:18:51Z</time>
      </trkpt>
      <trkpt lat="-37.2781633" lon="-73.2262276">
        <ele>56.1</ele>
        <time>2024-01-01T10:18:57Z</time>
      </trkpt>
      <trkpt lat="-37.2785988" lon="-73.2266846">
        <ele>56.2</ele>
        <time>2024-01-01T10:19:06Z</time>
      </trkpt>
      <trkpt lat="-37.2787293" lon="-73.2280705">
        <ele>56.6</ele>
        <time>2024-01-01T10:19:24Z</time>
      </trkpt>
      <trkpt lat="-37.2799449" lon="-73.2295772">
        <ele>56.9</ele>
        <time>2024-01-01T10:19:42Z</time>
      </trkpt>
      <trkpt lat="-37.2804299" lon="-73.2306410">
        <ele>57.1</ele>
        <time>2024-01-01T10:19:51Z</time>
      </trkpt>
      <trkpt lat="-37.2808242" lon="-73.2312588">
        <ele>57.2</ele>
        <time>2024-01-01T10:19:57Z</time>
      </trkpt>
      <trkpt lat="-37.2816874" lon="-73.2322237">
        <ele>57.4</ele>
        <time>2024-01-01T10:20:09Z</time>
      </trkpt>
      <trkpt lat="-37.2822587" lon="-73.2327291">
        <ele>57.6</ele>
        <time>2024-01-01T10:20:18Z</time>
      </trkpt>
      <trkpt lat="-37.2824594" lon="-73.2328883">
        <ele>57.6</ele>
        <time>2024-01-01T10:20:21Z</time>
      </trkpt>
      <trkpt lat="-37.2829861" lon="-73.2330822">
        <ele>57.7</ele>
        <time>2024-01-01T10:20:24Z</time>
      </trkpt>
      <trkpt lat="-37.2833580" lon="-73.2331338">
        <ele>57.7</ele>
        <time>2024-01-01T10:20:27Z</time>
      </trkpt>
      <trkpt lat="-37.2846434" lon="-73.2330849">
        <ele>57.9</ele>
        <time>2024-01-01T10:20:36Z</time>
      </trkpt>
      <trkpt lat="-37.2850323" lon="-73.2328169">
        <ele>57.9</ele>
        <time>2024-01-01T10:20:39Z</time>
      </trkpt>
      <trkpt lat="-37.2855451" lon="-73.2322683">
        <ele>58.2</ele>
        <time>2024-01-01T10:20:51Z</time>
      </trkpt>
      <trkpt lat="-37.2854334" lon="-73.2318064">
        <ele>58.6</ele>
        <time>2024-01-01T10:21:12Z</time>
      </trkpt>
      <trkpt lat="-37.2857356" lon="-73.2312574">
        <ele>59.0</ele>
        <time>2024-01-01T10:21:36Z</time>
      </trkpt>
      <trkpt lat="-37.2856179" lon="-73.2310372">
        <ele>60.5</ele>
        <time>2024-01-01T10:21:42Z</time>
      </trkpt>
      <trkpt lat="-37.2852192" lon="-73.2309051">
        <ele>63.5</ele>
        <time>2024-01-01T10:21:54Z</time>
      </trkpt>
      <trkpt lat="-37.2850875" lon="-73.2303568">
        <ele>65.8</ele>
        <time>2024-01-01T10:22:03Z</time>
      </trkpt>
      <trkpt lat="-37.2851521" lon="-73.2301706">
        <ele>66.5</ele>
        <time>2024-01-01T10:22:06Z</time>
      </trkpt>
      <trkpt lat="-37.2857173" lon="-73.2298381">
        <ele>68.8</ele>
        <time>2024-01-01T10:22:15Z</time>
      </trkpt>
      <trkpt lat="-37.2864865" lon="-73.2292382">
        <ele>71.0</ele>
        <time>2024-01-01T10:22:24Z</time>
      </trkpt>
      <trkpt lat="-37.2867767" lon="-73.2292042">
        <ele>71.8</ele>
        <time>2024-01-01T10:22:27Z</time>
      </trkpt>
      <trkpt lat="-37.2874043" lon="-73.2293311">
        <ele>73.2</ele>
        <time>2024-01-01T10:22:33Z</time>
      </trkpt>
      <trkpt lat="-37.2876473" lon="-73.2295707">
        <ele>74.0</ele>
        <time>2024-01-01T10:22:36Z</time>
      </trkpt>
      <trkpt lat="-37.2877322" lon="-73.2297707">
        <ele>74.8</ele>
        <time>2024-01-01T10:22:39Z</time>
      </trkpt>
      <trkpt lat="-37.2876409" lon="-73.2306078">
        <ele>77.0</ele>
        <time>2024-01-01T10:22:48Z</time>
      </trkpt>
      <trkpt lat="-37.2878204" lon="-73.2311446">
        <ele>78.5</ele>
        <time>2024-01-01T10:22:54Z</time>
      </trkpt>
      <trkpt lat="-37.2879386" lon="-73.2321181">
        <ele>82.2</ele>
        <time>2024-01-01T10:23:09Z</time>
      </trkpt>
      <trkpt lat="-37.2881482" lon="-73.2327119">
        <ele>83.8</ele>
        <time>2024-01-01T10:23:15Z</time>
      </trkpt>
      <trkpt lat="-37.2885408" lon="-73.2332697">
        <ele>86.0</ele>
        <time>2024-01-01T10:23:24Z</time>
      </trkpt>
      <trkpt lat="-37.2891061" lon="-73.2336570">
        <ele>82.9</ele>
        <time>2024-01-01T10:23:33Z</time>
      </trkpt>
      <trkpt lat="-37.2892533" lon="-73.2338508">
        <ele>81.9</ele>
        <time>2024-01-01T10:23:36Z</time>
      </trkpt>
      <trkpt lat="-37.2897919" lon="-73.2349765">
        <ele>78.8</ele>
        <time>2024-01-01T10:23:45Z</time>
      </trkpt>
      <trkpt lat="-37.2901366" lon="-73.2354847">
        <ele>76.8</ele>
        <time>2024-01-01T10:23:51Z</time>
      </trkpt>
      <trkpt lat="-37.2904872" lon="-73.2356712">
        <ele>74.7</ele>
        <time>2024-01-01T10:23:57Z</time>
      </trkpt>
      <trkpt lat="-37.2907447" lon="-73.2360916">
        <ele>71.6</ele>
        <time>2024-01-01T10:24:06Z</time>
      </trkpt>
      <trkpt lat="-37.2909954" lon="-73.2362934">
        <ele>69.6</ele>
        <time>2024-01-01T10:24:12Z</time>
      </trkpt>
      <trkpt lat="-37.2911558" lon="-73.2362250">
        <ele>68.5</ele>
        <time>2024-01-01T10:24:15Z</time>
      </trkpt>
      <trkpt lat="-37.2914069" lon="-73.2357598">
        <ele>65.4</ele>
        <time>2024-01-01T10:24:24Z</time>
      </trkpt>
      <trkpt lat="-37.2916415" lon="-73.2356593">
        <ele>63.4</ele>
        <time>2024-01-01T10:24:30Z</time>
      </trkpt>
      <trkpt lat="-37.2917959" lon="-73.2359185">
        <ele>61.3</ele>
        <time>2024-01-01T10:24:36Z</time>
      </trkpt>
      <trkpt lat="-37.2920928" lon="-73.2369429">
        <ele>56.2</ele>
        <time>2024-01-01T10:24:51Z</time>
      </trkpt>
      <trkpt lat="-37.2922494" lon="-73.2371123">
        <ele>55.2</ele>
        <time>2024-01-01T10:24:54Z</time>
      </trkpt>
      <trkpt lat="-37.2939276" lon="-73.2369911">
        <ele>49.0</ele>
        <time>2024-01-01T10:25:12Z</time>
      </trkpt>
      <trkpt lat="-37.2945806" lon="-73.2368171">
        <ele>50.4</ele>
        <time>2024-01-01T10:25:18Z</time>
      </trkpt>
      <trkpt lat="-37.2948641" lon="-73.2368920">
        <ele>51.2</ele>
        <time>2024-01-01T10:25:21Z</time>
      </trkpt>
      <trkpt lat="-37.2952073" lon="-73.2371382">
        <ele>52.6</ele>
        <time>2024-01-01T10:25:27Z</time>
      </trkpt>
      <trkpt lat="-37.2957137" lon="-73.2388516">
        <ele>56.9</ele>
        <time>2024-01-01T10:25:45Z</time>
      </trkpt>
      <trkpt lat="-37.2958586" lon="-73.2391274">
        <ele>57.7</ele>
        <time>2024-01-01T10:25:48Z</time>
      </trkpt>
      <trkpt lat="-37.2969965" lon="-73.2399165">
        <ele>60.6</ele>
        <time>2024-01-01T10:26:00Z</time>
      </trkpt>
      <trkpt lat="-37.2976967" lon="-73.2409273">
        <ele>63.4</ele>
        <time>2024-01-01T10:26:12Z</time>
      </trkpt>
      <trkpt lat="-37.2979092" lon="-73.2415407">
        <ele>64.9</ele>
        <time>2024-01-01T10:26:18Z</time>
      </trkpt>
      <trkpt lat="-37.2980575" lon="-73.2425397">
        <ele>67.8</ele>
        <time>2024-01-01T10:26:30Z</time>
      </trkpt>
      <trkpt lat="-37.2982442" lon="-73.2429044">
        <ele>68.5</ele>
        <time>2024-01-01T10:26:33Z</time>
      </trkpt>
      <trkpt lat="-37.2983940" lon="-73.2434620">
        <ele>69.2</ele>
        <time>2024-01-01T10:26:36Z</time>
      </trkpt>
      <trkpt lat="-37.2990800" lon="-73.2451655">
        <ele>72.1</ele>
        <time>2024-01-01T10:26:48Z</time>
      </trkpt>
      <trkpt lat="-37.2995662" lon="-73.2459483">
        <ele>75.0</ele>
        <time>2024-01-01T10:27:00Z</time>
      </trkpt>
      <trkpt lat="-37.3020347" lon="-73.2468474">
        <ele>68.0</ele>
        <time>2024-01-01T10:27:27Z</time>
      </trkpt>
      <trkpt lat="-37.3026989" lon="-73.2472162">
        <ele>66.4</ele>
        <time>2024-01-01T10:27:33Z</time>
      </trkpt>
      <trkpt lat="-37.3028775" lon="-73.2474375">
        <ele>65.7</ele>
        <time>2024-01-01T10:27:36Z</time>
      </trkpt>
      <trkpt lat="-37.3030743" lon="-73.2480928">
        <ele>64.1</ele>
        <time>2024-01-01T10:27:42Z</time>
      </trkpt>
      <trkpt lat="-37.3032969" lon="-73.2484098">
        <ele>63.3</ele>
        <time>2024-01-01T10:27:45Z</time>
      </trkpt>
      <trkpt lat="-37.3034690" lon="-73.2485291">
        <ele>62.6</ele>
        <time>2024-01-01T10:27:48Z</time>
      </trkpt>
      <trkpt lat="-37.3042681" lon="-73.2487405">
        <ele>59.4</ele>
        <time>2024-01-01T10:28:00Z</time>
      </trkpt>
      <trkpt lat="-37.3044218" lon="-73.2492831">
        <ele>57.9</ele>
        <time>2024-01-01T10:28:06Z</time>
      </trkpt>
      <trkpt lat="-37.3049691" lon="-73.2502289">
        <ele>54.8</ele>
        <time>2024-01-01T10:28:18Z</time>
      </trkpt>
      <trkpt lat="-37.3052416" lon="-73.2502778">
        <ele>54.0</ele>
        <time>2024-01-01T10:28:21Z</time>
      </trkpt>
      <trkpt lat="-37.3062065" lon="-73.2501084">
        <ele>50.9</ele>
        <time>2024-01-01T10:28:33Z</time>
      </trkpt>
      <trkpt lat="-37.3067077" lon="-73.2499253">
        <ele>49.3</ele>
        <time>2024-01-01T10:28:39Z</time>
      </trkpt>
      <trkpt lat="-37.3072340" lon="-73.2495937">
        <ele>47.8</ele>
        <time>2024-01-01T10:28:45Z</time>
      </trkpt>
      <trkpt lat="-37.3074611" lon="-73.2496599">
        <ele>47.0</ele>
        <time>2024-01-01T10:28:48Z</time>
      </trkpt>
      <trkpt lat="-37.3079731" lon="-73.2500304">
        <ele>46.5</ele>
        <time>2024-01-01T10:28:54Z</time>
      </trkpt>
      <trkpt lat="-37.3085745" lon="-73.2506358">
        <ele>46.0</ele>
        <time>2024-01-01T10:29:00Z</time>
      </trkpt>
      <trkpt lat="-37.3099979" lon="-73.2513089">
        <ele>45.0</ele>
        <time>2024-01-01T10:29:12Z</time>
      </trkpt>
      <trkpt lat="-37.3103933" lon="-73.2516760">
        <ele>44.5</ele>
        <time>2024-01-01T10:29:18Z</time>
      </trkpt>
      <trkpt lat="-37.3110104" lon="-73.2527395">
        <ele>43.8</ele>
        <time>2024-01-01T10:29:27Z</time>
      </trkpt>
      <trkpt lat="-37.3125252" lon="-73.2543041">
        <ele>42.2</ele>
        <time>2024-01-01T10:29:45Z</time>
      </trkpt>
      <trkpt lat="-37.3130044" lon="-73.2551208">
        <ele>41.5</ele>
        <time>2024-01-01T10:29:54Z</time>
      </trkpt>
      <trkpt lat="-37.3132646" lon="-73.2573141">
        <ele>39.5</ele>
        <time>2024-01-01T10:30:18Z</time>
      </trkpt>
      <trkpt lat="-37.3136662" lon="-73.2582688">
        <ele>38.8</ele>
        <time>2024-01-01T10:30:27Z</time>
      </trkpt>
      <trkpt lat="-37.3140151" lon="-73.2587336">
        <ele>38.2</ele>
        <time>2024-01-01T10:30:33Z</time>
      </trkpt>
      <trkpt lat="-37.3154290" lon="-73.2589209">
        <ele>46.2</ele>
        <time>2024-01-01T10:30:51Z</time>
      </trkpt>
      <trkpt lat="-37.3158964" lon="-73.2593032">
        <ele>51.1</ele>
        <time>2024-01-01T10:31:00Z</time>
      </trkpt>
      <trkpt lat="-37.3168335" lon="-73.2596255">
        <ele>59.3</ele>
        <time>2024-01-01T10:31:15Z</time>
      </trkpt>
      <trkpt lat="-37.3182011" lon="-73.2596444">
        <ele>75.7</ele>
        <time>2024-01-01T10:31:45Z</time>
      </trkpt>
      <trkpt lat="-37.3193997" lon="-73.2590704">
        <ele>88.8</ele>
        <time>2024-01-01T10:32:09Z</time>
      </trkpt>
      <trkpt lat="-37.3198135" lon="-73.2586875">
        <ele>92.1</ele>
        <time>2024-01-01T10:32:15Z</time>
      </trkpt>
      <trkpt lat="-37.3202795" lon="-73.2584150">
        <ele>95.4</ele>
        <time>2024-01-01T10:32:21Z</time>
      </trkpt>
      <trkpt lat="-37.3226009" lon="-73.2575425">
        <ele>93.4</ele>
        <time>2024-01-01T10:32:48Z</time>
      </trkpt>
      <trkpt lat="-37.3228723" lon="-73.2571691">
        <ele>92.6</ele>
        <time>2024-01-01T10:32:54Z</time>
      </trkpt>
      <trkpt lat="-37.3229666" lon="-73.2567378">
        <ele>91.7</ele>
        <time>2024-01-01T10:33:00Z</time>
      </trkpt>
      <trkpt lat="-37.3231882" lon="-73.2564526">
        <ele>90.8</ele>
        <time>2024-01-01T10:33:06Z</time>
      </trkpt>
      <trkpt lat="-37.3233416" lon="-73.2563838">
        <ele>90.3</ele>
        <time>2024-01-01T10:33:09Z</time>
      </trkpt>
      <trkpt lat="-37.3239201" lon="-73.2563906">
        <ele>88.6</ele>
        <time>2024-01-01T10:33:21Z</time>
      </trkpt>
      <trkpt lat="-37.3241635" lon="-73.2562025">
        <ele>87.7</ele>
        <time>2024-01-01T10:33:27Z</time>
      </trkpt>
      <trkpt lat="-37.3243808" lon="-73.2552858">
        <ele>83.7</ele>
        <time>2024-01-01T10:33:54Z</time>
      </trkpt>
      <trkpt lat="-37.3249190" lon="-73.2542782">
        <ele>82.4</ele>
        <time>2024-01-01T10:34:24Z</time>
      </trkpt>
      <trkpt lat="-37.3253750" lon="-73.2540333">
        <ele>84.2</ele>
        <time>2024-01-01T10:34:39Z</time>
      </trkpt>
      <trkpt lat="-37.3260001" lon="-73.2539945">
        <ele>87.1</ele>
        <time>2024-01-01T10:35:03Z</time>
      </trkpt>
      <trkpt lat="-37.3262633" lon="-73.2536591">
        <ele>88.2</ele>
        <time>2024-01-01T10:35:12Z</time>
      </trkpt>
      <trkpt lat="-37.3264144" lon="-73.2530901">
        <ele>89.7</ele>
        <time>2024-01-01T10:35:24Z</time>
      </trkpt>
      <trkpt lat="-37.3263637" lon="-73.2529583">
        <ele>90.0</ele>
        <time>2024-01-01T10:35:27Z</time>
      </trkpt>
      <trkpt lat="-37.3260511" lon="-73.2527054">
        <ele>91.1</ele>
        <time>2024-01-01T10:35:36Z</time>
      </trkpt>
      <trkpt lat="-37.3259419" lon="-73.2524810">
        <ele>92.2</ele>
        <time>2024-01-01T10:35:45Z</time>
      </trkpt>
      <trkpt lat="-37.3259595" lon="-73.2522248">
        <ele>92.9</ele>
        <time>2024-01-01T10:35:51Z</time>
      </trkpt>
      <trkpt lat="-37.3261106" lon="-73.2520504">
        <ele>93.6</ele>
        <time>2024-01-01T10:35:57Z</time>
      </trkpt>
      <trkpt lat="-37.3266993" lon="-73.2525225">
        <ele>100.9</ele>
        <time>2024-01-01T10:36:15Z</time>
      </trkpt>
      <trkpt lat="-37.3268809" lon="-73.2525603">
        <ele>102.3</ele>
        <time>2024-01-01T10:36:18Z</time>
      </trkpt>
      <trkpt lat="-37.3286910" lon="-73.2517150">
        <ele>110.7</ele>
        <time>2024-01-01T10:36:36Z</time>
      </trkpt>
      <trkpt lat="-37.3291185" lon="-73.2515906">
        <ele>112.1</ele>
        <time>2024-01-01T10:36:39Z</time>
      </trkpt>
      <trkpt lat="-37.3300543" lon="-73.2515287">
        <ele>116.2</ele>
        <time>2024-01-01T10:36:48Z</time>
      </trkpt>
      <trkpt lat="-37.3309656" lon="-73.2515826">
        <ele>119.0</ele>
        <time>2024-01-01T10:36:54Z</time>
      </trkpt>
      <trkpt lat="-37.3318514" lon="-73.2511467">
        <ele>121.8</ele>
        <time>2024-01-01T10:37:00Z</time>
      </trkpt>
      <trkpt lat="-37.3320873" lon="-73.2509441">
        <ele>123.2</ele>
        <time>2024-01-01T10:37:03Z</time>
      </trkpt>
      <trkpt lat="-37.3331373" lon="-73.2495490">
        <ele>130.1</ele>
        <time>2024-01-01T10:37:18Z</time>
      </trkpt>
      <trkpt lat="-37.3332119" lon="-73.2489811">
        <ele>132.9</ele>
        <time>2024-01-01T10:37:24Z</time>
      </trkpt>
      <trkpt lat="-37.3332089" lon="-73.2484198">
        <ele>135.7</ele>
        <time>2024-01-01T10:37:30Z</time>
      </trkpt>
      <trkpt lat="-37.3331180" lon="-73.2481134">
        <ele>138.4</ele>
        <time>2024-01-01T10:37:36Z</time>
      </trkpt>
      <trkpt lat="-37.3331620" lon="-73.2478542">
        <ele>141.2</ele>
        <time>2024-01-01T10:37:42Z</time>
      </trkpt>
      <trkpt lat="-37.3339527" lon="-73.2467186">
        <ele>150.3</ele>
        <time>2024-01-01T10:38:06Z</time>
      </trkpt>
      <trkpt lat="-37.3347583" lon="-73.2460997">
        <ele>157.7</ele>
        <time>2024-01-01T10:38:27Z</time>
      </trkpt>
      <trkpt lat="-37.3354120" lon="-73.2450845">
        <ele>165.1</ele>
        <time>2024-01-01T10:38:48Z</time>
      </trkpt>
      <trkpt lat="-37.3354588" lon="-73.2448899">
        <ele>166.2</ele>
        <time>2024-01-01T10:38:51Z</time>
      </trkpt>
      <trkpt lat="-37.3353656" lon="-73.2443272">
        <ele>169.3</ele>
        <time>2024-01-01T10:39:00Z</time>
      </trkpt>
      <trkpt lat="-37.3354446" lon="-73.2438452">
        <ele>172.5</ele>
        <time>2024-01-01T10:39:09Z</time>
      </trkpt>
      <trkpt lat="-37.3359483" lon="-73.2426907">
        <ele>181.8</ele>
        <time>2024-01-01T10:39:39Z</time>
      </trkpt>
      <trkpt lat="-37.3362372" lon="-73.2423702">
        <ele>181.2</ele>
        <time>2024-01-01T10:39:51Z</time>
      </trkpt>
      <trkpt lat="-37.3370433" lon="-73.2418050">
        <ele>180.2</ele>
        <time>2024-01-01T10:40:09Z</time>
      </trkpt>
      <trkpt lat="-37.3383313" lon="-73.2411266">
        <ele>179.2</ele>
        <time>2024-01-01T10:40:27Z</time>
      </trkpt>
      <trkpt lat="-37.3387526" lon="-73.2401211">
        <ele>178.3</ele>
        <time>2024-01-01T10:40:42Z</time>
      </trkpt>
      <trkpt lat="-37.3384534" lon="-73.2390832">
        <ele>177.7</ele>
        <time>2024-01-01T10:40:54Z</time>
      </trkpt>
      <trkpt lat="-37.3385369" lon="-73.2384158">
        <ele>177.2</ele>
        <time>2024-01-01T10:41:03Z</time>
      </trkpt>
      <trkpt lat="-37.3388095" lon="-73.2377353">
        <ele>176.5</ele>
        <time>2024-01-01T10:41:15Z</time>
      </trkpt>
      <trkpt lat="-37.3386906" lon="-73.2372017">
        <ele>176.0</ele>
        <time>2024-01-01T10:41:24Z</time>
      </trkpt>
      <trkpt lat="-37.3387274" lon="-73.2365281">
        <ele>178.9</ele>
        <time>2024-01-01T10:41:36Z</time>
      </trkpt>
      <trkpt lat="-37.3385367" lon="-73.2354781">
        <ele>182.5</ele>
        <time>2024-01-01T10:41:51Z</time>
      </trkpt>
      <trkpt lat="-37.3387901" lon="-73.2345345">
        <ele>186.8</ele>
        <time>2024-01-01T10:42:09Z</time>
      </trkpt>
      <trkpt lat="-37.3385597" lon="-73.2342056">
        <ele>189.0</ele>
        <time>2024-01-01T10:42:18Z</time>
      </trkpt>
      <trkpt lat="-37.3381403" lon="-73.2341737">
        <ele>191.9</ele>
        <time>2024-01-01T10:42:30Z</time>
      </trkpt>
      <trkpt lat="-37.3380727" lon="-73.2340322">
        <ele>192.6</ele>
        <time>2024-01-01T10:42:33Z</time>
      </trkpt>
      <trkpt lat="-37.3385004" lon="-73.2332252">
        <ele>197.7</ele>
        <time>2024-01-01T10:42:54Z</time>
      </trkpt>
      <trkpt lat="-37.3384835" lon="-73.2328815">
        <ele>199.8</ele>
        <time>2024-01-01T10:43:03Z</time>
      </trkpt>
      <trkpt lat="-37.3380008" lon="-73.2321283">
        <ele>204.0</ele>
        <time>2024-01-01T10:43:24Z</time>
      </trkpt>
      <trkpt lat="-37.3375012" lon="-73.2318807">
        <ele>206.0</ele>
        <time>2024-01-01T10:43:36Z</time>
      </trkpt>
      <trkpt lat="-37.3373067" lon="-73.2316261">
        <ele>207.0</ele>
        <time>2024-01-01T10:43:42Z</time>
      </trkpt>
      <trkpt lat="-37.3374778" lon="-73.2311457">
        <ele>208.0</ele>
        <time>2024-01-01T10:43:48Z</time>
      </trkpt>
      <trkpt lat="-37.3376851" lon="-73.2311200">
        <ele>208.5</ele>
        <time>2024-01-01T10:43:51Z</time>
      </trkpt>
      <trkpt lat="-37.3379918" lon="-73.2312921">
        <ele>209.5</ele>
        <time>2024-01-01T10:43:57Z</time>
      </trkpt>
      <trkpt lat="-37.3386313" lon="-73.2313465">
        <ele>211.5</ele>
        <time>2024-01-01T10:44:09Z</time>
      </trkpt>
      <trkpt lat="-37.3394361" lon="-73.2317480">
        <ele>213.0</ele>
        <time>2024-01-01T10:44:18Z</time>
      </trkpt>
      <trkpt lat="-37.3402008" lon="-73.2325540">
        <ele>215.5</ele>
        <time>2024-01-01T10:44:33Z</time>
      </trkpt>
      <trkpt lat="-37.3402461" lon="-73.2333053">
        <ele>217.5</ele>
        <time>2024-01-01T10:44:45Z</time>
      </trkpt>
      <trkpt lat="-37.3404984" lon="-73.2335032">
        <ele>218.5</ele>
        <time>2024-01-01T10:44:51Z</time>
      </trkpt>
      <trkpt lat="-37.3408880" lon="-73.2335667">
        <ele>220.9</ele>
        <time>2024-01-01T10:45:03Z</time>
      </trkpt>
      <trkpt lat="-37.3412791" lon="-73.2334468">
        <ele>222.8</ele>
        <time>2024-01-01T10:45:09Z</time>
      </trkpt>
      <trkpt lat="-37.3420532" lon="-73.2327356">
        <ele>227.6</ele>
        <time>2024-01-01T10:45:24Z</time>
      </trkpt>
      <trkpt lat="-37.3420151" lon="-73.2313803">
        <ele>233.2</ele>
        <time>2024-01-01T10:45:42Z</time>
      </trkpt>
      <trkpt lat="-37.3416661" lon="-73.2301810">
        <ele>239.8</ele>
        <time>2024-01-01T10:46:03Z</time>
      </trkpt>
      <trkpt lat="-37.3416860" lon="-73.2298941">
        <ele>240.8</ele>
        <time>2024-01-01T10:46:06Z</time>
      </trkpt>
      <trkpt lat="-37.3417805" lon="-73.2297702">
        <ele>241.7</ele>
        <time>2024-01-01T10:46:09Z</time>
      </trkpt>
      <trkpt lat="-37.3417473" lon="-73.2286572">
        <ele>244.6</ele>
        <time>2024-01-01T10:46:18Z</time>
      </trkpt>
      <trkpt lat="-37.3414747" lon="-73.2276223">
        <ele>247.4</ele>
        <time>2024-01-01T10:46:27Z</time>
      </trkpt>
      <trkpt lat="-37.3415132" lon="-73.2272982">
        <ele>248.3</ele>
        <time>2024-01-01T10:46:30Z</time>
      </trkpt>
      <trkpt lat="-37.3419438" lon="-73.2268230">
        <ele>251.2</ele>
        <time>2024-01-01T10:46:39Z</time>
      </trkpt>
      <trkpt lat="-37.3421973" lon="-73.2259669">
        <ele>255.5</ele>
        <time>2024-01-01T10:46:51Z</time>
      </trkpt>
      <trkpt lat="-37.3424262" lon="-73.2255584">
        <ele>258.6</ele>
        <time>2024-01-01T10:46:57Z</time>
      </trkpt>
      <trkpt lat="-37.3423378" lon="-73.2251755">
        <ele>261.6</ele>
        <time>2024-01-01T10:47:03Z</time>
      </trkpt>
      <trkpt lat="-37.3416350" lon="-73.2243217">
        <ele>269.3</ele>
        <time>2024-01-01T10:47:18Z</time>
      </trkpt>
      <trkpt lat="-37.3416440" lon="-73.2241000">
        <ele>272.3</ele>
        <time>2024-01-01T10:47:24Z</time>
      </trkpt>
      <trkpt lat="-37.3418653" lon="-73.2237550">
        <ele>275.4</ele>
        <time>2024-01-01T10:47:30Z</time>
      </trkpt>
      <trkpt lat="-37.3420149" lon="-73.2232643">
        <ele>280.0</ele>
        <time>2024-01-01T10:47:39Z</time>
      </trkpt>
      <trkpt lat="-37.3426476" lon="-73.2227895">
        <ele>286.1</ele>
        <time>2024-01-01T10:47:51Z</time>
      </trkpt>
      <trkpt lat="-37.3428918" lon="-73.2219887">
        <ele>289.1</ele>
        <time>2024-01-01T10:47:57Z</time>
      </trkpt>
      <trkpt lat="-37.3427917" lon="-73.2209104">
        <ele>295.2</ele>
        <time>2024-01-01T10:48:09Z</time>
      </trkpt>
      <trkpt lat="-37.3428632" lon="-73.2204948">
        <ele>298.3</ele>
        <time>2024-01-01T10:48:15Z</time>
      </trkpt>
      <trkpt lat="-37.3434161" lon="-73.2198507">
        <ele>304.4</ele>
        <time>2024-01-01T10:48:27Z</time>
      </trkpt>
      <trkpt lat="-37.3434000" lon="-73.2195214">
        <ele>307.5</ele>
        <time>2024-01-01T10:48:33Z</time>
      </trkpt>
      <trkpt lat="-37.3433003" lon="-73.2192969">
        <ele>309.0</ele>
        <time>2024-01-01T10:48:36Z</time>
      </trkpt>
      <trkpt lat="-37.3428155" lon="-73.2187670">
        <ele>312.6</ele>
        <time>2024-01-01T10:48:42Z</time>
      </trkpt>
      <trkpt lat="-37.3427210" lon="-73.2185606">
        <ele>314.4</ele>
        <time>2024-01-01T10:48:45Z</time>
      </trkpt>
      <trkpt lat="-37.3428032" lon="-73.2182382">
        <ele>318.0</ele>
        <time>2024-01-01T10:48:51Z</time>
      </trkpt>
      <trkpt lat="-37.3430830" lon="-73.2178168">
        <ele>323.4</ele>
        <time>2024-01-01T10:49:00Z</time>
      </trkpt>
      <trkpt lat="-37.3431172" lon="-73.2168073">
        <ele>336.1</ele>
        <time>2024-01-01T10:49:21Z</time>
      </trkpt>
      <trkpt lat="-37.3429863" lon="-73.2167025">
        <ele>337.9</ele>
        <time>2024-01-01T10:49:24Z</time>
      </trkpt>
      <trkpt lat="-37.3426470" lon="-73.2166873">
        <ele>343.3</ele>
        <time>2024-01-01T10:49:33Z</time>
      </trkpt>
      <trkpt lat="-37.3426703" lon="-73.2162342">
        <ele>348.7</ele>
        <time>2024-01-01T10:49:42Z</time>
      </trkpt>
      <trkpt lat="-37.3431450" lon="-73.2155890">
        <ele>357.8</ele>
        <time>2024-01-01T10:49:57Z</time>
      </trkpt>
      <trkpt lat="-37.3438402" lon="-73.2150839">
        <ele>366.8</ele>
        <time>2024-01-01T10:50:12Z</time>
      </trkpt>
      <trkpt lat="-37.3442803" lon="-73.2142335">
        <ele>373.8</ele>
        <time>2024-01-01T10:50:30Z</time>
      </trkpt>
      <trkpt lat="-37.3442036" lon="-73.2138517">
        <ele>373.6</ele>
        <time>2024-01-01T10:50:36Z</time>
      </trkpt>
      <trkpt lat="-37.3441003" lon="-73.2137105">
        <ele>373.3</ele>
        <time>2024-01-01T10:50:42Z</time>
      </trkpt>
      <trkpt lat="-37.3433157" lon="-73.2141574">
        <ele>372.6</ele>
        <time>2024-01-01T10:51:03Z</time>
      </trkpt>
      <trkpt lat="-37.3430067" lon="-73.2138243">
        <ele>372.3</ele>
        <time>2024-01-01T10:51:09Z</time>
      </trkpt>
      <trkpt lat="-37.3429209" lon="-73.2133655">
        <ele>372.1</ele>
        <time>2024-01-01T10:51:15Z</time>
      </trkpt>
      <trkpt lat="-37.3429982" lon="-73.2124439">
        <ele>371.6</ele>
        <time>2024-01-01T10:51:30Z</time>
      </trkpt>
      <trkpt lat="-37.3431536" lon="-73.2121704">
        <ele>371.3</ele>
        <time>2024-01-01T10:51:36Z</time>
      </trkpt>
      <trkpt lat="-37.3433704" lon="-73.2120314">
        <ele>371.1</ele>
        <time>2024-01-01T10:51:42Z</time>
      </trkpt>
      <trkpt lat="-37.3437196" lon="-73.2120878">
        <ele>370.9</ele>
        <time>2024-01-01T10:51:48Z</time>
      </trkpt>
      <trkpt lat="-37.3441959" lon="-73.2119442">
        <ele>370.4</ele>
        <time>2024-01-01T10:52:00Z</time>
      </trkpt>
      <trkpt lat="-37.3447640" lon="-73.2123028">
        <ele>370.5</ele>
        <time>2024-01-01T10:52:15Z</time>
      </trkpt>
      <trkpt lat="-37.3449705" lon="-73.2123083">
        <ele>370.9</ele>
        <time>2024-01-01T10:52:18Z</time>
      </trkpt>
      <trkpt lat="-37.3451340" lon="-73.2122472">
        <ele>371.4</ele>
        <time>2024-01-01T10:52:21Z</time>
      </trkpt>
      <trkpt lat="-37.3453505" lon="-73.2119620">
        <ele>372.4</ele>
        <time>2024-01-01T10:52:27Z</time>
      </trkpt>
      <trkpt lat="-37.3452788" lon="-73.2116220">
        <ele>373.3</ele>
        <time>2024-01-01T10:52:33Z</time>
      </trkpt>
      <trkpt lat="-37.3445164" lon="-73.2108372">
        <ele>375.7</ele>
        <time>2024-01-01T10:52:48Z</time>
      </trkpt>
      <trkpt lat="-37.3443292" lon="-73.2098654">
        <ele>378.5</ele>
        <time>2024-01-01T10:53:06Z</time>
      </trkpt>
      <trkpt lat="-37.3438307" lon="-73.2092961">
        <ele>380.4</ele>
        <time>2024-01-01T10:53:18Z</time>
      </trkpt>
      <trkpt lat="-37.3432007" lon="-73.2093771">
        <ele>381.8</ele>
        <time>2024-01-01T10:53:27Z</time>
      </trkpt>
      <trkpt lat="-37.3427738" lon="-73.2091668">
        <ele>383.2</ele>
        <time>2024-01-01T10:53:36Z</time>
      </trkpt>
      <trkpt lat="-37.3423710" lon="-73.2094102">
        <ele>384.6</ele>
        <time>2024-01-01T10:53:45Z</time>
      </trkpt>
      <trkpt lat="-37.3421954" lon="-73.2093733">
        <ele>385.1</ele>
        <time>2024-01-01T10:53:48Z</time>
      </trkpt>
      <trkpt lat="-37.3420170" lon="-73.2091802">
        <ele>386.1</ele>
        <time>2024-01-01T10:53:54Z</time>
      </trkpt>
      <trkpt lat="-37.3418952" lon="-73.2088370">
        <ele>387.0</ele>
        <time>2024-01-01T10:54:00Z</time>
      </trkpt>
      <trkpt lat="-37.3419495" lon="-73.2086496">
        <ele>387.5</ele>
        <time>2024-01-01T10:54:03Z</time>
      </trkpt>
      <trkpt lat="-37.3424191" lon="-73.2080214">
        <ele>390.3</ele>
        <time>2024-01-01T10:54:21Z</time>
      </trkpt>
      <trkpt lat="-37.3431593" lon="-73.2075206">
        <ele>392.7</ele>
        <time>2024-01-01T10:54:36Z</time>
      </trkpt>
      <trkpt lat="-37.3432744" lon="-73.2075387">
        <ele>393.1</ele>
        <time>2024-01-01T10:54:39Z</time>
      </trkpt>
      <trkpt lat="-37.3434309" lon="-73.2080874">
        <ele>395.5</ele>
        <time>2024-01-01T10:54:54Z</time>
      </trkpt>
      <trkpt lat="-37.3442000" lon="-73.2090215">
        <ele>397.9</ele>
        <time>2024-01-01T10:55:09Z</time>
      </trkpt>
      <trkpt lat="-37.3448647" lon="-73.2095254">
        <ele>399.8</ele>
        <time>2024-01-01T10:55:21Z</time>
      </trkpt>
      <trkpt lat="-37.3450770" lon="-73.2093589">
        <ele>400.7</ele>
        <time>2024-01-01T10:55:27Z</time>
      </trkpt>
      <trkpt lat="-37.3452922" lon="-73.2093684">
        <ele>401.6</ele>
        <time>2024-01-01T10:55:33Z</time>
      </trkpt>
      <trkpt lat="-37.3457498" lon="-73.2087444">
        <ele>404.0</ele>
        <time>2024-01-01T10:55:48Z</time>
      </trkpt>
      <trkpt lat="-37.3466520" lon="-73.2085477">
        <ele>407.0</ele>
        <time>2024-01-01T10:56:15Z</time>
      </trkpt>
      <trkpt lat="-37.3469693" lon="-73.2076132">
        <ele>409.3</ele>
        <time>2024-01-01T10:56:36Z</time>
      </trkpt>
      <trkpt lat="-37.3475434" lon="-73.2065937">
        <ele>411.7</ele>
        <time>2024-01-01T10:56:57Z</time>
      </trkpt>
      <trkpt lat="-37.3473263" lon="-73.2066266">
        <ele>412.3</ele>
        <time>2024-01-01T10:57:03Z</time>
      </trkpt>
      <trkpt lat="-37.3470981" lon="-73.2068419">
        <ele>412.7</ele>
        <time>2024-01-01T10:57:06Z</time>
      </trkpt>
      <trkpt lat="-37.3462960" lon="-73.2077949">
        <ele>414.7</ele>
        <time>2024-01-01T10:57:24Z</time>
      </trkpt>
      <trkpt lat="-37.3461822" lon="-73.2078165">
        <ele>415.0</ele>
        <time>2024-01-01T10:57:27Z</time>
      </trkpt>
      <trkpt lat="-37.3458272" lon="-73.2075824">
        <ele>414.5</ele>
        <time>2024-01-01T10:57:39Z</time>
      </trkpt>
      <trkpt lat="-37.3455220" lon="-73.2075690">
        <ele>411.6</ele>
        <time>2024-01-01T10:57:45Z</time>
      </trkpt>
      <trkpt lat="-37.3452260" lon="-73.2076150">
        <ele>408.6</ele>
        <time>2024-01-01T10:57:51Z</time>
      </trkpt>
      <trkpt lat="-37.3449083" lon="-73.2078783">
        <ele>405.7</ele>
        <time>2024-01-01T10:57:57Z</time>
      </trkpt>
      <trkpt lat="-37.3447732" lon="-73.2078607">
        <ele>404.2</ele>
        <time>2024-01-01T10:58:00Z</time>
      </trkpt>
      <trkpt lat="-37.3446956" lon="-73.2077328">
        <ele>402.8</ele>
        <time>2024-01-01T10:58:03Z</time>
      </trkpt>
      <trkpt lat="-37.3447735" lon="-73.2074325">
        <ele>399.8</ele>
        <time>2024-01-01T10:58:09Z</time>
      </trkpt>
      <trkpt lat="-37.3447276" lon="-73.2071291">
        <ele>396.9</ele>
        <time>2024-01-01T10:58:15Z</time>
      </trkpt>
      <trkpt lat="-37.3444125" lon="-73.2067093">
        <ele>391.0</ele>
        <time>2024-01-01T10:58:27Z</time>
      </trkpt>
      <trkpt lat="-37.3441718" lon="-73.2061295">
        <ele>385.1</ele>
        <time>2024-01-01T10:58:39Z</time>
      </trkpt>
      <trkpt lat="-37.3437803" lon="-73.2056559">
        <ele>377.7</ele>
        <time>2024-01-01T10:58:54Z</time>
      </trkpt>
      <trkpt lat="-37.3438813" lon="-73.2052097">
        <ele>373.3</ele>
        <time>2024-01-01T10:59:03Z</time>
      </trkpt>
      <trkpt lat="-37.3438319" lon="-73.2048315">
        <ele>368.9</ele>
        <time>2024-01-01T10:59:12Z</time>
      </trkpt>
      <trkpt lat="-37.3432898" lon="-73.2055076">
        <ele>362.2</ele>
        <time>2024-01-01T10:59:39Z</time>
      </trkpt>
      <trkpt lat="-37.3430756" lon="-73.2056002">
        <ele>361.8</ele>
        <time>2024-01-01T10:59:45Z</time>
      </trkpt>
      <trkpt lat="-37.3426530" lon="-73.2056205">
        <ele>361.2</ele>
        <time>2024-01-01T10:59:57Z</time>
      </trkpt>
      <trkpt lat="-37.3424508" lon="-73.2055407">
        <ele>360.8</ele>
        <time>2024-01-01T11:00:03Z</time>
      </trkpt>
      <trkpt lat="-37.3423160" lon="-73.2053713">
        <ele>360.7</ele>
        <time>2024-01-01T11:00:06Z</time>
      </trkpt>
      <trkpt lat="-37.3423783" lon="-73.2049985">
        <ele>360.2</ele>
        <time>2024-01-01T11:00:15Z</time>
      </trkpt>
      <trkpt lat="-37.3425429" lon="-73.2046816">
        <ele>359.8</ele>
        <time>2024-01-01T11:00:21Z</time>
      </trkpt>
      <trkpt lat="-37.3425243" lon="-73.2043848">
        <ele>359.2</ele>
        <time>2024-01-01T11:00:33Z</time>
      </trkpt>
      <trkpt lat="-37.3424238" lon="-73.2043092">
        <ele>358.8</ele>
        <time>2024-01-01T11:00:39Z</time>
      </trkpt>
      <trkpt lat="-37.3419335" lon="-73.2046076">
        <ele>358.0</ele>
        <time>2024-01-01T11:00:54Z</time>
      </trkpt>
      <trkpt lat="-37.3418308" lon="-73.2047250">
        <ele>357.7</ele>
        <time>2024-01-01T11:01:00Z</time>
      </trkpt>
      <trkpt lat="-37.3416632" lon="-73.2052670">
        <ele>357.0</ele>
        <time>2024-01-01T11:01:12Z</time>
      </trkpt>
      <trkpt lat="-37.3412284" lon="-73.2056347">
        <ele>355.1</ele>
        <time>2024-01-01T11:01:27Z</time>
      </trkpt>
      <trkpt lat="-37.3407199" lon="-73.2056881">
        <ele>353.9</ele>
        <time>2024-01-01T11:01:36Z</time>
      </trkpt>
      <trkpt lat="-37.3403104" lon="-73.2054008">
        <ele>353.1</ele>
        <time>2024-01-01T11:01:42Z</time>
      </trkpt>
      <trkpt lat="-37.3400256" lon="-73.2050634">
        <ele>351.6</ele>
        <time>2024-01-01T11:01:54Z</time>
      </trkpt>
      <trkpt lat="-37.3395075" lon="-73.2054941">
        <ele>349.2</ele>
        <time>2024-01-01T11:02:12Z</time>
      </trkpt>
      <trkpt lat="-37.3392066" lon="-73.2055375">
        <ele>348.1</ele>
        <time>2024-01-01T11:02:21Z</time>
      </trkpt>
      <trkpt lat="-37.3389452" lon="-73.2054309">
        <ele>346.9</ele>
        <time>2024-01-01T11:02:30Z</time>
      </trkpt>
      <trkpt lat="-37.3387277" lon="-73.2056284">
        <ele>345.3</ele>
        <time>2024-01-01T11:02:42Z</time>
      </trkpt>
      <trkpt lat="-37.3382858" lon="-73.2051739">
        <ele>341.8</ele>
        <time>2024-01-01T11:03:09Z</time>
      </trkpt>
      <trkpt lat="-37.3377410" lon="-73.2057735">
        <ele>339.2</ele>
        <time>2024-01-01T11:03:27Z</time>
      </trkpt>
      <trkpt lat="-37.3373936" lon="-73.2054985">
        <ele>338.0</ele>
        <time>2024-01-01T11:03:36Z</time>
      </trkpt>
      <trkpt lat="-37.3372926" lon="-73.2053022">
        <ele>337.6</ele>
        <time>2024-01-01T11:03:39Z</time>
      </trkpt>
      <trkpt lat="-37.3373179" lon="-73.2049340">
        <ele>336.8</ele>
        <time>2024-01-01T11:03:45Z</time>
      </trkpt>
      <trkpt lat="-37.3377715" lon="-73.2039742">
        <ele>334.2</ele>
        <time>2024-01-01T11:04:03Z</time>
      </trkpt>
      <trkpt lat="-37.3376370" lon="-73.2037806">
        <ele>333.4</ele>
        <time>2024-01-01T11:04:09Z</time>
      </trkpt>
      <trkpt lat="-37.3374616" lon="-73.2037258">
        <ele>333.0</ele>
        <time>2024-01-01T11:04:12Z</time>
      </trkpt>
      <trkpt lat="-37.3366911" lon="-73.2036685">
        <ele>330.9</ele>
        <time>2024-01-01T11:04:27Z</time>
      </trkpt>
      <trkpt lat="-37.3358827" lon="-73.2038958">
        <ele>329.2</ele>
        <time>2024-01-01T11:04:39Z</time>
      </trkpt>
      <trkpt lat="-37.3355282" lon="-73.2042215">
        <ele>328.4</ele>
        <time>2024-01-01T11:04:45Z</time>
      </trkpt>
      <trkpt lat="-37.3351547" lon="-73.2048873">
        <ele>326.8</ele>
        <time>2024-01-01T11:04:54Z</time>
      </trkpt>
      <trkpt lat="-37.3349089" lon="-73.2055335">
        <ele>325.1</ele>
        <time>2024-01-01T11:05:03Z</time>
      </trkpt>
      <trkpt lat="-37.3346887" lon="-73.2057862">
        <ele>323.9</ele>
        <time>2024-01-01T11:05:09Z</time>
      </trkpt>
      <trkpt lat="-37.3343425" lon="-73.2058962">
        <ele>322.8</ele>
        <time>2024-01-01T11:05:15Z</time>
      </trkpt>
      <trkpt lat="-37.3338101" lon="-73.2058411">
        <ele>321.6</ele>
        <time>2024-01-01T11:05:21Z</time>
      </trkpt>
      <trkpt lat="-37.3329089" lon="-73.2058977">
        <ele>319.8</ele>
        <time>2024-01-01T11:05:30Z</time>
      </trkpt>
      <trkpt lat="-37.3318515" lon="-73.2061084">
        <ele>318.1</ele>
        <time>2024-01-01T11:05:39Z</time>
      </trkpt>
      <trkpt lat="-37.3312589" lon="-73.2064255">
        <ele>316.9</ele>
        <time>2024-01-01T11:05:45Z</time>
      </trkpt>
      <trkpt lat="-37.3307232" lon="-73.2068351">
        <ele>315.8</ele>
        <time>2024-01-01T11:05:51Z</time>
      </trkpt>
      <trkpt lat="-37.3302066" lon="-73.2070677">
        <ele>314.6</ele>
        <time>2024-01-01T11:05:57Z</time>
      </trkpt>
      <trkpt lat="-37.3292105" lon="-73.2072893">
        <ele>311.7</ele>
        <time>2024-01-01T11:06:12Z</time>
      </trkpt>
      <trkpt lat="-37.3284000" lon="-73.2072847">
        <ele>309.9</ele>
        <time>2024-01-01T11:06:21Z</time>
      </trkpt>
      <trkpt lat="-37.3280471" lon="-73.2074135">
        <ele>308.8</ele>
        <time>2024-01-01T11:06:27Z</time>
      </trkpt>
      <trkpt lat="-37.3273158" lon="-73.2086277">
        <ele>306.1</ele>
        <time>2024-01-01T11:06:42Z</time>
      </trkpt>
      <trkpt lat="-37.3266500" lon="-73.2089292">
        <ele>304.2</ele>
        <time>2024-01-01T11:06:54Z</time>
      </trkpt>
      <trkpt lat="-37.3265209" lon="-73.2091485">
        <ele>303.7</ele>
        <time>2024-01-01T11:06:57Z</time>
      </trkpt>
      <trkpt lat="-37.3265834" lon="-73.2098872">
        <ele>301.8</ele>
        <time>2024-01-01T11:07:09Z</time>
      </trkpt>
      <trkpt lat="-37.3265283" lon="-73.2106730">
        <ele>300.4</ele>
        <time>2024-01-01T11:07:18Z</time>
      </trkpt>
      <trkpt lat="-37.3264254" lon="-73.2108388">
        <ele>299.9</ele>
        <time>2024-01-01T11:07:21Z</time>
      </trkpt>
      <trkpt lat="-37.3261686" lon="-73.2106361">
        <ele>299.0</ele>
        <time>2024-01-01T11:07:27Z</time>
      </trkpt>
      <trkpt lat="-37.3259130" lon="-73.2100955">
        <ele>297.6</ele>
        <time>2024-01-01T11:07:36Z</time>
      </trkpt>
      <trkpt lat="-37.3257211" lon="-73.2094234">
        <ele>295.7</ele>
        <time>2024-01-01T11:07:48Z</time>
      </trkpt>
      <trkpt lat="-37.3251836" lon="-73.2088040">
        <ele>292.8</ele>
        <time>2024-01-01T11:08:06Z</time>
      </trkpt>
      <trkpt lat="-37.3250618" lon="-73.2084143">
        <ele>291.9</ele>
        <time>2024-01-01T11:08:12Z</time>
      </trkpt>
      <trkpt lat="-37.3250245" lon="-73.2080359">
        <ele>291.4</ele>
        <time>2024-01-01T11:08:15Z</time>
      </trkpt>
      <trkpt lat="-37.3252742" lon="-73.2072948">
        <ele>287.4</ele>
        <time>2024-01-01T11:08:27Z</time>
      </trkpt>
      <trkpt lat="-37.3252386" lon="-73.2066993">
        <ele>282.2</ele>
        <time>2024-01-01T11:08:33Z</time>
      </trkpt>
      <trkpt lat="-37.3253969" lon="-73.2062680">
        <ele>271.9</ele>
        <time>2024-01-01T11:08:45Z</time>
      </trkpt>
      <trkpt lat="-37.3255132" lon="-73.2061624">
        <ele>269.3</ele>
        <time>2024-01-01T11:08:48Z</time>
      </trkpt>
      <trkpt lat="-37.3254674" lon="-73.2059877">
        <ele>266.8</ele>
        <time>2024-01-01T11:08:51Z</time>
      </trkpt>
      <trkpt lat="-37.3252325" lon="-73.2059538">
        <ele>261.6</ele>
        <time>2024-01-01T11:08:57Z</time>
      </trkpt>
      <trkpt lat="-37.3251152" lon="-73.2061271">
        <ele>259.0</ele>
        <time>2024-01-01T11:09:00Z</time>
      </trkpt>
      <trkpt lat="-37.3248039" lon="-73.2073577">
        <ele>235.8</ele>
        <time>2024-01-01T11:09:27Z</time>
      </trkpt>
      <trkpt lat="-37.3244618" lon="-73.2075223">
        <ele>228.0</ele>
        <time>2024-01-01T11:09:36Z</time>
      </trkpt>
      <trkpt lat="-37.3238761" lon="-73.2081198">
        <ele>217.7</ele>
        <time>2024-01-01T11:09:48Z</time>
      </trkpt>
      <trkpt lat="-37.3234191" lon="-73.2088362">
        <ele>209.9</ele>
        <time>2024-01-01T11:09:57Z</time>
      </trkpt>
      <trkpt lat="-37.3233554" lon="-73.2091246">
        <ele>204.8</ele>
        <time>2024-01-01T11:10:03Z</time>
      </trkpt>
      <trkpt lat="-37.3231461" lon="-73.2092921">
        <ele>199.6</ele>
        <time>2024-01-01T11:10:09Z</time>
      </trkpt>
      <trkpt lat="-37.3230035" lon="-73.2090865">
        <ele>197.3</ele>
        <time>2024-01-01T11:10:15Z</time>
      </trkpt>
      <trkpt lat="-37.3230243" lon="-73.2086680">
        <ele>198.2</ele>
        <time>2024-01-01T11:10:24Z</time>
      </trkpt>
      <trkpt lat="-37.3240017" lon="-73.2074666">
        <ele>200.7</ele>
        <time>2024-01-01T11:10:48Z</time>
      </trkpt>
      <trkpt lat="-37.3241281" lon="-73.2072394">
        <ele>201.0</ele>
        <time>2024-01-01T11:10:51Z</time>
      </trkpt>
      <trkpt lat="-37.3241652" lon="-73.2067493">
        <ele>201.6</ele>
        <time>2024-01-01T11:10:57Z</time>
      </trkpt>
      <trkpt lat="-37.3239958" lon="-73.2066727">
        <ele>202.2</ele>
        <time>2024-01-01T11:11:03Z</time>
      </trkpt>
      <trkpt lat="-37.3233358" lon="-73.2077065">
        <ele>204.9</ele>
        <time>2024-01-01T11:11:30Z</time>
      </trkpt>
      <trkpt lat="-37.3230281" lon="-73.2078246">
        <ele>205.9</ele>
        <time>2024-01-01T11:11:39Z</time>
      </trkpt>
      <trkpt lat="-37.3226156" lon="-73.2078265">
        <ele>206.8</ele>
        <time>2024-01-01T11:11:48Z</time>
      </trkpt>
      <trkpt lat="-37.3223011" lon="-73.2081737">
        <ele>207.7</ele>
        <time>2024-01-01T11:11:57Z</time>
      </trkpt>
      <trkpt lat="-37.3219737" lon="-73.2079396">
        <ele>208.8</ele>
        <time>2024-01-01T11:12:03Z</time>
      </trkpt>
      <trkpt lat="-37.3216868" lon="-73.2075561">
        <ele>210.3</ele>
        <time>2024-01-01T11:12:09Z</time>
      </trkpt>
      <trkpt lat="-37.3215901" lon="-73.2075314">
        <ele>211.1</ele>
        <time>2024-01-01T11:12:12Z</time>
      </trkpt>
      <trkpt lat="-37.3213792" lon="-73.2077333">
        <ele>212.7</ele>
        <time>2024-01-01T11:12:18Z</time>
      </trkpt>
      <trkpt lat="-37.3210408" lon="-73.2074929">
        <ele>215.0</ele>
        <time>2024-01-01T11:12:27Z</time>
      </trkpt>
      <trkpt lat="-37.3205883" lon="-73.2073949">
        <ele>217.3</ele>
        <time>2024-01-01T11:12:36Z</time>
      </trkpt>
      <trkpt lat="-37.3203747" lon="-73.2072124">
        <ele>220.4</ele>
        <time>2024-01-01T11:12:48Z</time>
      </trkpt>
      <trkpt lat="-37.3201081" lon="-73.2066044">
        <ele>224.3</ele>
        <time>2024-01-01T11:13:03Z</time>
      </trkpt>
      <trkpt lat="-37.3196494" lon="-73.2060366">
        <ele>228.2</ele>
        <time>2024-01-01T11:13:18Z</time>
      </trkpt>
      <trkpt lat="-37.3193983" lon="-73.2054264">
        <ele>230.6</ele>
        <time>2024-01-01T11:13:27Z</time>
      </trkpt>
      <trkpt lat="-37.3194119" lon="-73.2048999">
        <ele>233.7</ele>
        <time>2024-01-01T11:13:39Z</time>
      </trkpt>
      <trkpt lat="-37.3195915" lon="-73.2042256">
        <ele>237.9</ele>
        <time>2024-01-01T11:13:57Z</time>
      </trkpt>
      <trkpt lat="-37.3199235" lon="-73.2038762">
        <ele>239.8</ele>
        <time>2024-01-01T11:14:06Z</time>
      </trkpt>
      <trkpt lat="-37.3198129" lon="-73.2037472">
        <ele>241.1</ele>
        <time>2024-01-01T11:14:12Z</time>
      </trkpt>
      <trkpt lat="-37.3195660" lon="-73.2038071">
        <ele>242.4</ele>
        <time>2024-01-01T11:14:18Z</time>
      </trkpt>
      <trkpt lat="-37.3193146" lon="-73.2037544">
        <ele>243.7</ele>
        <time>2024-01-01T11:14:24Z</time>
      </trkpt>
      <trkpt lat="-37.3190626" lon="-73.2033488">
        <ele>245.6</ele>
        <time>2024-01-01T11:14:33Z</time>
      </trkpt>
      <trkpt lat="-37.3190216" lon="-73.2029916">
        <ele>247.5</ele>
        <time>2024-01-01T11:14:42Z</time>
      </trkpt>
      <trkpt lat="-37.3193137" lon="-73.2022040">
        <ele>250.7</ele>
        <time>2024-01-01T11:14:57Z</time>
      </trkpt>
      <trkpt lat="-37.3193519" lon="-73.2017187">
        <ele>252.6</ele>
        <time>2024-01-01T11:15:06Z</time>
      </trkpt>
      <trkpt lat="-37.3194437" lon="-73.2017725">
        <ele>253.9</ele>
        <time>2024-01-01T11:15:12Z</time>
      </trkpt>
      <trkpt lat="-37.3195580" lon="-73.2026408">
        <ele>259.0</ele>
        <time>2024-01-01T11:15:36Z</time>
      </trkpt>
      <trkpt lat="-37.3197222" lon="-73.2028559">
        <ele>259.1</ele>
        <time>2024-01-01T11:15:45Z</time>
      </trkpt>
      <trkpt lat="-37.3199131" lon="-73.2027543">
        <ele>259.2</ele>
        <time>2024-01-01T11:15:54Z</time>
      </trkpt>
      <trkpt lat="-37.3200986" lon="-73.2022413">
        <ele>259.3</ele>
        <time>2024-01-01T11:16:06Z</time>
      </trkpt>
      <trkpt lat="-37.3203551" lon="-73.2020208">
        <ele>259.4</ele>
        <time>2024-01-01T11:16:18Z</time>
      </trkpt>
      <trkpt lat="-37.3205765" lon="-73.2020352">
        <ele>259.4</ele>
        <time>2024-01-01T11:16:24Z</time>
      </trkpt>
      <trkpt lat="-37.3210443" lon="-73.2024298">
        <ele>259.6</ele>
        <time>2024-01-01T11:16:39Z</time>
      </trkpt>
      <trkpt lat="-37.3212271" lon="-73.2024137">
        <ele>259.6</ele>
        <time>2024-01-01T11:16:45Z</time>
      </trkpt>
      <trkpt lat="-37.3214324" lon="-73.2022124">
        <ele>259.7</ele>
        <time>2024-01-01T11:16:51Z</time>
      </trkpt>
      <trkpt lat="-37.3215773" lon="-73.2019059">
        <ele>259.8</ele>
        <time>2024-01-01T11:16:57Z</time>
      </trkpt>
      <trkpt lat="-37.3213109" lon="-73.2013856">
        <ele>259.9</ele>
        <time>2024-01-01T11:17:12Z</time>
      </trkpt>
      <trkpt lat="-37.3213404" lon="-73.2012079">
        <ele>259.9</ele>
        <time>2024-01-01T11:17:18Z</time>
      </trkpt>
      <trkpt lat="-37.3215538" lon="-73.2009816">
        <ele>260.2</ele>
        <time>2024-01-01T11:17:27Z</time>
      </trkpt>
      <trkpt lat="-37.3219669" lon="-73.2009332">
        <ele>261.5</ele>
        <time>2024-01-01T11:17:42Z</time>
      </trkpt>
      <trkpt lat="-37.3221066" lon="-73.2003794">
        <ele>263.0</ele>
        <time>2024-01-01T11:18:00Z</time>
      </trkpt>
      <trkpt lat="-37.3221863" lon="-73.2003069">
        <ele>263.5</ele>
        <time>2024-01-01T11:18:06Z</time>
      </trkpt>
      <trkpt lat="-37.3222776" lon="-73.2003845">
        <ele>264.0</ele>
        <time>2024-01-01T11:18:12Z</time>
      </trkpt>
      <trkpt lat="-37.3223877" lon="-73.2009454">
        <ele>265.5</ele>
        <time>2024-01-01T11:18:30Z</time>
      </trkpt>
      <trkpt lat="-37.3221769" lon="-73.2015316">
        <ele>267.5</ele>
        <time>2024-01-01T11:18:54Z</time>
      </trkpt>
      <trkpt lat="-37.3224365" lon="-73.2022379">
        <ele>269.0</ele>
        <time>2024-01-01T11:19:12Z</time>
      </trkpt>
      <trkpt lat="-37.3228301" lon="-73.2027993">
        <ele>258.6</ele>
        <time>2024-01-01T11:19:36Z</time>
      </trkpt>
      <trkpt lat="-37.3229437" lon="-73.2027932">
        <ele>254.6</ele>
        <time>2024-01-01T11:19:45Z</time>
      </trkpt>
      <trkpt lat="-37.3229846" lon="-73.2026720">
        <ele>252.0</ele>
        <time>2024-01-01T11:19:51Z</time>
      </trkpt>
      <trkpt lat="-37.3228112" lon="-73.2023792">
        <ele>245.5</ele>
        <time>2024-01-01T11:20:06Z</time>
      </trkpt>
      <trkpt lat="-37.3228602" lon="-73.2021501">
        <ele>240.3</ele>
        <time>2024-01-01T11:20:18Z</time>
      </trkpt>
      <trkpt lat="-37.3230067" lon="-73.2020172">
        <ele>237.7</ele>
        <time>2024-01-01T11:20:24Z</time>
      </trkpt>
      <trkpt lat="-37.3232469" lon="-73.2020401">
        <ele>233.8</ele>
        <time>2024-01-01T11:20:33Z</time>
      </trkpt>
      <trkpt lat="-37.3239121" lon="-73.2023490">
        <ele>225.9</ele>
        <time>2024-01-01T11:20:51Z</time>
      </trkpt>
      <trkpt lat="-37.3240776" lon="-73.2029064">
        <ele>224.9</ele>
        <time>2024-01-01T11:21:15Z</time>
      </trkpt>
      <trkpt lat="-37.3251421" lon="-73.2031809">
        <ele>229.0</ele>
        <time>2024-01-01T11:21:36Z</time>
      </trkpt>
      <trkpt lat="-37.3255327" lon="-73.2031109">
        <ele>230.8</ele>
        <time>2024-01-01T11:21:45Z</time>
      </trkpt>
      <trkpt lat="-37.3260280" lon="-73.2033697">
        <ele>232.5</ele>
        <time>2024-01-01T11:21:54Z</time>
      </trkpt>
      <trkpt lat="-37.3261776" lon="-73.2033609">
        <ele>233.1</ele>
        <time>2024-01-01T11:21:57Z</time>
      </trkpt>
      <trkpt lat="-37.3273766" lon="-73.2025842">
        <ele>237.8</ele>
        <time>2024-01-01T11:22:21Z</time>
      </trkpt>
      <trkpt lat="-37.3276497" lon="-73.2019689">
        <ele>240.7</ele>
        <time>2024-01-01T11:22:36Z</time>
      </trkpt>
      <trkpt lat="-37.3283037" lon="-73.2018753">
        <ele>242.4</ele>
        <time>2024-01-01T11:22:54Z</time>
      </trkpt>
      <trkpt lat="-37.3286395" lon="-73.2019551">
        <ele>241.6</ele>
        <time>2024-01-01T11:23:03Z</time>
      </trkpt>
      <trkpt lat="-37.3292699" lon="-73.2016626">
        <ele>240.5</ele>
        <time>2024-01-01T11:23:15Z</time>
      </trkpt>
      <trkpt lat="-37.3297129" lon="-73.2013223">
        <ele>239.1</ele>
        <time>2024-01-01T11:23:30Z</time>
      </trkpt>
      <trkpt lat="-37.3299230" lon="-73.2012546">
        <ele>238.3</ele>
        <time>2024-01-01T11:23:39Z</time>
      </trkpt>
      <trkpt lat="-37.3300529" lon="-73.2013173">
        <ele>237.7</ele>
        <time>2024-01-01T11:23:45Z</time>
      </trkpt>
      <trkpt lat="-37.3303193" lon="-73.2012872">
        <ele>236.6</ele>
        <time>2024-01-01T11:23:57Z</time>
      </trkpt>
      <trkpt lat="-37.3309156" lon="-73.2005590">
        <ele>235.2</ele>
        <time>2024-01-01T11:24:12Z</time>
      </trkpt>
      <trkpt lat="-37.3310755" lon="-73.2000579">
        <ele>234.7</ele>
        <time>2024-01-01T11:24:18Z</time>
      </trkpt>
      <trkpt lat="-37.3312973" lon="-73.1997802">
        <ele>234.1</ele>
        <time>2024-01-01T11:24:24Z</time>
      </trkpt>
      <trkpt lat="-37.3314181" lon="-73.1991456">
        <ele>233.0</ele>
        <time>2024-01-01T11:24:36Z</time>
      </trkpt>
      <trkpt lat="-37.3317543" lon="-73.1989843">
        <ele>234.2</ele>
        <time>2024-01-01T11:24:42Z</time>
      </trkpt>
      <trkpt lat="-37.3323690" lon="-73.1989191">
        <ele>236.7</ele>
        <time>2024-01-01T11:24:54Z</time>
      </trkpt>
      <trkpt lat="-37.3326334" lon="-73.1984672">
        <ele>238.5</ele>
        <time>2024-01-01T11:25:03Z</time>
      </trkpt>
      <trkpt lat="-37.3328787" lon="-73.1982209">
        <ele>241.6</ele>
        <time>2024-01-01T11:25:18Z</time>
      </trkpt>
      <trkpt lat="-37.3331855" lon="-73.1981559">
        <ele>244.6</ele>
        <time>2024-01-01T11:25:33Z</time>
      </trkpt>
      <trkpt lat="-37.3333866" lon="-73.1980075">
        <ele>248.3</ele>
        <time>2024-01-01T11:25:51Z</time>
      </trkpt>
      <trkpt lat="-37.3339725" lon="-73.1982289">
        <ele>251.3</ele>
        <time>2024-01-01T11:26:06Z</time>
      </trkpt>
      <trkpt lat="-37.3341740" lon="-73.1982485">
        <ele>252.6</ele>
        <time>2024-01-01T11:26:12Z</time>
      </trkpt>
      <trkpt lat="-37.3344559" lon="-73.1981465">
        <ele>254.4</ele>
        <time>2024-01-01T11:26:21Z</time>
      </trkpt>
      <trkpt lat="-37.3346975" lon="-73.1977204">
        <ele>257.6</ele>
        <time>2024-01-01T11:26:39Z</time>
      </trkpt>
      <trkpt lat="-37.3348315" lon="-73.1968642">
        <ele>261.9</ele>
        <time>2024-01-01T11:27:03Z</time>
      </trkpt>
      <trkpt lat="-37.3350784" lon="-73.1965429">
        <ele>264.5</ele>
        <time>2024-01-01T11:27:18Z</time>
      </trkpt>
      <trkpt lat="-37.3351184" lon="-73.1963175">
        <ele>265.6</ele>
        <time>2024-01-01T11:27:24Z</time>
      </trkpt>
      <trkpt lat="-37.3350433" lon="-73.1958205">
        <ele>268.2</ele>
        <time>2024-01-01T11:27:39Z</time>
      </trkpt>
      <trkpt lat="-37.3352973" lon="-73.1955278">
        <ele>269.8</ele>
        <time>2024-01-01T11:27:48Z</time>
      </trkpt>
      <trkpt lat="-37.3361950" lon="-73.1948938">
        <ele>274.0</ele>
        <time>2024-01-01T11:28:12Z</time>
      </trkpt>
      <trkpt lat="-37.3363528" lon="-73.1945766">
        <ele>274.9</ele>
        <time>2024-01-01T11:28:18Z</time>
      </trkpt>
      <trkpt lat="-37.3363667" lon="-73.1942638">
        <ele>276.4</ele>
        <time>2024-01-01T11:28:27Z</time>
      </trkpt>
      <trkpt lat="-37.3362416" lon="-73.1940043">
        <ele>277.8</ele>
        <time>2024-01-01T11:28:36Z</time>
      </trkpt>
      <trkpt lat="-37.3358006" lon="-73.1938935">
        <ele>280.6</ele>
        <time>2024-01-01T11:28:54Z</time>
      </trkpt>
      <trkpt lat="-37.3352811" lon="-73.1936310">
        <ele>283.0</ele>
        <time>2024-01-01T11:29:09Z</time>
      </trkpt>
      <trkpt lat="-37.3350967" lon="-73.1933646">
        <ele>283.9</ele>
        <time>2024-01-01T11:29:15Z</time>
      </trkpt>
      <trkpt lat="-37.3350253" lon="-73.1930722">
        <ele>284.9</ele>
        <time>2024-01-01T11:29:21Z</time>
      </trkpt>
      <trkpt lat="-37.3351832" lon="-73.1915604">
        <ele>289.1</ele>
        <time>2024-01-01T11:29:48Z</time>
      </trkpt>
      <trkpt lat="-37.3354738" lon="-73.1912110">
        <ele>291.2</ele>
        <time>2024-01-01T11:30:03Z</time>
      </trkpt>
      <trkpt lat="-37.3357183" lon="-73.1911539">
        <ele>292.2</ele>
        <time>2024-01-01T11:30:15Z</time>
      </trkpt>
      <trkpt lat="-37.3357660" lon="-73.1910616">
        <ele>292.5</ele>
        <time>2024-01-01T11:30:18Z</time>
      </trkpt>
      <trkpt lat="-37.3357514" lon="-73.1905294">
        <ele>294.5</ele>
        <time>2024-01-01T11:30:42Z</time>
      </trkpt>
      <trkpt lat="-37.3360259" lon="-73.1899582">
        <ele>296.0</ele>
        <time>2024-01-01T11:31:00Z</time>
      </trkpt>
      <trkpt lat="-37.3361438" lon="-73.1895746">
        <ele>296.8</ele>
        <time>2024-01-01T11:31:09Z</time>
      </trkpt>
      <trkpt lat="-37.3361684" lon="-73.1890683">
        <ele>297.8</ele>
        <time>2024-01-01T11:31:21Z</time>
      </trkpt>
      <trkpt lat="-37.3364913" lon="-73.1882954">
        <ele>299.0</ele>
        <time>2024-01-01T11:31:36Z</time>
      </trkpt>
      <trkpt lat="-37.3366934" lon="-73.1869600">
        <ele>302.9</ele>
        <time>2024-01-01T11:32:00Z</time>
      </trkpt>
      <trkpt lat="-37.3365878" lon="-73.1863717">
        <ele>305.1</ele>
        <time>2024-01-01T11:32:09Z</time>
      </trkpt>
      <trkpt lat="-37.3361609" lon="-73.1855211">
        <ele>310.1</ele>
        <time>2024-01-01T11:32:30Z</time>
      </trkpt>
      <trkpt lat="-37.3357646" lon="-73.1851262">
        <ele>313.7</ele>
        <time>2024-01-01T11:32:45Z</time>
      </trkpt>
      <trkpt lat="-37.3357135" lon="-73.1846015">
        <ele>316.6</ele>
        <time>2024-01-01T11:32:57Z</time>
      </trkpt>
      <trkpt lat="-37.3358291" lon="-73.1843442">
        <ele>318.8</ele>
        <time>2024-01-01T11:33:06Z</time>
      </trkpt>
      <trkpt lat="-37.3358531" lon="-73.1834022">
        <ele>326.0</ele>
        <time>2024-01-01T11:33:36Z</time>
      </trkpt>
      <trkpt lat="-37.3357456" lon="-73.1834759">
        <ele>329.5</ele>
        <time>2024-01-01T11:33:45Z</time>
      </trkpt>
      <trkpt lat="-37.3356656" lon="-73.1841679">
        <ele>336.5</ele>
        <time>2024-01-01T11:34:03Z</time>
      </trkpt>
      <trkpt lat="-37.3354053" lon="-73.1845552">
        <ele>341.2</ele>
        <time>2024-01-01T11:34:15Z</time>
      </trkpt>
      <trkpt lat="-37.3352939" lon="-73.1846330">
        <ele>343.5</ele>
        <time>2024-01-01T11:34:21Z</time>
      </trkpt>
      <trkpt lat="-37.3346966" lon="-73.1847155">
        <ele>352.8</ele>
        <time>2024-01-01T11:34:45Z</time>
      </trkpt>
      <trkpt lat="-37.3345675" lon="-73.1848349">
        <ele>357.5</ele>
        <time>2024-01-01T11:34:57Z</time>
      </trkpt>
      <trkpt lat="-37.3349596" lon="-73.1852569">
        <ele>367.7</ele>
        <time>2024-01-01T11:35:30Z</time>
      </trkpt>
      <trkpt lat="-37.3349890" lon="-73.1854841">
        <ele>367.0</ele>
        <time>2024-01-01T11:35:45Z</time>
      </trkpt>
      <trkpt lat="-37.3351268" lon="-73.1856535">
        <ele>366.5</ele>
        <time>2024-01-01T11:35:57Z</time>
      </trkpt>
      <trkpt lat="-37.3354520" lon="-73.1864525">
        <ele>364.9</ele>
        <time>2024-01-01T11:36:30Z</time>
      </trkpt>
      <trkpt lat="-37.3349983" lon="-73.1871768">
        <ele>363.6</ele>
        <time>2024-01-01T11:37:00Z</time>
      </trkpt>
      <trkpt lat="-37.3350432" lon="-73.1875180">
        <ele>363.0</ele>
        <time>2024-01-01T11:37:12Z</time>
      </trkpt>
      <trkpt lat="-37.3348617" lon="-73.1880338">
        <ele>363.0</ele>
        <time>2024-01-01T11:37:27Z</time>
      </trkpt>
      <trkpt lat="-37.3344081" lon="-73.1884988">
        <ele>363.0</ele>
        <time>2024-01-01T11:37:48Z</time>
      </trkpt>
      <trkpt lat="-37.3345825" lon="-73.1888560">
        <ele>363.0</ele>
        <time>2024-01-01T11:38:06Z</time>
      </trkpt>
      <trkpt lat="-37.3345393" lon="-73.1890482">
        <ele>363.0</ele>
        <time>2024-01-01T11:38:15Z</time>
      </trkpt>
      <trkpt lat="-37.3343627" lon="-73.1891462">
        <ele>363.0</ele>
        <time>2024-01-01T11:38:21Z</time>
      </trkpt>
      <trkpt lat="-37.3341164" lon="-73.1890934">
        <ele>363.0</ele>
        <time>2024-01-01T11:38:30Z</time>
      </trkpt>
      <trkpt lat="-37.3340027" lon="-73.1889956">
        <ele>363.0</ele>
        <time>2024-01-01T11:38:36Z</time>
      </trkpt>
      <trkpt lat="-37.3338709" lon="-73.1879026">
        <ele>363.9</ele>
        <time>2024-01-01T11:39:03Z</time>
      </trkpt>
      <trkpt lat="-37.3339679" lon="-73.1875253">
        <ele>368.3</ele>
        <time>2024-01-01T11:39:18Z</time>
      </trkpt>
      <trkpt lat="-37.3341072" lon="-73.1873767">
        <ele>371.9</ele>
        <time>2024-01-01T11:39:30Z</time>
      </trkpt>
      <trkpt lat="-37.3341379" lon="-73.1866833">
        <ele>381.7</ele>
        <time>2024-01-01T11:40:03Z</time>
      </trkpt>
      <trkpt lat="-37.3339973" lon="-73.1865110">
        <ele>387.0</ele>
        <time>2024-01-01T11:40:21Z</time>
      </trkpt>
      <trkpt lat="-37.3335787" lon="-73.1864162">
        <ele>398.4</ele>
        <time>2024-01-01T11:40:54Z</time>
      </trkpt>
      <trkpt lat="-37.3334035" lon="-73.1859713">
        <ele>413.9</ele>
        <time>2024-01-01T11:41:21Z</time>
      </trkpt>
      <trkpt lat="-37.3328882" lon="-73.1858463">
        <ele>429.4</ele>
        <time>2024-01-01T11:41:48Z</time>
      </trkpt>
      <trkpt lat="-37.3323206" lon="-73.1851743">
        <ele>443.2</ele>
        <time>2024-01-01T11:42:12Z</time>
      </trkpt>
      <trkpt lat="-37.3322533" lon="-73.1848669">
        <ele>448.4</ele>
        <time>2024-01-01T11:42:21Z</time>
      </trkpt>
      <trkpt lat="-37.3326366" lon="-73.1846069">
        <ele>456.6</ele>
        <time>2024-01-01T11:42:39Z</time>
      </trkpt>
      <trkpt lat="-37.3329461" lon="-73.1840665">
        <ele>454.1</ele>
        <time>2024-01-01T11:43:00Z</time>
      </trkpt>
      <trkpt lat="-37.3329475" lon="-73.1835683">
        <ele>452.3</ele>
        <time>2024-01-01T11:43:15Z</time>
      </trkpt>
      <trkpt lat="-37.3326570" lon="-73.1833942">
        <ele>449.1</ele>
        <time>2024-01-01T11:43:42Z</time>
      </trkpt>
      <trkpt lat="-37.3323124" lon="-73.1830046">
        <ele>445.4</ele>
        <time>2024-01-01T11:44:12Z</time>
      </trkpt>
      <trkpt lat="-37.3319193" lon="-73.1828943">
        <ele>444.0</ele>
        <time>2024-01-01T11:44:24Z</time>
      </trkpt>
      <trkpt lat="-37.3317924" lon="-73.1827823">
        <ele>446.6</ele>
        <time>2024-01-01T11:44:30Z</time>
      </trkpt>
      <trkpt lat="-37.3316724" lon="-73.1825328">
        <ele>451.7</ele>
        <time>2024-01-01T11:44:42Z</time>
      </trkpt>
      <trkpt lat="-37.3316871" lon="-73.1823382">
        <ele>454.2</ele>
        <time>2024-01-01T11:44:48Z</time>
      </trkpt>
      <trkpt lat="-37.3319030" lon="-73.1819468">
        <ele>460.6</ele>
        <time>2024-01-01T11:45:03Z</time>
      </trkpt>
      <trkpt lat="-37.3315288" lon="-73.1815616">
        <ele>470.8</ele>
        <time>2024-01-01T11:45:27Z</time>
      </trkpt>
      <trkpt lat="-37.3316730" lon="-73.1812051">
        <ele>478.5</ele>
        <time>2024-01-01T11:45:45Z</time>
      </trkpt>
      <trkpt lat="-37.3316828" lon="-73.1809495">
        <ele>483.6</ele>
        <time>2024-01-01T11:45:57Z</time>
      </trkpt>
      <trkpt lat="-37.3314522" lon="-73.1803591">
        <ele>494.0</ele>
        <time>2024-01-01T11:46:30Z</time>
      </trkpt>
      <trkpt lat="-37.3317757" lon="-73.1802285">
        <ele>498.0</ele>
        <time>2024-01-01T11:46:48Z</time>
      </trkpt>
      <trkpt lat="-37.3322607" lon="-73.1798090">
        <ele>504.0</ele>
        <time>2024-01-01T11:47:15Z</time>
      </trkpt>
      <trkpt lat="-37.3323824" lon="-73.1795684">
        <ele>506.0</ele>
        <time>2024-01-01T11:47:24Z</time>
      </trkpt>
      <trkpt lat="-37.3323486" lon="-73.1792428">
        <ele>510.0</ele>
        <time>2024-01-01T11:47:42Z</time>
      </trkpt>
      <trkpt lat="-37.3325567" lon="-73.1789504">
        <ele>514.0</ele>
        <time>2024-01-01T11:48:00Z</time>
      </trkpt>
      <trkpt lat="-37.3323836" lon="-73.1785808">
        <ele>515.0</ele>
        <time>2024-01-01T11:48:15Z</time>
      </trkpt>
      <trkpt lat="-37.3319494" lon="-73.1782884">
        <ele>515.8</ele>
        <time>2024-01-01T11:48:27Z</time>
      </trkpt>
      <trkpt lat="-37.3318495" lon="-73.1781385">
        <ele>516.1</ele>
        <time>2024-01-01T11:48:33Z</time>
      </trkpt>
      <trkpt lat="-37.3318885" lon="-73.1778991">
        <ele>516.7</ele>
        <time>2024-01-01T11:48:42Z</time>
      </trkpt>
      <trkpt lat="-37.3322212" lon="-73.1774433">
        <ele>518.3</ele>
        <time>2024-01-01T11:49:06Z</time>
      </trkpt>
      <trkpt lat="-37.3319921" lon="-73.1770537">
        <ele>519.8</ele>
        <time>2024-01-01T11:49:30Z</time>
      </trkpt>
      <trkpt lat="-37.3320067" lon="-73.1768769">
        <ele>520.2</ele>
        <time>2024-01-01T11:49:36Z</time>
      </trkpt>
      <trkpt lat="-37.3322750" lon="-73.1765658">
        <ele>524.2</ele>
        <time>2024-01-01T11:49:54Z</time>
      </trkpt>
      <trkpt lat="-37.3321490" lon="-73.1763657">
        <ele>532.3</ele>
        <time>2024-01-01T11:50:09Z</time>
      </trkpt>
      <trkpt lat="-37.3317702" lon="-73.1762023">
        <ele>545.2</ele>
        <time>2024-01-01T11:50:33Z</time>
      </trkpt>
      <trkpt lat="-37.3316118" lon="-73.1756551">
        <ele>561.3</ele>
        <time>2024-01-01T11:51:03Z</time>
      </trkpt>
      <trkpt lat="-37.3309410" lon="-73.1754863">
        <ele>576.7</ele>
        <time>2024-01-01T11:51:42Z</time>
      </trkpt>
      <trkpt lat="-37.3307063" lon="-73.1751865">
        <ele>572.2</ele>
        <time>2024-01-01T11:51:54Z</time>
      </trkpt>
      <trkpt lat="-37.3300396" lon="-73.1747309">
        <ele>561.9</ele>
        <time>2024-01-01T11:52:21Z</time>
      </trkpt>
      <trkpt lat="-37.3295181" lon="-73.1752554">
        <ele>549.4</ele>
        <time>2024-01-01T11:52:54Z</time>
      </trkpt>
      <trkpt lat="-37.3293948" lon="-73.1752111">
        <ele>546.0</ele>
        <time>2024-01-01T11:53:03Z</time>
      </trkpt>
      <trkpt lat="-37.3292146" lon="-73.1749178">
        <ele>540.3</ele>
        <time>2024-01-01T11:53:18Z</time>
      </trkpt>
      <trkpt lat="-37.3289199" lon="-73.1749889">
        <ele>540.5</ele>
        <time>2024-01-01T11:53:33Z</time>
      </trkpt>
      <trkpt lat="-37.3286392" lon="-73.1751737">
        <ele>543.0</ele>
        <time>2024-01-01T11:53:42Z</time>
      </trkpt>
      <trkpt lat="-37.3281916" lon="-73.1756881">
        <ele>548.0</ele>
        <time>2024-01-01T11:54:00Z</time>
      </trkpt>
      <trkpt lat="-37.3278249" lon="-73.1758101">
        <ele>551.3</ele>
        <time>2024-01-01T11:54:12Z</time>
      </trkpt>
      <trkpt lat="-37.3275439" lon="-73.1760431">
        <ele>553.8</ele>
        <time>2024-01-01T11:54:21Z</time>
      </trkpt>
      <trkpt lat="-37.3274420" lon="-73.1762934">
        <ele>555.5</ele>
        <time>2024-01-01T11:54:27Z</time>
      </trkpt>
      <trkpt lat="-37.3275446" lon="-73.1774368">
        <ele>563.0</ele>
        <time>2024-01-01T11:54:54Z</time>
      </trkpt>
      <trkpt lat="-37.3270042" lon="-73.1778676">
        <ele>567.8</ele>
        <time>2024-01-01T11:55:15Z</time>
      </trkpt>
      <trkpt lat="-37.3265440" lon="-73.1780121">
        <ele>566.4</ele>
        <time>2024-01-01T11:55:33Z</time>
      </trkpt>
      <trkpt lat="-37.3263937" lon="-73.1781487">
        <ele>566.2</ele>
        <time>2024-01-01T11:55:36Z</time>
      </trkpt>
      <trkpt lat="-37.3262638" lon="-73.1785240">
        <ele>565.1</ele>
        <time>2024-01-01T11:55:51Z</time>
      </trkpt>
      <trkpt lat="-37.3265918" lon="-73.1787506">
        <ele>563.6</ele>
        <time>2024-01-01T11:56:12Z</time>
      </trkpt>
      <trkpt lat="-37.3266758" lon="-73.1789419">
        <ele>562.9</ele>
        <time>2024-01-01T11:56:21Z</time>
      </trkpt>
      <trkpt lat="-37.3264737" lon="-73.1791437">
        <ele>562.0</ele>
        <time>2024-01-01T11:56:33Z</time>
      </trkpt>
      <trkpt lat="-37.3260818" lon="-73.1789510">
        <ele>560.9</ele>
        <time>2024-01-01T11:56:48Z</time>
      </trkpt>
      <trkpt lat="-37.3256857" lon="-73.1788846">
        <ele>561.8</ele>
        <time>2024-01-01T11:57:12Z</time>
      </trkpt>
      <trkpt lat="-37.3241235" lon="-73.1779282">
        <ele>571.6</ele>
        <time>2024-01-01T11:58:18Z</time>
      </trkpt>
      <trkpt lat="-37.3238841" lon="-73.1779220">
        <ele>572.0</ele>
        <time>2024-01-01T11:58:21Z</time>
      </trkpt>
      <trkpt lat="-37.3233836" lon="-73.1782606">
        <ele>573.3</ele>
        <time>2024-01-01T11:58:30Z</time>
      </trkpt>
      <trkpt lat="-37.3228115" lon="-73.1784587">
        <ele>575.7</ele>
        <time>2024-01-01T11:58:51Z</time>
      </trkpt>
      <trkpt lat="-37.3224878" lon="-73.1783666">
        <ele>574.5</ele>
        <time>2024-01-01T11:59:03Z</time>
      </trkpt>
      <trkpt lat="-37.3220587" lon="-73.1780941">
        <ele>573.6</ele>
        <time>2024-01-01T11:59:12Z</time>
      </trkpt>
      <trkpt lat="-37.3215546" lon="-73.1779854">
        <ele>572.6</ele>
        <time>2024-01-01T11:59:21Z</time>
      </trkpt>
      <trkpt lat="-37.3209314" lon="-73.1776798">
        <ele>571.4</ele>
        <time>2024-01-01T11:59:33Z</time>
      </trkpt>
      <trkpt lat="-37.3204863" lon="-73.1775838">
        <ele>570.5</ele>
        <time>2024-01-01T11:59:42Z</time>
      </trkpt>
      <trkpt lat="-37.3201946" lon="-73.1776554">
        <ele>569.6</ele>
        <time>2024-01-01T11:59:51Z</time>
      </trkpt>
      <trkpt lat="-37.3197810" lon="-73.1780687">
        <ele>568.1</ele>
        <time>2024-01-01T12:00:06Z</time>
      </trkpt>
      <trkpt lat="-37.3196244" lon="-73.1780557">
        <ele>567.4</ele>
        <time>2024-01-01T12:00:12Z</time>
      </trkpt>
      <trkpt lat="-37.3193126" lon="-73.1778271">
        <ele>566.2</ele>
        <time>2024-01-01T12:00:24Z</time>
      </trkpt>
      <trkpt lat="-37.3185698" lon="-73.1780147">
        <ele>557.6</ele>
        <time>2024-01-01T12:00:51Z</time>
      </trkpt>
      <trkpt lat="-37.3182743" lon="-73.1782470">
        <ele>554.7</ele>
        <time>2024-01-01T12:00:57Z</time>
      </trkpt>
      <trkpt lat="-37.3179805" lon="-73.1786472">
        <ele>550.3</ele>
        <time>2024-01-01T12:01:06Z</time>
      </trkpt>
      <trkpt lat="-37.3174777" lon="-73.1796474">
        <ele>542.9</ele>
        <time>2024-01-01T12:01:21Z</time>
      </trkpt>
      <trkpt lat="-37.3171173" lon="-73.1800937">
        <ele>540.0</ele>
        <time>2024-01-01T12:01:27Z</time>
      </trkpt>
      <trkpt lat="-37.3164387" lon="-73.1806138">
        <ele>532.6</ele>
        <time>2024-01-01T12:01:42Z</time>
      </trkpt>
      <trkpt lat="-37.3161530" lon="-73.1806799">
        <ele>529.7</ele>
        <time>2024-01-01T12:01:48Z</time>
      </trkpt>
      <trkpt lat="-37.3159843" lon="-73.1805942">
        <ele>526.7</ele>
        <time>2024-01-01T12:01:54Z</time>
      </trkpt>
      <trkpt lat="-37.3156394" lon="-73.1807215">
        <ele>522.3</ele>
        <time>2024-01-01T12:02:03Z</time>
      </trkpt>
      <trkpt lat="-37.3153552" lon="-73.1810695">
        <ele>517.9</ele>
        <time>2024-01-01T12:02:12Z</time>
      </trkpt>
      <trkpt lat="-37.3151338" lon="-73.1816596">
        <ele>513.5</ele>
        <time>2024-01-01T12:02:21Z</time>
      </trkpt>
      <trkpt lat="-37.3145094" lon="-73.1826055">
        <ele>507.6</ele>
        <time>2024-01-01T12:02:36Z</time>
      </trkpt>
      <trkpt lat="-37.3142664" lon="-73.1843970">
        <ele>496.4</ele>
        <time>2024-01-01T12:03:06Z</time>
      </trkpt>
      <trkpt lat="-37.3141255" lon="-73.1847646">
        <ele>493.1</ele>
        <time>2024-01-01T12:03:15Z</time>
      </trkpt>
      <trkpt lat="-37.3137385" lon="-73.1853492">
        <ele>487.6</ele>
        <time>2024-01-01T12:03:30Z</time>
      </trkpt>
      <trkpt lat="-37.3133371" lon="-73.1854488">
        <ele>484.2</ele>
        <time>2024-01-01T12:03:39Z</time>
      </trkpt>
      <trkpt lat="-37.3124652" lon="-73.1851779">
        <ele>479.8</ele>
        <time>2024-01-01T12:03:51Z</time>
      </trkpt>
      <trkpt lat="-37.3116338" lon="-73.1850719">
        <ele>475.3</ele>
        <time>2024-01-01T12:04:03Z</time>
      </trkpt>
      <trkpt lat="-37.3114711" lon="-73.1851173">
        <ele>474.2</ele>
        <time>2024-01-01T12:04:06Z</time>
      </trkpt>
      <trkpt lat="-37.3113962" lon="-73.1852036">
        <ele>473.1</ele>
        <time>2024-01-01T12:04:09Z</time>
      </trkpt>
      <trkpt lat="-37.3113454" lon="-73.1856004">
        <ele>467.7</ele>
        <time>2024-01-01T12:04:18Z</time>
      </trkpt>
      <trkpt lat="-37.3111251" lon="-73.1858793">
        <ele>461.2</ele>
        <time>2024-01-01T12:04:27Z</time>
      </trkpt>
      <trkpt lat="-37.3106135" lon="-73.1860042">
        <ele>450.3</ele>
        <time>2024-01-01T12:04:42Z</time>
      </trkpt>
      <trkpt lat="-37.3100183" lon="-73.1857353">
        <ele>435.2</ele>
        <time>2024-01-01T12:05:03Z</time>
      </trkpt>
      <trkpt lat="-37.3094426" lon="-73.1862103">
        <ele>428.7</ele>
        <time>2024-01-01T12:05:12Z</time>
      </trkpt>
      <trkpt lat="-37.3089522" lon="-73.1864122">
        <ele>422.2</ele>
        <time>2024-01-01T12:05:21Z</time>
      </trkpt>
      <trkpt lat="-37.3087469" lon="-73.1866618">
        <ele>417.8</ele>
        <time>2024-01-01T12:05:27Z</time>
      </trkpt>
      <trkpt lat="-37.3085077" lon="-73.1874505">
        <ele>407.0</ele>
        <time>2024-01-01T12:05:42Z</time>
      </trkpt>
      <trkpt lat="-37.3083900" lon="-73.1875926">
        <ele>402.7</ele>
        <time>2024-01-01T12:05:48Z</time>
      </trkpt>
      <trkpt lat="-37.3081779" lon="-73.1875392">
        <ele>396.2</ele>
        <time>2024-01-01T12:05:57Z</time>
      </trkpt>
      <trkpt lat="-37.3079794" lon="-73.1870019">
        <ele>388.2</ele>
        <time>2024-01-01T12:06:09Z</time>
      </trkpt>
      <trkpt lat="-37.3073893" lon="-73.1864057">
        <ele>380.6</ele>
        <time>2024-01-01T12:06:21Z</time>
      </trkpt>
      <trkpt lat="-37.3069115" lon="-73.1856128">
        <ele>372.9</ele>
        <time>2024-01-01T12:06:33Z</time>
      </trkpt>
      <trkpt lat="-37.3066576" lon="-73.1854401">
        <ele>369.1</ele>
        <time>2024-01-01T12:06:39Z</time>
      </trkpt>
      <trkpt lat="-37.3061796" lon="-73.1853515">
        <ele>363.3</ele>
        <time>2024-01-01T12:06:48Z</time>
      </trkpt>
      <trkpt lat="-37.3058397" lon="-73.1850410">
        <ele>359.5</ele>
        <time>2024-01-01T12:06:54Z</time>
      </trkpt>
      <trkpt lat="-37.3055362" lon="-73.1841542">
        <ele>351.8</ele>
        <time>2024-01-01T12:07:06Z</time>
      </trkpt>
      <trkpt lat="-37.3054571" lon="-73.1840936">
        <ele>349.9</ele>
        <time>2024-01-01T12:07:09Z</time>
      </trkpt>
      <trkpt lat="-37.3053550" lon="-73.1840973">
        <ele>348.0</ele>
        <time>2024-01-01T12:07:12Z</time>
      </trkpt>
      <trkpt lat="-37.3052688" lon="-73.1842184">
        <ele>346.1</ele>
        <time>2024-01-01T12:07:15Z</time>
      </trkpt>
      <trkpt lat="-37.3048584" lon="-73.1851374">
        <ele>336.5</ele>
        <time>2024-01-01T12:07:30Z</time>
      </trkpt>
      <trkpt lat="-37.3048615" lon="-73.1853263">
        <ele>334.6</ele>
        <time>2024-01-01T12:07:33Z</time>
      </trkpt>
      <trkpt lat="-37.3046977" lon="-73.1856612">
        <ele>330.8</ele>
        <time>2024-01-01T12:07:39Z</time>
      </trkpt>
      <trkpt lat="-37.3045653" lon="-73.1862207">
        <ele>323.1</ele>
        <time>2024-01-01T12:07:51Z</time>
      </trkpt>
      <trkpt lat="-37.3042160" lon="-73.1862454">
        <ele>317.2</ele>
        <time>2024-01-01T12:08:00Z</time>
      </trkpt>
      <trkpt lat="-37.3033725" lon="-73.1866622">
        <ele>307.5</ele>
        <time>2024-01-01T12:08:15Z</time>
      </trkpt>
      <trkpt lat="-37.3032434" lon="-73.1866051">
        <ele>305.6</ele>
        <time>2024-01-01T12:08:18Z</time>
      </trkpt>
      <trkpt lat="-37.3031581" lon="-73.1865021">
        <ele>303.6</ele>
        <time>2024-01-01T12:08:21Z</time>
      </trkpt>
      <trkpt lat="-37.3038159" lon="-73.1857184">
        <ele>293.9</ele>
        <time>2024-01-01T12:08:36Z</time>
      </trkpt>
      <trkpt lat="-37.3036568" lon="-73.1848986">
        <ele>284.2</ele>
        <time>2024-01-01T12:08:51Z</time>
      </trkpt>
      <trkpt lat="-37.3031235" lon="-73.1846109">
        <ele>276.4</ele>
        <time>2024-01-01T12:09:03Z</time>
      </trkpt>
      <trkpt lat="-37.3026182" lon="-73.1840367">
        <ele>262.8</ele>
        <time>2024-01-01T12:09:24Z</time>
      </trkpt>
      <trkpt lat="-37.3020739" lon="-73.1840484">
        <ele>255.0</ele>
        <time>2024-01-01T12:09:36Z</time>
      </trkpt>
      <trkpt lat="-37.3012765" lon="-73.1845511">
        <ele>244.4</ele>
        <time>2024-01-01T12:09:51Z</time>
      </trkpt>
      <trkpt lat="-37.3010952" lon="-73.1845156">
        <ele>240.2</ele>
        <time>2024-01-01T12:09:57Z</time>
      </trkpt>
      <trkpt lat="-37.3009476" lon="-73.1829295">
        <ele>225.4</ele>
        <time>2024-01-01T12:10:18Z</time>
      </trkpt>
      <trkpt lat="-37.3008167" lon="-73.1825345">
        <ele>221.2</ele>
        <time>2024-01-01T12:10:24Z</time>
      </trkpt>
      <trkpt lat="-37.3007156" lon="-73.1824425">
        <ele>219.1</ele>
        <time>2024-01-01T12:10:27Z</time>
      </trkpt>
      <trkpt lat="-37.3006024" lon="-73.1824931">
        <ele>217.0</ele>
        <time>2024-01-01T12:10:30Z</time>
      </trkpt>
      <trkpt lat="-37.3004751" lon="-73.1827544">
        <ele>212.8</ele>
        <time>2024-01-01T12:10:36Z</time>
      </trkpt>
      <trkpt lat="-37.3003681" lon="-73.1839792">
        <ele>200.1</ele>
        <time>2024-01-01T12:10:54Z</time>
      </trkpt>
      <trkpt lat="-37.2998647" lon="-73.1848509">
        <ele>191.7</ele>
        <time>2024-01-01T12:11:06Z</time>
      </trkpt>
      <trkpt lat="-37.2996860" lon="-73.1854098">
        <ele>187.4</ele>
        <time>2024-01-01T12:11:12Z</time>
      </trkpt>
      <trkpt lat="-37.2998106" lon="-73.1860069">
        <ele>181.1</ele>
        <time>2024-01-01T12:11:21Z</time>
      </trkpt>
      <trkpt lat="-37.3001234" lon="-73.1860244">
        <ele>179.9</ele>
        <time>2024-01-01T12:11:27Z</time>
      </trkpt>
      <trkpt lat="-37.3005629" lon="-73.1857660">
        <ele>181.8</ele>
        <time>2024-01-01T12:11:33Z</time>
      </trkpt>
      <trkpt lat="-37.3007597" lon="-73.1857663">
        <ele>182.7</ele>
        <time>2024-01-01T12:11:36Z</time>
      </trkpt>
      <trkpt lat="-37.3009840" lon="-73.1859080">
        <ele>184.5</ele>
        <time>2024-01-01T12:11:42Z</time>
      </trkpt>
      <trkpt lat="-37.3010398" lon="-73.1865406">
        <ele>188.2</ele>
        <time>2024-01-01T12:11:54Z</time>
      </trkpt>
      <trkpt lat="-37.3008121" lon="-73.1871406">
        <ele>190.9</ele>
        <time>2024-01-01T12:12:03Z</time>
      </trkpt>
      <trkpt lat="-37.3008071" lon="-73.1875254">
        <ele>193.7</ele>
        <time>2024-01-01T12:12:12Z</time>
      </trkpt>
      <trkpt lat="-37.3013140" lon="-73.1881082">
        <ele>198.2</ele>
        <time>2024-01-01T12:12:27Z</time>
      </trkpt>
      <trkpt lat="-37.3015216" lon="-73.1882319">
        <ele>200.1</ele>
        <time>2024-01-01T12:12:33Z</time>
      </trkpt>
      <trkpt lat="-37.3015196" lon="-73.1883089">
        <ele>201.0</ele>
        <time>2024-01-01T12:12:36Z</time>
      </trkpt>
      <trkpt lat="-37.3008836" lon="-73.1886162">
        <ele>207.4</ele>
        <time>2024-01-01T12:12:57Z</time>
      </trkpt>
      <trkpt lat="-37.3006086" lon="-73.1885819">
        <ele>211.1</ele>
        <time>2024-01-01T12:13:09Z</time>
      </trkpt>
      <trkpt lat="-37.3002463" lon="-73.1890550">
        <ele>205.1</ele>
        <time>2024-01-01T12:13:27Z</time>
      </trkpt>
      <trkpt lat="-37.3000863" lon="-73.1891416">
        <ele>202.3</ele>
        <time>2024-01-01T12:13:33Z</time>
      </trkpt>
      <trkpt lat="-37.2999374" lon="-73.1891085">
        <ele>199.5</ele>
        <time>2024-01-01T12:13:39Z</time>
      </trkpt>
      <trkpt lat="-37.2997684" lon="-73.1888417">
        <ele>193.9</ele>
        <time>2024-01-01T12:13:51Z</time>
      </trkpt>
      <trkpt lat="-37.2995050" lon="-73.1887532">
        <ele>191.2</ele>
        <time>2024-01-01T12:13:57Z</time>
      </trkpt>
      <trkpt lat="-37.2986456" lon="-73.1890977">
        <ele>182.8</ele>
        <time>2024-01-01T12:14:15Z</time>
      </trkpt>
      <trkpt lat="-37.2985505" lon="-73.1892527">
        <ele>181.4</ele>
        <time>2024-01-01T12:14:18Z</time>
      </trkpt>
      <trkpt lat="-37.2985318" lon="-73.1896048">
        <ele>178.7</ele>
        <time>2024-01-01T12:14:24Z</time>
      </trkpt>
      <trkpt lat="-37.2993034" lon="-73.1906260">
        <ele>167.6</ele>
        <time>2024-01-01T12:14:48Z</time>
      </trkpt>
      <trkpt lat="-37.2993504" lon="-73.1910619">
        <ele>163.4</ele>
        <time>2024-01-01T12:14:57Z</time>
      </trkpt>
      <trkpt lat="-37.2998091" lon="-73.1916020">
        <ele>162.7</ele>
        <time>2024-01-01T12:15:09Z</time>
      </trkpt>
      <trkpt lat="-37.2998223" lon="-73.1917638">
        <ele>163.1</ele>
        <time>2024-01-01T12:15:15Z</time>
      </trkpt>
      <trkpt lat="-37.2997333" lon="-73.1918676">
        <ele>163.3</ele>
        <time>2024-01-01T12:15:18Z</time>
      </trkpt>
      <trkpt lat="-37.2989701" lon="-73.1919057">
        <ele>164.7</ele>
        <time>2024-01-01T12:15:36Z</time>
      </trkpt>
      <trkpt lat="-37.2987509" lon="-73.1920260">
        <ele>165.1</ele>
        <time>2024-01-01T12:15:42Z</time>
      </trkpt>
      <trkpt lat="-37.2983491" lon="-73.1918257">
        <ele>165.8</ele>
        <time>2024-01-01T12:15:51Z</time>
      </trkpt>
      <trkpt lat="-37.2975471" lon="-73.1919214">
        <ele>166.9</ele>
        <time>2024-01-01T12:16:06Z</time>
      </trkpt>
      <trkpt lat="-37.2973873" lon="-73.1921174">
        <ele>167.1</ele>
        <time>2024-01-01T12:16:09Z</time>
      </trkpt>
      <trkpt lat="-37.2971494" lon="-73.1927521">
        <ele>167.8</ele>
        <time>2024-01-01T12:16:18Z</time>
      </trkpt>
      <trkpt lat="-37.2972108" lon="-73.1931110">
        <ele>168.2</ele>
        <time>2024-01-01T12:16:24Z</time>
      </trkpt>
      <trkpt lat="-37.2971584" lon="-73.1931404">
        <ele>168.4</ele>
        <time>2024-01-01T12:16:27Z</time>
      </trkpt>
      <trkpt lat="-37.2969304" lon="-73.1930214">
        <ele>169.1</ele>
        <time>2024-01-01T12:16:36Z</time>
      </trkpt>
      <trkpt lat="-37.2965027" lon="-73.1931390">
        <ele>170.0</ele>
        <time>2024-01-01T12:16:48Z</time>
      </trkpt>
      <trkpt lat="-37.2956462" lon="-73.1919283">
        <ele>161.5</ele>
        <time>2024-01-01T12:17:15Z</time>
      </trkpt>
      <trkpt lat="-37.2952471" lon="-73.1917489">
        <ele>156.8</ele>
        <time>2024-01-01T12:17:30Z</time>
      </trkpt>
      <trkpt lat="-37.2945892" lon="-73.1919778">
        <ele>151.1</ele>
        <time>2024-01-01T12:17:48Z</time>
      </trkpt>
      <trkpt lat="-37.2942016" lon="-73.1922794">
        <ele>148.3</ele>
        <time>2024-01-01T12:17:57Z</time>
      </trkpt>
      <trkpt lat="-37.2931344" lon="-73.1927636">
        <ele>140.7</ele>
        <time>2024-01-01T12:18:21Z</time>
      </trkpt>
      <trkpt lat="-37.2924652" lon="-73.1932668">
        <ele>134.4</ele>
        <time>2024-01-01T12:18:39Z</time>
      </trkpt>
      <trkpt lat="-37.2913883" lon="-73.1936401">
        <ele>121.5</ele>
        <time>2024-01-01T12:19:03Z</time>
      </trkpt>
      <trkpt lat="-37.2903545" lon="-73.1941504">
        <ele>113.4</ele>
        <time>2024-01-01T12:19:18Z</time>
      </trkpt>
      <trkpt lat="-37.2902386" lon="-73.1941939">
        <ele>111.8</ele>
        <time>2024-01-01T12:19:21Z</time>
      </trkpt>
      <trkpt lat="-37.2899720" lon="-73.1939057">
        <ele>105.4</ele>
        <time>2024-01-01T12:19:33Z</time>
      </trkpt>
      <trkpt lat="-37.2892087" lon="-73.1937706">
        <ele>90.9</ele>
        <time>2024-01-01T12:20:00Z</time>
      </trkpt>
      <trkpt lat="-37.2889477" lon="-73.1938814">
        <ele>87.7</ele>
        <time>2024-01-01T12:20:06Z</time>
      </trkpt>
      <trkpt lat="-37.2887738" lon="-73.1942498">
        <ele>81.2</ele>
        <time>2024-01-01T12:20:18Z</time>
      </trkpt>
      <trkpt lat="-37.2886363" lon="-73.1943641">
        <ele>77.0</ele>
        <time>2024-01-01T12:20:27Z</time>
      </trkpt>
      <trkpt lat="-37.2884550" lon="-73.1942213">
        <ele>73.9</ele>
        <time>2024-01-01T12:20:36Z</time>
      </trkpt>
      <trkpt lat="-37.2882114" lon="-73.1937450">
        <ele>69.8</ele>
        <time>2024-01-01T12:20:48Z</time>
      </trkpt>
      <trkpt lat="-37.2875540" lon="-73.1936034">
        <ele>62.6</ele>
        <time>2024-01-01T12:21:09Z</time>
      </trkpt>
      <trkpt lat="-37.2864589" lon="-73.1928561">
        <ele>55.4</ele>
        <time>2024-01-01T12:21:30Z</time>
      </trkpt>
      <trkpt lat="-37.2861024" lon="-73.1927626">
        <ele>51.3</ele>
        <time>2024-01-01T12:21:42Z</time>
      </trkpt>
      <trkpt lat="-37.2856720" lon="-73.1928049">
        <ele>48.2</ele>
        <time>2024-01-01T12:21:51Z</time>
      </trkpt>
      <trkpt lat="-37.2853412" lon="-73.1926724">
        <ele>44.1</ele>
        <time>2024-01-01T12:22:03Z</time>
      </trkpt>
      <trkpt lat="-37.2848635" lon="-73.1927461">
        <ele>40.6</ele>
        <time>2024-01-01T12:22:15Z</time>
      </trkpt>
      <trkpt lat="-37.2837043" lon="-73.1933489">
        <ele>37.7</ele>
        <time>2024-01-01T12:22:36Z</time>
      </trkpt>
      <trkpt lat="-37.2830267" lon="-73.1941386">
        <ele>35.2</ele>
        <time>2024-01-01T12:22:54Z</time>
      </trkpt>
      <trkpt lat="-37.2825613" lon="-73.1945136">
        <ele>33.1</ele>
        <time>2024-01-01T12:23:09Z</time>
      </trkpt>
      <trkpt lat="-37.2822314" lon="-73.1949650">
        <ele>31.4</ele>
        <time>2024-01-01T12:23:21Z</time>
      </trkpt>
      <trkpt lat="-37.2819320" lon="-73.1956238">
        <ele>30.2</ele>
        <time>2024-01-01T12:23:30Z</time>
      </trkpt>
      <trkpt lat="-37.2818220" lon="-73.1961265">
        <ele>29.3</ele>
        <time>2024-01-01T12:23:36Z</time>
      </trkpt>
      <trkpt lat="-37.2817690" lon="-73.1970529">
        <ele>26.8</ele>
        <time>2024-01-01T12:23:54Z</time>
      </trkpt>
      <trkpt lat="-37.2814738" lon="-73.1972313">
        <ele>26.4</ele>
        <time>2024-01-01T12:24:03Z</time>
      </trkpt>
      <trkpt lat="-37.2810581" lon="-73.1982227">
        <ele>28.5</ele>
        <time>2024-01-01T12:24:21Z</time>
      </trkpt>
      <trkpt lat="-37.2806741" lon="-73.1985252">
        <ele>29.6</ele>
        <time>2024-01-01T12:24:30Z</time>
      </trkpt>
      <trkpt lat="-37.2792703" lon="-73.1992636">
        <ele>32.5</ele>
        <time>2024-01-01T12:24:54Z</time>
      </trkpt>
      <trkpt lat="-37.2789773" lon="-73.1996006">
        <ele>33.6</ele>
        <time>2024-01-01T12:25:03Z</time>
      </trkpt>
      <trkpt lat="-37.2788263" lon="-73.1996598">
        <ele>33.9</ele>
        <time>2024-01-01T12:25:06Z</time>
      </trkpt>
      <trkpt lat="-37.2783067" lon="-73.1996512">
        <ele>35.0</ele>
        <time>2024-01-01T12:25:15Z</time>
      </trkpt>
      <trkpt lat="-37.2779839" lon="-73.1995593">
        <ele>35.8</ele>
        <time>2024-01-01T12:25:21Z</time>
      </trkpt>
      <trkpt lat="-37.2775092" lon="-73.1993164">
        <ele>36.8</ele>
        <time>2024-01-01T12:25:30Z</time>
      </trkpt>
      <trkpt lat="-37.2772618" lon="-73.1990278">
        <ele>37.9</ele>
        <time>2024-01-01T12:25:39Z</time>
      </trkpt>
      <trkpt lat="-37.2767519" lon="-73.1988442">
        <ele>39.0</ele>
        <time>2024-01-01T12:25:48Z</time>
      </trkpt>
      <trkpt lat="-37.2758549" lon="-73.1987321">
        <ele>35.8</ele>
        <time>2024-01-01T12:26:06Z</time>
      </trkpt>
      <trkpt lat="-37.2752572" lon="-73.1983462">
        <ele>34.2</ele>
        <time>2024-01-01T12:26:15Z</time>
      </trkpt>
      <trkpt lat="-37.2748515" lon="-73.1978642">
        <ele>32.7</ele>
        <time>2024-01-01T12:26:24Z</time>
      </trkpt>
      <trkpt lat="-37.2733697" lon="-73.1979460">
        <ele>28.4</ele>
        <time>2024-01-01T12:26:48Z</time>
      </trkpt>
      <trkpt lat="-37.2724857" lon="-73.1977949">
        <ele>26.3</ele>
        <time>2024-01-01T12:27:00Z</time>
      </trkpt>
      <trkpt lat="-37.2720684" lon="-73.1979268">
        <ele>24.8</ele>
        <time>2024-01-01T12:27:09Z</time>
      </trkpt>
      <trkpt lat="-37.2713765" lon="-73.1975144">
        <ele>22.1</ele>
        <time>2024-01-01T12:27:24Z</time>
      </trkpt>
      <trkpt lat="-37.2710332" lon="-73.1974687">
        <ele>21.1</ele>
        <time>2024-01-01T12:27:30Z</time>
      </trkpt>
      <trkpt lat="-37.2705009" lon="-73.1975391">
        <ele>20.2</ele>
        <time>2024-01-01T12:27:45Z</time>
      </trkpt>
      <trkpt lat="-37.2699802" lon="-73.1974208">
        <ele>20.4</ele>
        <time>2024-01-01T12:27:57Z</time>
      </trkpt>
      <trkpt lat="-37.2696936" lon="-73.1972347">
        <ele>20.6</ele>
        <time>2024-01-01T12:28:06Z</time>
      </trkpt>
      <trkpt lat="-37.2694970" lon="-73.1975744">
        <ele>20.7</ele>
        <time>2024-01-01T12:28:12Z</time>
      </trkpt>
      <trkpt lat="-37.2687888" lon="-73.2005658">
        <ele>20.9</ele>
        <time>2024-01-01T12:28:27Z</time>
      </trkpt>
      <trkpt lat="-37.2669246" lon="-73.2096419">
        <ele>21.4</ele>
        <time>2024-01-01T12:28:51Z</time>
      </trkpt>
      <trkpt lat="-37.2666346" lon="-73.2105718">
        <ele>21.4</ele>
        <time>2024-01-01T12:28:54Z</time>
      </trkpt>
      <trkpt lat="-37.2661441" lon="-73.2134416">
        <ele>21.6</ele>
        <time>2024-01-01T12:29:03Z</time>
      </trkpt>
      <trkpt lat="-37.2650935" lon="-73.2182900">
        <ele>21.9</ele>
        <time>2024-01-01T12:29:21Z</time>
      </trkpt>
      <trkpt lat="-37.2646967" lon="-73.2192525">
        <ele>22.4</ele>
        <time>2024-01-01T12:29:27Z</time>
      </trkpt>
      <trkpt lat="-37.2642998" lon="-73.2197959">
        <ele>23.3</ele>
        <time>2024-01-01T12:29:33Z</time>
      </trkpt>
      <trkpt lat="-37.2635819" lon="-73.2204765">
        <ele>25.6</ele>
        <time>2024-01-01T12:29:48Z</time>
      </trkpt>
      <trkpt lat="-37.2635920" lon="-73.2215549">
        <ele>29.6</ele>
        <time>2024-01-01T12:30:15Z</time>
      </trkpt>
      <trkpt lat="-37.2634348" lon="-73.2220708">
        <ele>30.9</ele>
        <time>2024-01-01T12:30:24Z</time>
      </trkpt>
      <trkpt lat="-37.2513275" lon="-73.3367660">
        <ele>31.3</ele>
        <time>2024-01-01T12:30:27Z</time>
      </trkpt>
      <trkpt lat="-37.2518674" lon="-73.3370367">
        <ele>32.7</ele>
        <time>2024-01-01T12:30:36Z</time>
      </trkpt>
      <trkpt lat="-37.2522394" lon="-73.3377564">
        <ele>34.0</ele>
        <time>2024-01-01T12:30:45Z</time>
      </trkpt>
      <trkpt lat="-37.2528621" lon="-73.3384486">
        <ele>35.8</ele>
        <time>2024-01-01T12:30:57Z</time>
      </trkpt>
      <trkpt lat="-37.2531339" lon="-73.3386270">
        <ele>36.7</ele>
        <time>2024-01-01T12:31:03Z</time>
      </trkpt>
      <trkpt lat="-37.2539451" lon="-73.3386953">
        <ele>40.1</ele>
        <time>2024-01-01T12:31:18Z</time>
      </trkpt>
      <trkpt lat="-37.2541937" lon="-73.3388284">
        <ele>42.2</ele>
        <time>2024-01-01T12:31:24Z</time>
      </trkpt>
      <trkpt lat="-37.2544565" lon="-73.3391580">
        <ele>44.3</ele>
        <time>2024-01-01T12:31:30Z</time>
      </trkpt>
      <trkpt lat="-37.2543573" lon="-73.3394985">
        <ele>48.6</ele>
        <time>2024-01-01T12:31:42Z</time>
      </trkpt>
      <trkpt lat="-37.2543935" lon="-73.3396223">
        <ele>50.7</ele>
        <time>2024-01-01T12:31:48Z</time>
      </trkpt>
      <trkpt lat="-37.2548667" lon="-73.3395815">
        <ele>58.1</ele>
        <time>2024-01-01T12:32:09Z</time>
      </trkpt>
      <trkpt lat="-37.2548526" lon="-73.3399391">
        <ele>64.4</ele>
        <time>2024-01-01T12:32:27Z</time>
      </trkpt>
      <trkpt lat="-37.2550251" lon="-73.3399655">
        <ele>69.7</ele>
        <time>2024-01-01T12:32:42Z</time>
      </trkpt>
      <trkpt lat="-37.2551058" lon="-73.3401867">
        <ele>73.9</ele>
        <time>2024-01-01T12:32:54Z</time>
      </trkpt>
      <trkpt lat="-37.2553354" lon="-73.3402550">
        <ele>76.0</ele>
        <time>2024-01-01T12:33:03Z</time>
      </trkpt>
      <trkpt lat="-37.2558198" lon="-73.3401588">
        <ele>76.0</ele>
        <time>2024-01-01T12:33:21Z</time>
      </trkpt>
      <trkpt lat="-37.2560941" lon="-73.3411038">
        <ele>76.0</ele>
        <time>2024-01-01T12:33:57Z</time>
      </trkpt>
      <trkpt lat="-37.2560214" lon="-73.3410967">
        <ele>76.0</ele>
        <time>2024-01-01T12:34:06Z</time>
      </trkpt>
      <trkpt lat="-37.2557566" lon="-73.3405702">
        <ele>76.0</ele>
        <time>2024-01-01T12:34:30Z</time>
      </trkpt>
      <trkpt lat="-37.2557034" lon="-73.3406665">
        <ele>76.0</ele>
        <time>2024-01-01T12:34:36Z</time>
      </trkpt>
      <trkpt lat="-37.2560453" lon="-73.3413667">
        <ele>79.5</ele>
        <time>2024-01-01T12:35:03Z</time>
      </trkpt>
      <trkpt lat="-37.2560181" lon="-73.3414932">
        <ele>80.9</ele>
        <time>2024-01-01T12:35:09Z</time>
      </trkpt>
      <trkpt lat="-37.2558163" lon="-73.3413457">
        <ele>85.0</ele>
        <time>2024-01-01T12:35:27Z</time>
      </trkpt>
      <trkpt lat="-37.2558234" lon="-73.3415411">
        <ele>88.5</ele>
        <time>2024-01-01T12:35:42Z</time>
      </trkpt>
      <trkpt lat="-37.2556898" lon="-73.3415713">
        <ele>90.6</ele>
        <time>2024-01-01T12:35:51Z</time>
      </trkpt>
      <trkpt lat="-37.2555362" lon="-73.3419056">
        <ele>94.1</ele>
        <time>2024-01-01T12:36:06Z</time>
      </trkpt>
      <trkpt lat="-37.2553966" lon="-73.3419314">
        <ele>95.4</ele>
        <time>2024-01-01T12:36:12Z</time>
      </trkpt>
      <trkpt lat="-37.2549666" lon="-73.3416999">
        <ele>100.0</ele>
        <time>2024-01-01T12:36:39Z</time>
      </trkpt>
      <trkpt lat="-37.2546930" lon="-73.3418087">
        <ele>91.8</ele>
        <time>2024-01-01T12:37:03Z</time>
      </trkpt>
      <trkpt lat="-37.2545599" lon="-73.3415074">
        <ele>81.5</ele>
        <time>2024-01-01T12:37:33Z</time>
      </trkpt>
      <trkpt lat="-37.2543478" lon="-73.3414443">
        <ele>77.4</ele>
        <time>2024-01-01T12:37:45Z</time>
      </trkpt>
      <trkpt lat="-37.2541395" lon="-73.3412648">
        <ele>72.2</ele>
        <time>2024-01-01T12:38:00Z</time>
      </trkpt>
      <trkpt lat="-37.2540962" lon="-73.3406638">
        <ele>64.0</ele>
        <time>2024-01-01T12:38:39Z</time>
      </trkpt>
      <trkpt lat="-37.2535694" lon="-73.3402330">
        <ele>64.0</ele>
        <time>2024-01-01T12:39:21Z</time>
      </trkpt>
      <trkpt lat="-37.2534802" lon="-73.3403548">
        <ele>64.0</ele>
        <time>2024-01-01T12:39:30Z</time>
      </trkpt>
      <trkpt lat="-37.2534851" lon="-73.3409052">
        <ele>64.0</ele>
        <time>2024-01-01T12:40:24Z</time>
      </trkpt>
      <trkpt lat="-37.2535860" lon="-73.3411180">
        <ele>64.0</ele>
        <time>2024-01-01T12:40:48Z</time>
      </trkpt>
      <trkpt lat="-37.2535917" lon="-73.3409804">
        <ele>64.0</ele>
        <time>2024-01-01T12:41:00Z</time>
      </trkpt>
      <trkpt lat="-37.2537112" lon="-73.3411149">
        <ele>64.0</ele>
        <time>2024-01-01T12:41:18Z</time>
      </trkpt>
      <trkpt lat="-37.2537167" lon="-73.3409240">
        <ele>64.0</ele>
        <time>2024-01-01T12:41:30Z</time>
      </trkpt>
      <trkpt lat="-37.2538410" lon="-73.3409665">
        <ele>64.0</ele>
        <time>2024-01-01T12:41:42Z</time>
      </trkpt>
      <trkpt lat="-37.2538330" lon="-73.3412518">
        <ele>64.0</ele>
        <time>2024-01-01T12:42:00Z</time>
      </trkpt>
      <trkpt lat="-37.2535649" lon="-73.3413460">
        <ele>63.3</ele>
        <time>2024-01-01T12:42:12Z</time>
      </trkpt>
      <trkpt lat="-37.2532392" lon="-73.3413370">
        <ele>63.0</ele>
        <time>2024-01-01T12:42:18Z</time>
      </trkpt>
      <trkpt lat="-37.2527072" lon="-73.3411482">
        <ele>62.3</ele>
        <time>2024-01-01T12:42:30Z</time>
      </trkpt>
      <trkpt lat="-37.2523097" lon="-73.3405690">
        <ele>61.5</ele>
        <time>2024-01-01T12:42:45Z</time>
      </trkpt>
      <trkpt lat="-37.2520615" lon="-73.3404431">
        <ele>61.2</ele>
        <time>2024-01-01T12:42:51Z</time>
      </trkpt>
      <trkpt lat="-37.2515831" lon="-73.3403552">
        <ele>60.5</ele>
        <time>2024-01-01T12:43:03Z</time>
      </trkpt>
      <trkpt lat="-37.2510795" lon="-73.3395248">
        <ele>59.0</ele>
        <time>2024-01-01T12:43:30Z</time>
      </trkpt>
      <trkpt lat="-37.2508681" lon="-73.3394055">
        <ele>58.3</ele>
        <time>2024-01-01T12:43:42Z</time>
      </trkpt>
      <trkpt lat="-37.2508667" lon="-73.3392962">
        <ele>58.0</ele>
        <time>2024-01-01T12:43:48Z</time>
      </trkpt>
      <trkpt lat="-37.2510563" lon="-73.3391350">
        <ele>58.0</ele>
        <time>2024-01-01T12:43:57Z</time>
      </trkpt>
      <trkpt lat="-37.2512274" lon="-73.3391962">
        <ele>58.0</ele>
        <time>2024-01-01T12:44:06Z</time>
      </trkpt>
      <trkpt lat="-37.2512683" lon="-73.3393618">
        <ele>58.0</ele>
        <time>2024-01-01T12:44:15Z</time>
      </trkpt>
      <trkpt lat="-37.2512096" lon="-73.3393951">
        <ele>58.0</ele>
        <time>2024-01-01T12:44:21Z</time>
      </trkpt>
      <trkpt lat="-37.2510769" lon="-73.3392647">
        <ele>58.0</ele>
        <time>2024-01-01T12:44:33Z</time>
      </trkpt>
      <trkpt lat="-37.2510358" lon="-73.3394026">
        <ele>58.0</ele>
        <time>2024-01-01T12:44:48Z</time>
      </trkpt>
      <trkpt lat="-37.2511972" lon="-73.3395279">
        <ele>58.0</ele>
        <time>2024-01-01T12:45:06Z</time>
      </trkpt>
      <trkpt lat="-37.2513610" lon="-73.3394059">
        <ele>58.0</ele>
        <time>2024-01-01T12:45:24Z</time>
      </trkpt>
      <trkpt lat="-37.2513215" lon="-73.3391896">
        <ele>58.0</ele>
        <time>2024-01-01T12:45:33Z</time>
      </trkpt>
      <trkpt lat="-37.2509143" lon="-73.3388166">
        <ele>58.0</ele>
        <time>2024-01-01T12:45:51Z</time>
      </trkpt>
      <trkpt lat="-37.2507420" lon="-73.3385412">
        <ele>58.0</ele>
        <time>2024-01-01T12:46:00Z</time>
      </trkpt>
      <trkpt lat="-37.2507924" lon="-73.3384245">
        <ele>58.0</ele>
        <time>2024-01-01T12:46:09Z</time>
      </trkpt>
      <trkpt lat="-37.2510645" lon="-73.3384741">
        <ele>58.0</ele>
        <time>2024-01-01T12:46:24Z</time>
      </trkpt>
      <trkpt lat="-37.2510854" lon="-73.3383665">
        <ele>58.0</ele>
        <time>2024-01-01T12:46:33Z</time>
      </trkpt>
      <trkpt lat="-37.2503625" lon="-73.3380403">
        <ele>58.0</ele>
        <time>2024-01-01T12:47:03Z</time>
      </trkpt>
      <trkpt lat="-37.2502654" lon="-73.3381608">
        <ele>58.0</ele>
        <time>2024-01-01T12:47:09Z</time>
      </trkpt>
      <trkpt lat="-37.2502597" lon="-73.3386956">
        <ele>58.0</ele>
        <time>2024-01-01T12:47:30Z</time>
      </trkpt>
      <trkpt lat="-37.2503480" lon="-73.3386414">
        <ele>58.0</ele>
        <time>2024-01-01T12:47:36Z</time>
      </trkpt>
      <trkpt lat="-37.2504100" lon="-73.3383536">
        <ele>58.0</ele>
        <time>2024-01-01T12:47:51Z</time>
      </trkpt>
      <trkpt lat="-37.2507074" lon="-73.3383297">
        <ele>58.0</ele>
        <time>2024-01-01T12:48:15Z</time>
      </trkpt>
      <trkpt lat="-37.2507303" lon="-73.3388852">
        <ele>58.0</ele>
        <time>2024-01-01T12:48:54Z</time>
      </trkpt>
      <trkpt lat="-37.2506508" lon="-73.3394798">
        <ele>58.0</ele>
        <time>2024-01-01T12:49:12Z</time>
      </trkpt>
      <trkpt lat="-37.2514931" lon="-73.3407312">
        <ele>65.8</ele>
        <time>2024-01-01T12:49:39Z</time>
      </trkpt>
      <trkpt lat="-37.2526824" lon="-73.3418106">
        <ele>76.1</ele>
        <time>2024-01-01T12:50:15Z</time>
      </trkpt>
      <trkpt lat="-37.2530383" lon="-73.3420390">
        <ele>80.4</ele>
        <time>2024-01-01T12:50:30Z</time>
      </trkpt>
      <trkpt lat="-37.2533222" lon="-73.3421295">
        <ele>84.7</ele>
        <time>2024-01-01T12:50:45Z</time>
      </trkpt>
      <trkpt lat="-37.2536087" lon="-73.3420379">
        <ele>87.3</ele>
        <time>2024-01-01T12:50:54Z</time>
      </trkpt>
      <trkpt lat="-37.2539417" lon="-73.3422022">
        <ele>91.1</ele>
        <time>2024-01-01T12:51:12Z</time>
      </trkpt>
      <trkpt lat="-37.2543176" lon="-73.3422411">
        <ele>92.7</ele>
        <time>2024-01-01T12:51:21Z</time>
      </trkpt>
      <trkpt lat="-37.2553350" lon="-73.3419681">
        <ele>99.0</ele>
        <time>2024-01-01T12:51:57Z</time>
      </trkpt>
      <trkpt lat="-37.2557304" lon="-73.3421174">
        <ele>102.2</ele>
        <time>2024-01-01T12:52:15Z</time>
      </trkpt>
      <trkpt lat="-37.2562810" lon="-73.3417897">
        <ele>107.5</ele>
        <time>2024-01-01T12:52:45Z</time>
      </trkpt>
      <trkpt lat="-37.2565974" lon="-73.3411296">
        <ele>105.8</ele>
        <time>2024-01-01T12:53:12Z</time>
      </trkpt>
      <trkpt lat="-37.2571823" lon="-73.3405693">
        <ele>102.7</ele>
        <time>2024-01-01T12:53:45Z</time>
      </trkpt>
      <trkpt lat="-37.2572544" lon="-73.3400799">
        <ele>101.6</ele>
        <time>2024-01-01T12:53:57Z</time>
      </trkpt>
      <trkpt lat="-37.2567894" lon="-73.3387134">
        <ele>99.1</ele>
        <time>2024-01-01T12:54:24Z</time>
      </trkpt>
      <trkpt lat="-37.2562957" lon="-73.3379819">
        <ele>98.0</ele>
        <time>2024-01-01T12:54:36Z</time>
      </trkpt>
      <trkpt lat="-37.2556280" lon="-73.3373940">
        <ele>96.2</ele>
        <time>2024-01-01T12:54:42Z</time>
      </trkpt>
      <trkpt lat="-37.2546281" lon="-73.3368383">
        <ele>87.3</ele>
        <time>2024-01-01T12:55:12Z</time>
      </trkpt>
      <trkpt lat="-37.2544302" lon="-73.3369232">
        <ele>84.7</ele>
        <time>2024-01-01T12:55:21Z</time>
      </trkpt>
      <trkpt lat="-37.2539983" lon="-73.3368010">
        <ele>78.4</ele>
        <time>2024-01-01T12:55:42Z</time>
      </trkpt>
      <trkpt lat="-37.2537975" lon="-73.3363330">
        <ele>71.3</ele>
        <time>2024-01-01T12:56:06Z</time>
      </trkpt>
      <trkpt lat="-37.2531689" lon="-73.3357078">
        <ele>66.0</ele>
        <time>2024-01-01T12:56:33Z</time>
      </trkpt>
      <trkpt lat="-37.2530452" lon="-73.3353416">
        <ele>66.0</ele>
        <time>2024-01-01T12:56:51Z</time>
      </trkpt>
      <trkpt lat="-37.2530810" lon="-73.3359073">
        <ele>66.0</ele>
        <time>2024-01-01T12:57:36Z</time>
      </trkpt>
      <trkpt lat="-37.2529295" lon="-73.3356252">
        <ele>66.0</ele>
        <time>2024-01-01T12:58:03Z</time>
      </trkpt>
      <trkpt lat="-37.2520259" lon="-73.3360882">
        <ele>51.2</ele>
        <time>2024-01-01T12:58:51Z</time>
      </trkpt>
      <trkpt lat="-37.2517878" lon="-73.3361225">
        <ele>47.8</ele>
        <time>2024-01-01T12:59:00Z</time>
      </trkpt>
      <trkpt lat="-37.2511406" lon="-73.3357885">
        <ele>25.0</ele>
        <time>2024-01-01T13:00:15Z</time>
      </trkpt>
      <trkpt lat="-37.2509202" lon="-73.3358755">
        <ele>25.0</ele>
        <time>2024-01-01T13:00:45Z</time>
      </trkpt>
      <trkpt lat="-37.2508033" lon="-73.3357375">
        <ele>25.0</ele>
        <time>2024-01-01T13:01:06Z</time>
      </trkpt>
      <trkpt lat="-37.2505327" lon="-73.3357248">
        <ele>25.0</ele>
        <time>2024-01-01T13:01:30Z</time>
      </trkpt>
      <trkpt lat="-37.2504941" lon="-73.3358105">
        <ele>25.0</ele>
        <time>2024-01-01T13:01:39Z</time>
      </trkpt>
      <trkpt lat="-37.2506196" lon="-73.3360228">
        <ele>25.0</ele>
        <time>2024-01-01T13:01:51Z</time>
      </trkpt>
      <trkpt lat="-37.2513177" lon="-73.3367631">
        <ele>25.0</ele>
        <time>2024-01-01T13:02:18Z</time>
      </trkpt>
    </trkseg>
  </trk>
</gpx>