<?xml version='1.0' encoding='UTF-8'?>
<gpx xmlns="http://www.topografix.com/GPX/1/1" xmlns:xsi="http://www.w3.org/2001/XMLSchema-instance" version="1.1" creator="Bosque Abierto MTB - Guardianes del Bosque" xsi:schemaLocation="http://www.topografix.com/GPX/1/1 http://www.topografix.com/GPX/1/1/gpx.xsd">
  <metadata>
    <name>Ciclismo Zona 7 Cauquenes Xcm Azul</name>
    <desc>Ruta MTB Bosque Abierto - ARAUCO Renovables</desc>
    <author>
      <name>Guardianes del Bosque MTB</name>
    </author>
    <time>2024-01-01T10:00:00Z</time>
  </metadata>
  <trk>
    <name>Ciclismo Zona 7 Cauquenes Xcm Azul</name>
    <type>cycling</type>
    <trkseg>
      <trkpt lat="-35.9700520" lon="-72.3257400">
        <ele>165.2</ele>
        <time>2024-01-01T10:00:00Z</time>
      </trkpt>
      <trkpt lat="-35.9687440" lon="-72.3256590">
        <ele>173.0</ele>
        <time>2024-01-01T10:01:15Z</time>
      </trkpt>
      <trkpt lat="-35.9686480" lon="-72.3256850">
        <ele>173.0</ele>
        <time>2024-01-01T10:01:21Z</time>
      </trkpt>
      <trkpt lat="-35.9685740" lon="-72.3259200">
        <ele>173.0</ele>
        <time>2024-01-01T10:01:33Z</time>
      </trkpt>
      <trkpt lat="-35.9681930" lon="-72.3367520">
        <ele>165.6</ele>
        <time>2024-01-01T10:07:27Z</time>
      </trkpt>
      <trkpt lat="-35.9679550" lon="-72.3387400">
        <ele>164.8</ele>
        <time>2024-01-01T10:08:30Z</time>
      </trkpt>
      <trkpt lat="-35.9679650" lon="-72.3396800">
        <ele>164.8</ele>
        <time>2024-01-01T10:08:57Z</time>
      </trkpt>
      <trkpt lat="-35.9677140" lon="-72.3431840">
        <ele>154.4</ele>
        <time>2024-01-01T10:10:24Z</time>
      </trkpt>
      <trkpt lat="-35.9677500" lon="-72.3440190">
        <ele>153.0</ele>
        <time>2024-01-01T10:10:48Z</time>
      </trkpt>
      <trkpt lat="-35.9680950" lon="-72.3466890">
        <ele>153.4</ele>
        <time>2024-01-01T10:12:03Z</time>
      </trkpt>
      <trkpt lat="-35.9680280" lon="-72.3485950">
        <ele>153.2</ele>
        <time>2024-01-01T10:12:57Z</time>
      </trkpt>
      <trkpt lat="-35.9679050" lon="-72.3497130">
        <ele>156.0</ele>
        <time>2024-01-01T10:13:39Z</time>
      </trkpt>
      <trkpt lat="-35.9665780" lon="-72.3549070">
        <ele>165.0</ele>
        <time>2024-01-01T10:16:33Z</time>
      </trkpt>
      <trkpt lat="-35.9672920" lon="-72.3560910">
        <ele>166.6</ele>
        <time>2024-01-01T10:17:21Z</time>
      </trkpt>
      <trkpt lat="-35.9678320" lon="-72.3574730">
        <ele>167.4</ele>
        <time>2024-01-01T10:18:09Z</time>
      </trkpt>
      <trkpt lat="-35.9694040" lon="-72.3607770">
        <ele>164.6</ele>
        <time>2024-01-01T10:19:57Z</time>
      </trkpt>
      <trkpt lat="-35.9695590" lon="-72.3615050">
        <ele>167.6</ele>
        <time>2024-01-01T10:20:24Z</time>
      </trkpt>
      <trkpt lat="-35.9700690" lon="-72.3629750">
        <ele>171.4</ele>
        <time>2024-01-01T10:21:18Z</time>
      </trkpt>
      <trkpt lat="-35.9701810" lon="-72.3640800">
        <ele>174.6</ele>
        <time>2024-01-01T10:21:54Z</time>
      </trkpt>
      <trkpt lat="-35.9704130" lon="-72.3650740">
        <ele>176.6</ele>
        <time>2024-01-01T10:22:27Z</time>
      </trkpt>
      <trkpt lat="-35.9711310" lon="-72.3661820">
        <ele>179.0</ele>
        <time>2024-01-01T10:23:15Z</time>
      </trkpt>
      <trkpt lat="-35.9714510" lon="-72.3674080">
        <ele>182.4</ele>
        <time>2024-01-01T10:24:00Z</time>
      </trkpt>
      <trkpt lat="-35.9718760" lon="-72.3684860">
        <ele>186.2</ele>
        <time>2024-01-01T10:24:48Z</time>
      </trkpt>
      <trkpt lat="-35.9725450" lon="-72.3697180">
        <ele>193.2</ele>
        <time>2024-01-01T10:25:57Z</time>
      </trkpt>
      <trkpt lat="-35.9728140" lon="-72.3710020">
        <ele>205.0</ele>
        <time>2024-01-01T10:27:09Z</time>
      </trkpt>
      <trkpt lat="-35.9732520" lon="-72.3719180">
        <ele>210.6</ele>
        <time>2024-01-01T10:27:51Z</time>
      </trkpt>
      <trkpt lat="-35.9732750" lon="-72.3724240">
        <ele>211.6</ele>
        <time>2024-01-01T10:28:09Z</time>
      </trkpt>
      <trkpt lat="-35.9725560" lon="-72.3753910">
        <ele>214.8</ele>
        <time>2024-01-01T10:29:57Z</time>
      </trkpt>
      <trkpt lat="-35.9728280" lon="-72.3766050">
        <ele>223.0</ele>
        <time>2024-01-01T10:31:03Z</time>
      </trkpt>
      <trkpt lat="-35.9730340" lon="-72.3781500">
        <ele>235.0</ele>
        <time>2024-01-01T10:32:33Z</time>
      </trkpt>
      <trkpt lat="-35.9731560" lon="-72.3783790">
        <ele>237.0</ele>
        <time>2024-01-01T10:32:51Z</time>
      </trkpt>
      <trkpt lat="-35.9734520" lon="-72.3786470">
        <ele>241.6</ele>
        <time>2024-01-01T10:33:21Z</time>
      </trkpt>
      <trkpt lat="-35.9739860" lon="-72.3786900">
        <ele>246.4</ele>
        <time>2024-01-01T10:34:06Z</time>
      </trkpt>
      <trkpt lat="-35.9742770" lon="-72.3789220">
        <ele>249.0</ele>
        <time>2024-01-01T10:34:30Z</time>
      </trkpt>
      <trkpt lat="-35.9749590" lon="-72.3798160">
        <ele>251.8</ele>
        <time>2024-01-01T10:35:15Z</time>
      </trkpt>
      <trkpt lat="-35.9756600" lon="-72.3805510">
        <ele>250.4</ele>
        <time>2024-01-01T10:35:48Z</time>
      </trkpt>
      <trkpt lat="-35.9758940" lon="-72.3809740">
        <ele>249.4</ele>
        <time>2024-01-01T10:36:03Z</time>
      </trkpt>
      <trkpt lat="-35.9759510" lon="-72.3815790">
        <ele>248.0</ele>
        <time>2024-01-01T10:36:21Z</time>
      </trkpt>
      <trkpt lat="-35.9755780" lon="-72.3817750">
        <ele>246.6</ele>
        <time>2024-01-01T10:36:36Z</time>
      </trkpt>
      <trkpt lat="-35.9754490" lon="-72.3819600">
        <ele>246.0</ele>
        <time>2024-01-01T10:36:42Z</time>
      </trkpt>
      <trkpt lat="-35.9752350" lon="-72.3830020">
        <ele>241.4</ele>
        <time>2024-01-01T10:37:09Z</time>
      </trkpt>
      <trkpt lat="-35.9752820" lon="-72.3834270">
        <ele>239.6</ele>
        <time>2024-01-01T10:37:21Z</time>
      </trkpt>
      <trkpt lat="-35.9756530" lon="-72.3841920">
        <ele>238.0</ele>
        <time>2024-01-01T10:37:45Z</time>
      </trkpt>
      <trkpt lat="-35.9757740" lon="-72.3846850">
        <ele>237.6</ele>
        <time>2024-01-01T10:37:57Z</time>
      </trkpt>
      <trkpt lat="-35.9757330" lon="-72.3850680">
        <ele>237.2</ele>
        <time>2024-01-01T10:38:06Z</time>
      </trkpt>
      <trkpt lat="-35.9754640" lon="-72.3856680">
        <ele>235.2</ele>
        <time>2024-01-01T10:38:21Z</time>
      </trkpt>
      <trkpt lat="-35.9755310" lon="-72.3861030">
        <ele>233.2</ele>
        <time>2024-01-01T10:38:33Z</time>
      </trkpt>
      <trkpt lat="-35.9758140" lon="-72.3866210">
        <ele>232.6</ele>
        <time>2024-01-01T10:38:54Z</time>
      </trkpt>
      <trkpt lat="-35.9763530" lon="-72.3869500">
        <ele>235.4</ele>
        <time>2024-01-01T10:39:33Z</time>
      </trkpt>
      <trkpt lat="-35.9765890" lon="-72.3872570">
        <ele>238.4</ele>
        <time>2024-01-01T10:39:57Z</time>
      </trkpt>
      <trkpt lat="-35.9768850" lon="-72.3882870">
        <ele>243.6</ele>
        <time>2024-01-01T10:40:45Z</time>
      </trkpt>
      <trkpt lat="-35.9776100" lon="-72.3894590">
        <ele>247.0</ele>
        <time>2024-01-01T10:41:48Z</time>
      </trkpt>
      <trkpt lat="-35.9780320" lon="-72.3908340">
        <ele>259.2</ele>
        <time>2024-01-01T10:43:12Z</time>
      </trkpt>
      <trkpt lat="-35.9789560" lon="-72.3916960">
        <ele>263.2</ele>
        <time>2024-01-01T10:44:21Z</time>
      </trkpt>
      <trkpt lat="-35.9793840" lon="-72.3923020">
        <ele>268.8</ele>
        <time>2024-01-01T10:45:03Z</time>
      </trkpt>
      <trkpt lat="-35.9794970" lon="-72.3929650">
        <ele>272.6</ele>
        <time>2024-01-01T10:45:33Z</time>
      </trkpt>
      <trkpt lat="-35.9801500" lon="-72.3945430">
        <ele>282.4</ele>
        <time>2024-01-01T10:47:06Z</time>
      </trkpt>
      <trkpt lat="-35.9808830" lon="-72.3958680">
        <ele>290.8</ele>
        <time>2024-01-01T10:48:27Z</time>
      </trkpt>
      <trkpt lat="-35.9809560" lon="-72.3961880">
        <ele>291.0</ele>
        <time>2024-01-01T10:48:36Z</time>
      </trkpt>
      <trkpt lat="-35.9807510" lon="-72.3967850">
        <ele>290.8</ele>
        <time>2024-01-01T10:48:51Z</time>
      </trkpt>
      <trkpt lat="-35.9805840" lon="-72.3969460">
        <ele>290.4</ele>
        <time>2024-01-01T10:48:57Z</time>
      </trkpt>
      <trkpt lat="-35.9800150" lon="-72.3972340">
        <ele>286.0</ele>
        <time>2024-01-01T10:49:12Z</time>
      </trkpt>
      <trkpt lat="-35.9797950" lon="-72.3975670">
        <ele>282.6</ele>
        <time>2024-01-01T10:49:21Z</time>
      </trkpt>
      <trkpt lat="-35.9796950" lon="-72.3979520">
        <ele>280.4</ele>
        <time>2024-01-01T10:49:30Z</time>
      </trkpt>
      <trkpt lat="-35.9796780" lon="-72.3987290">
        <ele>277.0</ele>
        <time>2024-01-01T10:49:48Z</time>
      </trkpt>
      <trkpt lat="-35.9801690" lon="-72.3997860">
        <ele>274.8</ele>
        <time>2024-01-01T10:50:18Z</time>
      </trkpt>
      <trkpt lat="-35.9802100" lon="-72.4001370">
        <ele>274.2</ele>
        <time>2024-01-01T10:50:27Z</time>
      </trkpt>
      <trkpt lat="-35.9801470" lon="-72.4003600">
        <ele>273.4</ele>
        <time>2024-01-01T10:50:33Z</time>
      </trkpt>
      <trkpt lat="-35.9789410" lon="-72.4020080">
        <ele>267.4</ele>
        <time>2024-01-01T10:51:24Z</time>
      </trkpt>
      <trkpt lat="-35.9784120" lon="-72.4023610">
        <ele>264.2</ele>
        <time>2024-01-01T10:51:39Z</time>
      </trkpt>
      <trkpt lat="-35.9778010" lon="-72.4025080">
        <ele>260.0</ele>
        <time>2024-01-01T10:51:57Z</time>
      </trkpt>
      <trkpt lat="-35.9773730" lon="-72.4030480">
        <ele>257.6</ele>
        <time>2024-01-01T10:52:15Z</time>
      </trkpt>
      <trkpt lat="-35.9774030" lon="-72.4038050">
        <ele>253.8</ele>
        <time>2024-01-01T10:52:33Z</time>
      </trkpt>
      <trkpt lat="-35.9786200" lon="-72.4073020">
        <ele>238.4</ele>
        <time>2024-01-01T10:54:03Z</time>
      </trkpt>
      <trkpt lat="-35.9786230" lon="-72.4078970">
        <ele>237.8</ele>
        <time>2024-01-01T10:54:18Z</time>
      </trkpt>
      <trkpt lat="-35.9775200" lon="-72.4110710">
        <ele>237.8</ele>
        <time>2024-01-01T10:56:00Z</time>
      </trkpt>
      <trkpt lat="-35.9757700" lon="-72.4146400">
        <ele>231.4</ele>
        <time>2024-01-01T10:57:48Z</time>
      </trkpt>
      <trkpt lat="-35.9754370" lon="-72.4181340">
        <ele>225.2</ele>
        <time>2024-01-01T10:59:30Z</time>
      </trkpt>
      <trkpt lat="-35.9731570" lon="-72.4209250">
        <ele>220.0</ele>
        <time>2024-01-01T11:01:12Z</time>
      </trkpt>
      <trkpt lat="-35.9731450" lon="-72.4211860">
        <ele>219.8</ele>
        <time>2024-01-01T11:01:21Z</time>
      </trkpt>
      <trkpt lat="-35.9733410" lon="-72.4216520">
        <ele>220.4</ele>
        <time>2024-01-01T11:01:42Z</time>
      </trkpt>
      <trkpt lat="-35.9728360" lon="-72.4251780">
        <ele>225.4</ele>
        <time>2024-01-01T11:03:57Z</time>
      </trkpt>
      <trkpt lat="-35.9727390" lon="-72.4253740">
        <ele>225.0</ele>
        <time>2024-01-01T11:04:03Z</time>
      </trkpt>
      <trkpt lat="-35.9725970" lon="-72.4254380">
        <ele>224.6</ele>
        <time>2024-01-01T11:04:09Z</time>
      </trkpt>
      <trkpt lat="-35.9708730" lon="-72.4255040">
        <ele>219.4</ele>
        <time>2024-01-01T11:04:57Z</time>
      </trkpt>
      <trkpt lat="-35.9700620" lon="-72.4253960">
        <ele>218.4</ele>
        <time>2024-01-01T11:05:24Z</time>
      </trkpt>
      <trkpt lat="-35.9698840" lon="-72.4254730">
        <ele>218.0</ele>
        <time>2024-01-01T11:05:33Z</time>
      </trkpt>
      <trkpt lat="-35.9692250" lon="-72.4273170">
        <ele>216.8</ele>
        <time>2024-01-01T11:06:27Z</time>
      </trkpt>
      <trkpt lat="-35.9688330" lon="-72.4281750">
        <ele>217.0</ele>
        <time>2024-01-01T11:06:54Z</time>
      </trkpt>
      <trkpt lat="-35.9685800" lon="-72.4291440">
        <ele>216.8</ele>
        <time>2024-01-01T11:07:24Z</time>
      </trkpt>
      <trkpt lat="-35.9685490" lon="-72.4295900">
        <ele>216.8</ele>
        <time>2024-01-01T11:07:39Z</time>
      </trkpt>
      <trkpt lat="-35.9688600" lon="-72.4309950">
        <ele>219.4</ele>
        <time>2024-01-01T11:08:27Z</time>
      </trkpt>
      <trkpt lat="-35.9692920" lon="-72.4322780">
        <ele>225.8</ele>
        <time>2024-01-01T11:09:15Z</time>
      </trkpt>
      <trkpt lat="-35.9702000" lon="-72.4344130">
        <ele>224.2</ele>
        <time>2024-01-01T11:10:27Z</time>
      </trkpt>
      <trkpt lat="-35.9703940" lon="-72.4346780">
        <ele>223.8</ele>
        <time>2024-01-01T11:10:39Z</time>
      </trkpt>
      <trkpt lat="-35.9726010" lon="-72.4351670">
        <ele>225.8</ele>
        <time>2024-01-01T11:12:24Z</time>
      </trkpt>
      <trkpt lat="-35.9731700" lon="-72.4353680">
        <ele>229.8</ele>
        <time>2024-01-01T11:13:00Z</time>
      </trkpt>
      <trkpt lat="-35.9741470" lon="-72.4353190">
        <ele>234.8</ele>
        <time>2024-01-01T11:13:54Z</time>
      </trkpt>
      <trkpt lat="-35.9746290" lon="-72.4353950">
        <ele>235.4</ele>
        <time>2024-01-01T11:14:12Z</time>
      </trkpt>
      <trkpt lat="-35.9749170" lon="-72.4357000">
        <ele>234.8</ele>
        <time>2024-01-01T11:14:24Z</time>
      </trkpt>
      <trkpt lat="-35.9762510" lon="-72.4376470">
        <ele>233.6</ele>
        <time>2024-01-01T11:15:36Z</time>
      </trkpt>
      <trkpt lat="-35.9774770" lon="-72.4397340">
        <ele>241.2</ele>
        <time>2024-01-01T11:17:06Z</time>
      </trkpt>
      <trkpt lat="-35.9776830" lon="-72.4398920">
        <ele>241.0</ele>
        <time>2024-01-01T11:17:15Z</time>
      </trkpt>
      <trkpt lat="-35.9780710" lon="-72.4400110">
        <ele>240.6</ele>
        <time>2024-01-01T11:17:30Z</time>
      </trkpt>
      <trkpt lat="-35.9795090" lon="-72.4401410">
        <ele>236.4</ele>
        <time>2024-01-01T11:18:24Z</time>
      </trkpt>
      <trkpt lat="-35.9798050" lon="-72.4404570">
        <ele>236.0</ele>
        <time>2024-01-01T11:18:39Z</time>
      </trkpt>
      <trkpt lat="-35.9798720" lon="-72.4409500">
        <ele>236.0</ele>
        <time>2024-01-01T11:18:54Z</time>
      </trkpt>
      <trkpt lat="-35.9791230" lon="-72.4439590">
        <ele>234.4</ele>
        <time>2024-01-01T11:20:18Z</time>
      </trkpt>
      <trkpt lat="-35.9786080" lon="-72.4451440">
        <ele>233.8</ele>
        <time>2024-01-01T11:20:51Z</time>
      </trkpt>
      <trkpt lat="-35.9783180" lon="-72.4462110">
        <ele>233.6</ele>
        <time>2024-01-01T11:21:21Z</time>
      </trkpt>
      <trkpt lat="-35.9772630" lon="-72.4477880">
        <ele>234.2</ele>
        <time>2024-01-01T11:22:21Z</time>
      </trkpt>
      <trkpt lat="-35.9769770" lon="-72.4491130">
        <ele>242.8</ele>
        <time>2024-01-01T11:23:21Z</time>
      </trkpt>
      <trkpt lat="-35.9771530" lon="-72.4496500">
        <ele>245.4</ele>
        <time>2024-01-01T11:23:42Z</time>
      </trkpt>
      <trkpt lat="-35.9773510" lon="-72.4499650">
        <ele>245.6</ele>
        <time>2024-01-01T11:23:54Z</time>
      </trkpt>
      <trkpt lat="-35.9784400" lon="-72.4507270">
        <ele>246.0</ele>
        <time>2024-01-01T11:24:45Z</time>
      </trkpt>
      <trkpt lat="-35.9791830" lon="-72.4515500">
        <ele>246.8</ele>
        <time>2024-01-01T11:25:27Z</time>
      </trkpt>
      <trkpt lat="-35.9793370" lon="-72.4519480">
        <ele>247.4</ele>
        <time>2024-01-01T11:25:42Z</time>
      </trkpt>
      <trkpt lat="-35.9796860" lon="-72.4524590">
        <ele>248.2</ele>
        <time>2024-01-01T11:26:06Z</time>
      </trkpt>
      <trkpt lat="-35.9797290" lon="-72.4531440">
        <ele>249.8</ele>
        <time>2024-01-01T11:26:30Z</time>
      </trkpt>
      <trkpt lat="-35.9798630" lon="-72.4535900">
        <ele>251.8</ele>
        <time>2024-01-01T11:26:54Z</time>
      </trkpt>
      <trkpt lat="-35.9800030" lon="-72.4536960">
        <ele>253.2</ele>
        <time>2024-01-01T11:27:06Z</time>
      </trkpt>
      <trkpt lat="-35.9810670" lon="-72.4537980">
        <ele>260.8</ele>
        <time>2024-01-01T11:28:18Z</time>
      </trkpt>
      <trkpt lat="-35.9814530" lon="-72.4541750">
        <ele>266.2</ele>
        <time>2024-01-01T11:28:54Z</time>
      </trkpt>
      <trkpt lat="-35.9815210" lon="-72.4544690">
        <ele>268.8</ele>
        <time>2024-01-01T11:29:12Z</time>
      </trkpt>
      <trkpt lat="-35.9813760" lon="-72.4548610">
        <ele>271.8</ele>
        <time>2024-01-01T11:29:36Z</time>
      </trkpt>
      <trkpt lat="-35.9811730" lon="-72.4550560">
        <ele>274.2</ele>
        <time>2024-01-01T11:29:54Z</time>
      </trkpt>
      <trkpt lat="-35.9807020" lon="-72.4552370">
        <ele>280.4</ele>
        <time>2024-01-01T11:30:30Z</time>
      </trkpt>
      <trkpt lat="-35.9804760" lon="-72.4556070">
        <ele>283.0</ele>
        <time>2024-01-01T11:30:54Z</time>
      </trkpt>
      <trkpt lat="-35.9804040" lon="-72.4558980">
        <ele>285.2</ele>
        <time>2024-01-01T11:31:12Z</time>
      </trkpt>
      <trkpt lat="-35.9805180" lon="-72.4562590">
        <ele>288.2</ele>
        <time>2024-01-01T11:31:36Z</time>
      </trkpt>
      <trkpt lat="-35.9810410" lon="-72.4570180">
        <ele>298.6</ele>
        <time>2024-01-01T11:32:48Z</time>
      </trkpt>
      <trkpt lat="-35.9811470" lon="-72.4578210">
        <ele>307.2</ele>
        <time>2024-01-01T11:33:57Z</time>
      </trkpt>
      <trkpt lat="-35.9815400" lon="-72.4581740">
        <ele>313.2</ele>
        <time>2024-01-01T11:34:51Z</time>
      </trkpt>
      <trkpt lat="-35.9815910" lon="-72.4584350">
        <ele>317.4</ele>
        <time>2024-01-01T11:35:21Z</time>
      </trkpt>
      <trkpt lat="-35.9814650" lon="-72.4586190">
        <ele>321.6</ele>
        <time>2024-01-01T11:36:00Z</time>
      </trkpt>
      <trkpt lat="-35.9811320" lon="-72.4584760">
        <ele>327.8</ele>
        <time>2024-01-01T11:36:54Z</time>
      </trkpt>
      <trkpt lat="-35.9808730" lon="-72.4585940">
        <ele>332.6</ele>
        <time>2024-01-01T11:37:36Z</time>
      </trkpt>
      <trkpt lat="-35.9803620" lon="-72.4594130">
        <ele>345.6</ele>
        <time>2024-01-01T11:39:24Z</time>
      </trkpt>
      <trkpt lat="-35.9806670" lon="-72.4600090">
        <ele>353.8</ele>
        <time>2024-01-01T11:40:36Z</time>
      </trkpt>
      <trkpt lat="-35.9802780" lon="-72.4609190">
        <ele>367.6</ele>
        <time>2024-01-01T11:42:24Z</time>
      </trkpt>
      <trkpt lat="-35.9803400" lon="-72.4617120">
        <ele>376.8</ele>
        <time>2024-01-01T11:43:33Z</time>
      </trkpt>
      <trkpt lat="-35.9801330" lon="-72.4622580">
        <ele>387.6</ele>
        <time>2024-01-01T11:45:00Z</time>
      </trkpt>
      <trkpt lat="-35.9801740" lon="-72.4634570">
        <ele>406.8</ele>
        <time>2024-01-01T11:47:42Z</time>
      </trkpt>
      <trkpt lat="-35.9795190" lon="-72.4641150">
        <ele>423.4</ele>
        <time>2024-01-01T11:50:18Z</time>
      </trkpt>
      <trkpt lat="-35.9788240" lon="-72.4658050">
        <ele>453.8</ele>
        <time>2024-01-01T11:55:24Z</time>
      </trkpt>
      <trkpt lat="-35.9786360" lon="-72.4659600">
        <ele>458.4</ele>
        <time>2024-01-01T11:56:09Z</time>
      </trkpt>
      <trkpt lat="-35.9778600" lon="-72.4662570">
        <ele>476.0</ele>
        <time>2024-01-01T11:58:39Z</time>
      </trkpt>
      <trkpt lat="-35.9775530" lon="-72.4664870">
        <ele>483.4</ele>
        <time>2024-01-01T11:59:42Z</time>
      </trkpt>
      <trkpt lat="-35.9772110" lon="-72.4672550">
        <ele>494.2</ele>
        <time>2024-01-01T12:01:12Z</time>
      </trkpt>
      <trkpt lat="-35.9769810" lon="-72.4682040">
        <ele>503.8</ele>
        <time>2024-01-01T12:02:39Z</time>
      </trkpt>
      <trkpt lat="-35.9763580" lon="-72.4690790">
        <ele>513.0</ele>
        <time>2024-01-01T12:03:54Z</time>
      </trkpt>
      <trkpt lat="-35.9760470" lon="-72.4697180">
        <ele>516.0</ele>
        <time>2024-01-01T12:04:30Z</time>
      </trkpt>
      <trkpt lat="-35.9755370" lon="-72.4694190">
        <ele>517.8</ele>
        <time>2024-01-01T12:05:00Z</time>
      </trkpt>
      <trkpt lat="-35.9746200" lon="-72.4686390">
        <ele>517.0</ele>
        <time>2024-01-01T12:05:45Z</time>
      </trkpt>
      <trkpt lat="-35.9744440" lon="-72.4678030">
        <ele>517.8</ele>
        <time>2024-01-01T12:06:15Z</time>
      </trkpt>
      <trkpt lat="-35.9744970" lon="-72.4670210">
        <ele>518.2</ele>
        <time>2024-01-01T12:06:39Z</time>
      </trkpt>
      <trkpt lat="-35.9739720" lon="-72.4656490">
        <ele>519.4</ele>
        <time>2024-01-01T12:07:27Z</time>
      </trkpt>
      <trkpt lat="-35.9738330" lon="-72.4646510">
        <ele>516.0</ele>
        <time>2024-01-01T12:07:51Z</time>
      </trkpt>
      <trkpt lat="-35.9732920" lon="-72.4642810">
        <ele>512.8</ele>
        <time>2024-01-01T12:08:12Z</time>
      </trkpt>
      <trkpt lat="-35.9730860" lon="-72.4640420">
        <ele>509.2</ele>
        <time>2024-01-01T12:08:21Z</time>
      </trkpt>
      <trkpt lat="-35.9727900" lon="-72.4633770">
        <ele>502.4</ele>
        <time>2024-01-01T12:08:39Z</time>
      </trkpt>
      <trkpt lat="-35.9720990" lon="-72.4627270">
        <ele>490.0</ele>
        <time>2024-01-01T12:09:12Z</time>
      </trkpt>
      <trkpt lat="-35.9719950" lon="-72.4627140">
        <ele>487.2</ele>
        <time>2024-01-01T12:09:18Z</time>
      </trkpt>
      <trkpt lat="-35.9710600" lon="-72.4631700">
        <ele>470.0</ele>
        <time>2024-01-01T12:09:51Z</time>
      </trkpt>
      <trkpt lat="-35.9705400" lon="-72.4631320">
        <ele>462.4</ele>
        <time>2024-01-01T12:10:06Z</time>
      </trkpt>
      <trkpt lat="-35.9702880" lon="-72.4632300">
        <ele>458.6</ele>
        <time>2024-01-01T12:10:15Z</time>
      </trkpt>
      <trkpt lat="-35.9697560" lon="-72.4639620">
        <ele>451.0</ele>
        <time>2024-01-01T12:10:48Z</time>
      </trkpt>
      <trkpt lat="-35.9687380" lon="-72.4646450">
        <ele>454.6</ele>
        <time>2024-01-01T12:11:48Z</time>
      </trkpt>
      <trkpt lat="-35.9678240" lon="-72.4659440">
        <ele>455.6</ele>
        <time>2024-01-01T12:12:36Z</time>
      </trkpt>
      <trkpt lat="-35.9675950" lon="-72.4659840">
        <ele>455.0</ele>
        <time>2024-01-01T12:12:45Z</time>
      </trkpt>
      <trkpt lat="-35.9668280" lon="-72.4656730">
        <ele>452.0</ele>
        <time>2024-01-01T12:13:09Z</time>
      </trkpt>
      <trkpt lat="-35.9663520" lon="-72.4653820">
        <ele>443.4</ele>
        <time>2024-01-01T12:13:27Z</time>
      </trkpt>
      <trkpt lat="-35.9652310" lon="-72.4653760">
        <ele>431.8</ele>
        <time>2024-01-01T12:14:00Z</time>
      </trkpt>
      <trkpt lat="-35.9646580" lon="-72.4655110">
        <ele>425.8</ele>
        <time>2024-01-01T12:14:18Z</time>
      </trkpt>
      <trkpt lat="-35.9644430" lon="-72.4656500">
        <ele>424.4</ele>
        <time>2024-01-01T12:14:27Z</time>
      </trkpt>
      <trkpt lat="-35.9639740" lon="-72.4663130">
        <ele>422.2</ele>
        <time>2024-01-01T12:15:03Z</time>
      </trkpt>
      <trkpt lat="-35.9637380" lon="-72.4673240">
        <ele>424.8</ele>
        <time>2024-01-01T12:15:36Z</time>
      </trkpt>
      <trkpt lat="-35.9632070" lon="-72.4681120">
        <ele>424.8</ele>
        <time>2024-01-01T12:16:12Z</time>
      </trkpt>
      <trkpt lat="-35.9627480" lon="-72.4691780">
        <ele>428.8</ele>
        <time>2024-01-01T12:17:09Z</time>
      </trkpt>
      <trkpt lat="-35.9625680" lon="-72.4692800">
        <ele>429.6</ele>
        <time>2024-01-01T12:17:27Z</time>
      </trkpt>
      <trkpt lat="-35.9615710" lon="-72.4693510">
        <ele>438.4</ele>
        <time>2024-01-01T12:18:45Z</time>
      </trkpt>
      <trkpt lat="-35.9609380" lon="-72.4698070">
        <ele>448.0</ele>
        <time>2024-01-01T12:19:57Z</time>
      </trkpt>
      <trkpt lat="-35.9602450" lon="-72.4693760">
        <ele>454.6</ele>
        <time>2024-01-01T12:20:57Z</time>
      </trkpt>
      <trkpt lat="-35.9595560" lon="-72.4701250">
        <ele>455.6</ele>
        <time>2024-01-01T12:21:48Z</time>
      </trkpt>
      <trkpt lat="-35.9592970" lon="-72.4708350">
        <ele>458.4</ele>
        <time>2024-01-01T12:22:24Z</time>
      </trkpt>
      <trkpt lat="-35.9591140" lon="-72.4710530">
        <ele>459.6</ele>
        <time>2024-01-01T12:22:42Z</time>
      </trkpt>
      <trkpt lat="-35.9588710" lon="-72.4709920">
        <ele>461.2</ele>
        <time>2024-01-01T12:23:00Z</time>
      </trkpt>
      <trkpt lat="-35.9584550" lon="-72.4697360">
        <ele>464.8</ele>
        <time>2024-01-01T12:24:03Z</time>
      </trkpt>
      <trkpt lat="-35.9579680" lon="-72.4691330">
        <ele>467.4</ele>
        <time>2024-01-01T12:24:42Z</time>
      </trkpt>
      <trkpt lat="-35.9575760" lon="-72.4688990">
        <ele>469.4</ele>
        <time>2024-01-01T12:25:06Z</time>
      </trkpt>
      <trkpt lat="-35.9568220" lon="-72.4688630">
        <ele>474.4</ele>
        <time>2024-01-01T12:25:57Z</time>
      </trkpt>
      <trkpt lat="-35.9564270" lon="-72.4687160">
        <ele>476.4</ele>
        <time>2024-01-01T12:26:21Z</time>
      </trkpt>
      <trkpt lat="-35.9566370" lon="-72.4690630">
        <ele>478.2</ele>
        <time>2024-01-01T12:26:51Z</time>
      </trkpt>
      <trkpt lat="-35.9571420" lon="-72.4694120">
        <ele>479.8</ele>
        <time>2024-01-01T12:27:27Z</time>
      </trkpt>
      <trkpt lat="-35.9574650" lon="-72.4700770">
        <ele>482.4</ele>
        <time>2024-01-01T12:28:09Z</time>
      </trkpt>
      <trkpt lat="-35.9575410" lon="-72.4704690">
        <ele>484.4</ele>
        <time>2024-01-01T12:28:36Z</time>
      </trkpt>
      <trkpt lat="-35.9572950" lon="-72.4712700">
        <ele>487.6</ele>
        <time>2024-01-01T12:29:18Z</time>
      </trkpt>
      <trkpt lat="-35.9570440" lon="-72.4716920">
        <ele>489.6</ele>
        <time>2024-01-01T12:29:45Z</time>
      </trkpt>
      <trkpt lat="-35.9568880" lon="-72.4717780">
        <ele>490.6</ele>
        <time>2024-01-01T12:30:00Z</time>
      </trkpt>
      <trkpt lat="-35.9560650" lon="-72.4715900">
        <ele>495.4</ele>
        <time>2024-01-01T12:31:03Z</time>
      </trkpt>
      <trkpt lat="-35.9553120" lon="-72.4717640">
        <ele>501.6</ele>
        <time>2024-01-01T12:32:09Z</time>
      </trkpt>
      <trkpt lat="-35.9545690" lon="-72.4716150">
        <ele>506.8</ele>
        <time>2024-01-01T12:33:09Z</time>
      </trkpt>
      <trkpt lat="-35.9543420" lon="-72.4721910">
        <ele>510.8</ele>
        <time>2024-01-01T12:33:51Z</time>
      </trkpt>
      <trkpt lat="-35.9543470" lon="-72.4724630">
        <ele>512.0</ele>
        <time>2024-01-01T12:34:03Z</time>
      </trkpt>
      <trkpt lat="-35.9547320" lon="-72.4730100">
        <ele>515.6</ele>
        <time>2024-01-01T12:34:45Z</time>
      </trkpt>
      <trkpt lat="-35.9550010" lon="-72.4736270">
        <ele>517.0</ele>
        <time>2024-01-01T12:35:09Z</time>
      </trkpt>
      <trkpt lat="-35.9551030" lon="-72.4741740">
        <ele>520.0</ele>
        <time>2024-01-01T12:35:39Z</time>
      </trkpt>
      <trkpt lat="-35.9553550" lon="-72.4745630">
        <ele>521.6</ele>
        <time>2024-01-01T12:36:06Z</time>
      </trkpt>
      <trkpt lat="-35.9551670" lon="-72.4748130">
        <ele>524.0</ele>
        <time>2024-01-01T12:36:27Z</time>
      </trkpt>
      <trkpt lat="-35.9545880" lon="-72.4748600">
        <ele>526.8</ele>
        <time>2024-01-01T12:37:03Z</time>
      </trkpt>
      <trkpt lat="-35.9541450" lon="-72.4752010">
        <ele>530.0</ele>
        <time>2024-01-01T12:37:39Z</time>
      </trkpt>
      <trkpt lat="-35.9534620" lon="-72.4751190">
        <ele>535.0</ele>
        <time>2024-01-01T12:38:30Z</time>
      </trkpt>
      <trkpt lat="-35.9535240" lon="-72.4758160">
        <ele>541.0</ele>
        <time>2024-01-01T12:39:24Z</time>
      </trkpt>
      <trkpt lat="-35.9534530" lon="-72.4761230">
        <ele>543.0</ele>
        <time>2024-01-01T12:39:45Z</time>
      </trkpt>
      <trkpt lat="-35.9533330" lon="-72.4764490">
        <ele>544.6</ele>
        <time>2024-01-01T12:40:03Z</time>
      </trkpt>
      <trkpt lat="-35.9529920" lon="-72.4768630">
        <ele>547.4</ele>
        <time>2024-01-01T12:40:33Z</time>
      </trkpt>
      <trkpt lat="-35.9529780" lon="-72.4769840">
        <ele>547.8</ele>
        <time>2024-01-01T12:40:39Z</time>
      </trkpt>
      <trkpt lat="-35.9531200" lon="-72.4772780">
        <ele>549.6</ele>
        <time>2024-01-01T12:40:57Z</time>
      </trkpt>
      <trkpt lat="-35.9535870" lon="-72.4775990">
        <ele>552.0</ele>
        <time>2024-01-01T12:41:24Z</time>
      </trkpt>
      <trkpt lat="-35.9538090" lon="-72.4778970">
        <ele>552.4</ele>
        <time>2024-01-01T12:41:42Z</time>
      </trkpt>
      <trkpt lat="-35.9546960" lon="-72.4795090">
        <ele>552.0</ele>
        <time>2024-01-01T12:42:42Z</time>
      </trkpt>
      <trkpt lat="-35.9553010" lon="-72.4804060">
        <ele>547.2</ele>
        <time>2024-01-01T12:43:09Z</time>
      </trkpt>
      <trkpt lat="-35.9557790" lon="-72.4808960">
        <ele>541.4</ele>
        <time>2024-01-01T12:43:27Z</time>
      </trkpt>
      <trkpt lat="-35.9567480" lon="-72.4814030">
        <ele>534.2</ele>
        <time>2024-01-01T12:44:03Z</time>
      </trkpt>
      <trkpt lat="-35.9568020" lon="-72.4815160">
        <ele>532.4</ele>
        <time>2024-01-01T12:44:09Z</time>
      </trkpt>
      <trkpt lat="-35.9567480" lon="-72.4819240">
        <ele>526.8</ele>
        <time>2024-01-01T12:44:27Z</time>
      </trkpt>
      <trkpt lat="-35.9572300" lon="-72.4821280">
        <ele>519.0</ele>
        <time>2024-01-01T12:44:48Z</time>
      </trkpt>
      <trkpt lat="-35.9576530" lon="-72.4827010">
        <ele>512.4</ele>
        <time>2024-01-01T12:45:09Z</time>
      </trkpt>
      <trkpt lat="-35.9576410" lon="-72.4829640">
        <ele>508.0</ele>
        <time>2024-01-01T12:45:18Z</time>
      </trkpt>
      <trkpt lat="-35.9573950" lon="-72.4831760">
        <ele>503.0</ele>
        <time>2024-01-01T12:45:30Z</time>
      </trkpt>
      <trkpt lat="-35.9571190" lon="-72.4830850">
        <ele>498.0</ele>
        <time>2024-01-01T12:45:42Z</time>
      </trkpt>
      <trkpt lat="-35.9569240" lon="-72.4838970">
        <ele>488.0</ele>
        <time>2024-01-01T12:46:15Z</time>
      </trkpt>
      <trkpt lat="-35.9567600" lon="-72.4840710">
        <ele>485.0</ele>
        <time>2024-01-01T12:46:27Z</time>
      </trkpt>
      <trkpt lat="-35.9566370" lon="-72.4840450">
        <ele>482.6</ele>
        <time>2024-01-01T12:46:33Z</time>
      </trkpt>
      <trkpt lat="-35.9562700" lon="-72.4837930">
        <ele>478.2</ele>
        <time>2024-01-01T12:46:48Z</time>
      </trkpt>
      <trkpt lat="-35.9557980" lon="-72.4832070">
        <ele>473.6</ele>
        <time>2024-01-01T12:47:06Z</time>
      </trkpt>
      <trkpt lat="-35.9555310" lon="-72.4830080">
        <ele>471.4</ele>
        <time>2024-01-01T12:47:15Z</time>
      </trkpt>
      <trkpt lat="-35.9552430" lon="-72.4825500">
        <ele>469.0</ele>
        <time>2024-01-01T12:47:30Z</time>
      </trkpt>
      <trkpt lat="-35.9551400" lon="-72.4825910">
        <ele>467.4</ele>
        <time>2024-01-01T12:47:36Z</time>
      </trkpt>
      <trkpt lat="-35.9548430" lon="-72.4831270">
        <ele>464.2</ele>
        <time>2024-01-01T12:47:54Z</time>
      </trkpt>
      <trkpt lat="-35.9545870" lon="-72.4831450">
        <ele>462.4</ele>
        <time>2024-01-01T12:48:03Z</time>
      </trkpt>
      <trkpt lat="-35.9540960" lon="-72.4826300">
        <ele>458.4</ele>
        <time>2024-01-01T12:48:24Z</time>
      </trkpt>
      <trkpt lat="-35.9538230" lon="-72.4817930">
        <ele>453.4</ele>
        <time>2024-01-01T12:48:51Z</time>
      </trkpt>
      <trkpt lat="-35.9531970" lon="-72.4818040">
        <ele>450.8</ele>
        <time>2024-01-01T12:49:15Z</time>
      </trkpt>
      <trkpt lat="-35.9525170" lon="-72.4813070">
        <ele>445.0</ele>
        <time>2024-01-01T12:49:42Z</time>
      </trkpt>
      <trkpt lat="-35.9523030" lon="-72.4810140">
        <ele>442.6</ele>
        <time>2024-01-01T12:49:54Z</time>
      </trkpt>
      <trkpt lat="-35.9520830" lon="-72.4809890">
        <ele>439.8</ele>
        <time>2024-01-01T12:50:03Z</time>
      </trkpt>
      <trkpt lat="-35.9519350" lon="-72.4811620">
        <ele>438.8</ele>
        <time>2024-01-01T12:50:12Z</time>
      </trkpt>
      <trkpt lat="-35.9516640" lon="-72.4820670">
        <ele>433.8</ele>
        <time>2024-01-01T12:50:39Z</time>
      </trkpt>
      <trkpt lat="-35.9515130" lon="-72.4821180">
        <ele>433.4</ele>
        <time>2024-01-01T12:50:45Z</time>
      </trkpt>
      <trkpt lat="-35.9511880" lon="-72.4819450">
        <ele>432.2</ele>
        <time>2024-01-01T12:51:00Z</time>
      </trkpt>
      <trkpt lat="-35.9510600" lon="-72.4820000">
        <ele>431.8</ele>
        <time>2024-01-01T12:51:06Z</time>
      </trkpt>
      <trkpt lat="-35.9510170" lon="-72.4821150">
        <ele>431.2</ele>
        <time>2024-01-01T12:51:12Z</time>
      </trkpt>
      <trkpt lat="-35.9511460" lon="-72.4828270">
        <ele>430.0</ele>
        <time>2024-01-01T12:51:33Z</time>
      </trkpt>
      <trkpt lat="-35.9509670" lon="-72.4830670">
        <ele>429.2</ele>
        <time>2024-01-01T12:51:42Z</time>
      </trkpt>
      <trkpt lat="-35.9508160" lon="-72.4830180">
        <ele>428.4</ele>
        <time>2024-01-01T12:51:51Z</time>
      </trkpt>
      <trkpt lat="-35.9507700" lon="-72.4829090">
        <ele>428.0</ele>
        <time>2024-01-01T12:51:57Z</time>
      </trkpt>
      <trkpt lat="-35.9506090" lon="-72.4820080">
        <ele>429.8</ele>
        <time>2024-01-01T12:52:51Z</time>
      </trkpt>
      <trkpt lat="-35.9504820" lon="-72.4818560">
        <ele>430.6</ele>
        <time>2024-01-01T12:53:03Z</time>
      </trkpt>
      <trkpt lat="-35.9503550" lon="-72.4819100">
        <ele>431.8</ele>
        <time>2024-01-01T12:53:18Z</time>
      </trkpt>
      <trkpt lat="-35.9502400" lon="-72.4824410">
        <ele>433.6</ele>
        <time>2024-01-01T12:53:39Z</time>
      </trkpt>
      <trkpt lat="-35.9496540" lon="-72.4835830">
        <ele>432.4</ele>
        <time>2024-01-01T12:54:15Z</time>
      </trkpt>
      <trkpt lat="-35.9494680" lon="-72.4841270">
        <ele>430.4</ele>
        <time>2024-01-01T12:54:30Z</time>
      </trkpt>
      <trkpt lat="-35.9494740" lon="-72.4849570">
        <ele>427.6</ele>
        <time>2024-01-01T12:54:48Z</time>
      </trkpt>
      <trkpt lat="-35.9493500" lon="-72.4851090">
        <ele>426.4</ele>
        <time>2024-01-01T12:54:54Z</time>
      </trkpt>
      <trkpt lat="-35.9489520" lon="-72.4851680">
        <ele>422.2</ele>
        <time>2024-01-01T12:55:09Z</time>
      </trkpt>
      <trkpt lat="-35.9488900" lon="-72.4854240">
        <ele>420.0</ele>
        <time>2024-01-01T12:55:18Z</time>
      </trkpt>
      <trkpt lat="-35.9491460" lon="-72.4862090">
        <ele>414.2</ele>
        <time>2024-01-01T12:55:36Z</time>
      </trkpt>
      <trkpt lat="-35.9490350" lon="-72.4873370">
        <ele>408.4</ele>
        <time>2024-01-01T12:56:03Z</time>
      </trkpt>
      <trkpt lat="-35.9487360" lon="-72.4874440">
        <ele>404.4</ele>
        <time>2024-01-01T12:56:15Z</time>
      </trkpt>
      <trkpt lat="-35.9483840" lon="-72.4872030">
        <ele>399.2</ele>
        <time>2024-01-01T12:56:30Z</time>
      </trkpt>
      <trkpt lat="-35.9482070" lon="-72.4872480">
        <ele>397.0</ele>
        <time>2024-01-01T12:56:36Z</time>
      </trkpt>
      <trkpt lat="-35.9479450" lon="-72.4880280">
        <ele>391.2</ele>
        <time>2024-01-01T12:56:57Z</time>
      </trkpt>
      <trkpt lat="-35.9478260" lon="-72.4881790">
        <ele>389.2</ele>
        <time>2024-01-01T12:57:03Z</time>
      </trkpt>
      <trkpt lat="-35.9473940" lon="-72.4880380">
        <ele>383.8</ele>
        <time>2024-01-01T12:57:21Z</time>
      </trkpt>
      <trkpt lat="-35.9468540" lon="-72.4881240">
        <ele>378.8</ele>
        <time>2024-01-01T12:57:36Z</time>
      </trkpt>
      <trkpt lat="-35.9467050" lon="-72.4880530">
        <ele>377.8</ele>
        <time>2024-01-01T12:57:42Z</time>
      </trkpt>
      <trkpt lat="-35.9466370" lon="-72.4878890">
        <ele>375.2</ele>
        <time>2024-01-01T12:57:48Z</time>
      </trkpt>
      <trkpt lat="-35.9464260" lon="-72.4869640">
        <ele>370.2</ele>
        <time>2024-01-01T12:58:24Z</time>
      </trkpt>
      <trkpt lat="-35.9466400" lon="-72.4863150">
        <ele>370.2</ele>
        <time>2024-01-01T12:58:45Z</time>
      </trkpt>
      <trkpt lat="-35.9466190" lon="-72.4856740">
        <ele>369.4</ele>
        <time>2024-01-01T12:59:03Z</time>
      </trkpt>
      <trkpt lat="-35.9467280" lon="-72.4852380">
        <ele>369.0</ele>
        <time>2024-01-01T12:59:18Z</time>
      </trkpt>
      <trkpt lat="-35.9466990" lon="-72.4851020">
        <ele>368.8</ele>
        <time>2024-01-01T12:59:24Z</time>
      </trkpt>
      <trkpt lat="-35.9465960" lon="-72.4850650">
        <ele>368.8</ele>
        <time>2024-01-01T12:59:30Z</time>
      </trkpt>
      <trkpt lat="-35.9461040" lon="-72.4851190">
        <ele>373.2</ele>
        <time>2024-01-01T13:00:09Z</time>
      </trkpt>
      <trkpt lat="-35.9459240" lon="-72.4849120">
        <ele>377.0</ele>
        <time>2024-01-01T13:00:39Z</time>
      </trkpt>
      <trkpt lat="-35.9459970" lon="-72.4842930">
        <ele>380.6</ele>
        <time>2024-01-01T13:01:18Z</time>
      </trkpt>
      <trkpt lat="-35.9456760" lon="-72.4837100">
        <ele>383.6</ele>
        <time>2024-01-01T13:02:00Z</time>
      </trkpt>
      <trkpt lat="-35.9455330" lon="-72.4832110">
        <ele>386.4</ele>
        <time>2024-01-01T13:02:24Z</time>
      </trkpt>
      <trkpt lat="-35.9456420" lon="-72.4820510">
        <ele>384.6</ele>
        <time>2024-01-01T13:03:06Z</time>
      </trkpt>
      <trkpt lat="-35.9455340" lon="-72.4815460">
        <ele>387.0</ele>
        <time>2024-01-01T13:03:24Z</time>
      </trkpt>
      <trkpt lat="-35.9455720" lon="-72.4812880">
        <ele>388.0</ele>
        <time>2024-01-01T13:03:33Z</time>
      </trkpt>
      <trkpt lat="-35.9458330" lon="-72.4809290">
        <ele>390.2</ele>
        <time>2024-01-01T13:04:03Z</time>
      </trkpt>
      <trkpt lat="-35.9461060" lon="-72.4808440">
        <ele>394.0</ele>
        <time>2024-01-01T13:04:42Z</time>
      </trkpt>
      <trkpt lat="-35.9462920" lon="-72.4806810">
        <ele>396.4</ele>
        <time>2024-01-01T13:05:03Z</time>
      </trkpt>
      <trkpt lat="-35.9463590" lon="-72.4801400">
        <ele>400.2</ele>
        <time>2024-01-01T13:05:39Z</time>
      </trkpt>
      <trkpt lat="-35.9465290" lon="-72.4796970">
        <ele>402.2</ele>
        <time>2024-01-01T13:06:03Z</time>
      </trkpt>
      <trkpt lat="-35.9464810" lon="-72.4793190">
        <ele>405.2</ele>
        <time>2024-01-01T13:06:27Z</time>
      </trkpt>
      <trkpt lat="-35.9466060" lon="-72.4792880">
        <ele>408.2</ele>
        <time>2024-01-01T13:06:48Z</time>
      </trkpt>
      <trkpt lat="-35.9466970" lon="-72.4794560">
        <ele>411.2</ele>
        <time>2024-01-01T13:07:12Z</time>
      </trkpt>
      <trkpt lat="-35.9467450" lon="-72.4801900">
        <ele>417.0</ele>
        <time>2024-01-01T13:08:09Z</time>
      </trkpt>
      <trkpt lat="-35.9471420" lon="-72.4805240">
        <ele>421.8</ele>
        <time>2024-01-01T13:08:57Z</time>
      </trkpt>
      <trkpt lat="-35.9470500" lon="-72.4809520">
        <ele>427.4</ele>
        <time>2024-01-01T13:09:51Z</time>
      </trkpt>
      <trkpt lat="-35.9467060" lon="-72.4816440">
        <ele>432.0</ele>
        <time>2024-01-01T13:10:45Z</time>
      </trkpt>
      <trkpt lat="-35.9468130" lon="-72.4819990">
        <ele>433.8</ele>
        <time>2024-01-01T13:11:03Z</time>
      </trkpt>
      <trkpt lat="-35.9469870" lon="-72.4821080">
        <ele>434.6</ele>
        <time>2024-01-01T13:11:15Z</time>
      </trkpt>
      <trkpt lat="-35.9474080" lon="-72.4812330">
        <ele>440.8</ele>
        <time>2024-01-01T13:12:39Z</time>
      </trkpt>
      <trkpt lat="-35.9479330" lon="-72.4806320">
        <ele>459.0</ele>
        <time>2024-01-01T13:15:00Z</time>
      </trkpt>
      <trkpt lat="-35.9479790" lon="-72.4800810">
        <ele>465.0</ele>
        <time>2024-01-01T13:16:12Z</time>
      </trkpt>
      <trkpt lat="-35.9483840" lon="-72.4803950">
        <ele>479.0</ele>
        <time>2024-01-01T13:18:24Z</time>
      </trkpt>
      <trkpt lat="-35.9485120" lon="-72.4803160">
        <ele>481.8</ele>
        <time>2024-01-01T13:18:51Z</time>
      </trkpt>
      <trkpt lat="-35.9489200" lon="-72.4804380">
        <ele>489.2</ele>
        <time>2024-01-01T13:20:15Z</time>
      </trkpt>
      <trkpt lat="-35.9491780" lon="-72.4803350">
        <ele>495.4</ele>
        <time>2024-01-01T13:21:09Z</time>
      </trkpt>
      <trkpt lat="-35.9493130" lon="-72.4801750">
        <ele>497.0</ele>
        <time>2024-01-01T13:21:21Z</time>
      </trkpt>
      <trkpt lat="-35.9495760" lon="-72.4792970">
        <ele>504.0</ele>
        <time>2024-01-01T13:23:00Z</time>
      </trkpt>
      <trkpt lat="-35.9496100" lon="-72.4785860">
        <ele>512.6</ele>
        <time>2024-01-01T13:24:30Z</time>
      </trkpt>
      <trkpt lat="-35.9498640" lon="-72.4780340">
        <ele>521.0</ele>
        <time>2024-01-01T13:26:00Z</time>
      </trkpt>
      <trkpt lat="-35.9497970" lon="-72.4776490">
        <ele>526.4</ele>
        <time>2024-01-01T13:26:45Z</time>
      </trkpt>
      <trkpt lat="-35.9498770" lon="-72.4773240">
        <ele>530.8</ele>
        <time>2024-01-01T13:27:27Z</time>
      </trkpt>
      <trkpt lat="-35.9503310" lon="-72.4773160">
        <ele>537.4</ele>
        <time>2024-01-01T13:28:33Z</time>
      </trkpt>
      <trkpt lat="-35.9510580" lon="-72.4775770">
        <ele>546.2</ele>
        <time>2024-01-01T13:29:54Z</time>
      </trkpt>
      <trkpt lat="-35.9512230" lon="-72.4774320">
        <ele>547.6</ele>
        <time>2024-01-01T13:30:12Z</time>
      </trkpt>
      <trkpt lat="-35.9513020" lon="-72.4770670">
        <ele>551.0</ele>
        <time>2024-01-01T13:30:54Z</time>
      </trkpt>
      <trkpt lat="-35.9512390" lon="-72.4770330">
        <ele>553.4</ele>
        <time>2024-01-01T13:31:15Z</time>
      </trkpt>
      <trkpt lat="-35.9510910" lon="-72.4772470">
        <ele>555.4</ele>
        <time>2024-01-01T13:31:36Z</time>
      </trkpt>
      <trkpt lat="-35.9509410" lon="-72.4771870">
        <ele>556.6</ele>
        <time>2024-01-01T13:31:51Z</time>
      </trkpt>
      <trkpt lat="-35.9506710" lon="-72.4764440">
        <ele>557.2</ele>
        <time>2024-01-01T13:32:27Z</time>
      </trkpt>
      <trkpt lat="-35.9502430" lon="-72.4761030">
        <ele>557.8</ele>
        <time>2024-01-01T13:32:48Z</time>
      </trkpt>
      <trkpt lat="-35.9499960" lon="-72.4754880">
        <ele>558.0</ele>
        <time>2024-01-01T13:33:09Z</time>
      </trkpt>
      <trkpt lat="-35.9500230" lon="-72.4750000">
        <ele>557.8</ele>
        <time>2024-01-01T13:33:24Z</time>
      </trkpt>
      <trkpt lat="-35.9499490" lon="-72.4748400">
        <ele>557.6</ele>
        <time>2024-01-01T13:33:30Z</time>
      </trkpt>
      <trkpt lat="-35.9489370" lon="-72.4745530">
        <ele>557.6</ele>
        <time>2024-01-01T13:34:06Z</time>
      </trkpt>
      <trkpt lat="-35.9484390" lon="-72.4747580">
        <ele>557.0</ele>
        <time>2024-01-01T13:34:24Z</time>
      </trkpt>
      <trkpt lat="-35.9482020" lon="-72.4746580">
        <ele>557.0</ele>
        <time>2024-01-01T13:34:33Z</time>
      </trkpt>
      <trkpt lat="-35.9480240" lon="-72.4744690">
        <ele>556.6</ele>
        <time>2024-01-01T13:34:42Z</time>
      </trkpt>
      <trkpt lat="-35.9479440" lon="-72.4741960">
        <ele>556.2</ele>
        <time>2024-01-01T13:34:51Z</time>
      </trkpt>
      <trkpt lat="-35.9479720" lon="-72.4739250">
        <ele>556.2</ele>
        <time>2024-01-01T13:35:00Z</time>
      </trkpt>
      <trkpt lat="-35.9482670" lon="-72.4734550">
        <ele>556.6</ele>
        <time>2024-01-01T13:35:18Z</time>
      </trkpt>
      <trkpt lat="-35.9484310" lon="-72.4725470">
        <ele>557.0</ele>
        <time>2024-01-01T13:35:45Z</time>
      </trkpt>
      <trkpt lat="-35.9484530" lon="-72.4714310">
        <ele>557.6</ele>
        <time>2024-01-01T13:36:24Z</time>
      </trkpt>
      <trkpt lat="-35.9484030" lon="-72.4713150">
        <ele>557.6</ele>
        <time>2024-01-01T13:36:30Z</time>
      </trkpt>
      <trkpt lat="-35.9479490" lon="-72.4710680">
        <ele>557.2</ele>
        <time>2024-01-01T13:36:51Z</time>
      </trkpt>
      <trkpt lat="-35.9477110" lon="-72.4706810">
        <ele>556.8</ele>
        <time>2024-01-01T13:37:06Z</time>
      </trkpt>
      <trkpt lat="-35.9472870" lon="-72.4703580">
        <ele>556.2</ele>
        <time>2024-01-01T13:37:24Z</time>
      </trkpt>
      <trkpt lat="-35.9470880" lon="-72.4700390">
        <ele>556.2</ele>
        <time>2024-01-01T13:37:36Z</time>
      </trkpt>
      <trkpt lat="-35.9469700" lon="-72.4694670">
        <ele>556.0</ele>
        <time>2024-01-01T13:37:54Z</time>
      </trkpt>
      <trkpt lat="-35.9471470" lon="-72.4688810">
        <ele>555.0</ele>
        <time>2024-01-01T13:38:15Z</time>
      </trkpt>
      <trkpt lat="-35.9474610" lon="-72.4684380">
        <ele>555.2</ele>
        <time>2024-01-01T13:38:39Z</time>
      </trkpt>
      <trkpt lat="-35.9474840" lon="-72.4681940">
        <ele>555.2</ele>
        <time>2024-01-01T13:38:48Z</time>
      </trkpt>
      <trkpt lat="-35.9473310" lon="-72.4679340">
        <ele>555.0</ele>
        <time>2024-01-01T13:39:00Z</time>
      </trkpt>
      <trkpt lat="-35.9469670" lon="-72.4677940">
        <ele>554.0</ele>
        <time>2024-01-01T13:39:15Z</time>
      </trkpt>
      <trkpt lat="-35.9466380" lon="-72.4672200">
        <ele>553.2</ele>
        <time>2024-01-01T13:39:36Z</time>
      </trkpt>
      <trkpt lat="-35.9465750" lon="-72.4672040">
        <ele>553.0</ele>
        <time>2024-01-01T13:39:39Z</time>
      </trkpt>
      <trkpt lat="-35.9462810" lon="-72.4678450">
        <ele>551.6</ele>
        <time>2024-01-01T13:40:06Z</time>
      </trkpt>
      <trkpt lat="-35.9459390" lon="-72.4682740">
        <ele>551.8</ele>
        <time>2024-01-01T13:40:27Z</time>
      </trkpt>
      <trkpt lat="-35.9449150" lon="-72.4684800">
        <ele>553.2</ele>
        <time>2024-01-01T13:41:15Z</time>
      </trkpt>
      <trkpt lat="-35.9443070" lon="-72.4682740">
        <ele>553.8</ele>
        <time>2024-01-01T13:41:42Z</time>
      </trkpt>
      <trkpt lat="-35.9439390" lon="-72.4677730">
        <ele>555.4</ele>
        <time>2024-01-01T13:42:15Z</time>
      </trkpt>
      <trkpt lat="-35.9434160" lon="-72.4675780">
        <ele>559.2</ele>
        <time>2024-01-01T13:42:57Z</time>
      </trkpt>
      <trkpt lat="-35.9431690" lon="-72.4673320">
        <ele>561.0</ele>
        <time>2024-01-01T13:43:21Z</time>
      </trkpt>
      <trkpt lat="-35.9431120" lon="-72.4668290">
        <ele>563.8</ele>
        <time>2024-01-01T13:43:57Z</time>
      </trkpt>
      <trkpt lat="-35.9429550" lon="-72.4666900">
        <ele>565.2</ele>
        <time>2024-01-01T13:44:09Z</time>
      </trkpt>
      <trkpt lat="-35.9428670" lon="-72.4667290">
        <ele>565.4</ele>
        <time>2024-01-01T13:44:15Z</time>
      </trkpt>
      <trkpt lat="-35.9425170" lon="-72.4675970">
        <ele>569.2</ele>
        <time>2024-01-01T13:45:15Z</time>
      </trkpt>
      <trkpt lat="-35.9426880" lon="-72.4680500">
        <ele>569.8</ele>
        <time>2024-01-01T13:45:42Z</time>
      </trkpt>
      <trkpt lat="-35.9426720" lon="-72.4688280">
        <ele>572.0</ele>
        <time>2024-01-01T13:46:18Z</time>
      </trkpt>
      <trkpt lat="-35.9428990" lon="-72.4692030">
        <ele>572.6</ele>
        <time>2024-01-01T13:46:30Z</time>
      </trkpt>
      <trkpt lat="-35.9429820" lon="-72.4695060">
        <ele>574.0</ele>
        <time>2024-01-01T13:46:45Z</time>
      </trkpt>
      <trkpt lat="-35.9429600" lon="-72.4701660">
        <ele>576.0</ele>
        <time>2024-01-01T13:47:12Z</time>
      </trkpt>
      <trkpt lat="-35.9426160" lon="-72.4705230">
        <ele>577.8</ele>
        <time>2024-01-01T13:47:36Z</time>
      </trkpt>
      <trkpt lat="-35.9423440" lon="-72.4705930">
        <ele>578.4</ele>
        <time>2024-01-01T13:47:51Z</time>
      </trkpt>
      <trkpt lat="-35.9418460" lon="-72.4705510">
        <ele>580.0</ele>
        <time>2024-01-01T13:48:21Z</time>
      </trkpt>
      <trkpt lat="-35.9416570" lon="-72.4706830">
        <ele>581.0</ele>
        <time>2024-01-01T13:48:33Z</time>
      </trkpt>
      <trkpt lat="-35.9415160" lon="-72.4713300">
        <ele>583.4</ele>
        <time>2024-01-01T13:49:09Z</time>
      </trkpt>
      <trkpt lat="-35.9417360" lon="-72.4717190">
        <ele>583.8</ele>
        <time>2024-01-01T13:49:24Z</time>
      </trkpt>
      <trkpt lat="-35.9417240" lon="-72.4719600">
        <ele>584.8</ele>
        <time>2024-01-01T13:49:36Z</time>
      </trkpt>
      <trkpt lat="-35.9415860" lon="-72.4720570">
        <ele>585.2</ele>
        <time>2024-01-01T13:49:48Z</time>
      </trkpt>
      <trkpt lat="-35.9410670" lon="-72.4721510">
        <ele>586.6</ele>
        <time>2024-01-01T13:50:27Z</time>
      </trkpt>
      <trkpt lat="-35.9405640" lon="-72.4726380">
        <ele>588.8</ele>
        <time>2024-01-01T13:51:00Z</time>
      </trkpt>
      <trkpt lat="-35.9402930" lon="-72.4731710">
        <ele>589.8</ele>
        <time>2024-01-01T13:51:24Z</time>
      </trkpt>
      <trkpt lat="-35.9401350" lon="-72.4732620">
        <ele>590.6</ele>
        <time>2024-01-01T13:51:36Z</time>
      </trkpt>
      <trkpt lat="-35.9400050" lon="-72.4731610">
        <ele>591.0</ele>
        <time>2024-01-01T13:51:48Z</time>
      </trkpt>
      <trkpt lat="-35.9398740" lon="-72.4727070">
        <ele>593.4</ele>
        <time>2024-01-01T13:52:12Z</time>
      </trkpt>
      <trkpt lat="-35.9397270" lon="-72.4725210">
        <ele>593.6</ele>
        <time>2024-01-01T13:52:24Z</time>
      </trkpt>
      <trkpt lat="-35.9389260" lon="-72.4728850">
        <ele>594.6</ele>
        <time>2024-01-01T13:53:09Z</time>
      </trkpt>
      <trkpt lat="-35.9380490" lon="-72.4724000">
        <ele>593.0</ele>
        <time>2024-01-01T13:53:45Z</time>
      </trkpt>
      <trkpt lat="-35.9380490" lon="-72.4722330">
        <ele>592.4</ele>
        <time>2024-01-01T13:54:00Z</time>
      </trkpt>
      <trkpt lat="-35.9382120" lon="-72.4721760">
        <ele>592.8</ele>
        <time>2024-01-01T13:54:18Z</time>
      </trkpt>
      <trkpt lat="-35.9387630" lon="-72.4724540">
        <ele>596.6</ele>
        <time>2024-01-01T13:54:57Z</time>
      </trkpt>
      <trkpt lat="-35.9391100" lon="-72.4724520">
        <ele>598.0</ele>
        <time>2024-01-01T13:55:27Z</time>
      </trkpt>
      <trkpt lat="-35.9394920" lon="-72.4719610">
        <ele>604.8</ele>
        <time>2024-01-01T13:56:18Z</time>
      </trkpt>
      <trkpt lat="-35.9399930" lon="-72.4716000">
        <ele>610.2</ele>
        <time>2024-01-01T13:57:09Z</time>
      </trkpt>
      <trkpt lat="-35.9401630" lon="-72.4713410">
        <ele>610.8</ele>
        <time>2024-01-01T13:57:21Z</time>
      </trkpt>
      <trkpt lat="-35.9402280" lon="-72.4706530">
        <ele>610.6</ele>
        <time>2024-01-01T13:57:39Z</time>
      </trkpt>
      <trkpt lat="-35.9403300" lon="-72.4702620">
        <ele>610.4</ele>
        <time>2024-01-01T13:57:54Z</time>
      </trkpt>
      <trkpt lat="-35.9405150" lon="-72.4699480">
        <ele>610.2</ele>
        <time>2024-01-01T13:58:09Z</time>
      </trkpt>
      <trkpt lat="-35.9405670" lon="-72.4692240">
        <ele>611.0</ele>
        <time>2024-01-01T13:58:36Z</time>
      </trkpt>
      <trkpt lat="-35.9407190" lon="-72.4687300">
        <ele>612.8</ele>
        <time>2024-01-01T13:59:00Z</time>
      </trkpt>
      <trkpt lat="-35.9407540" lon="-72.4681590">
        <ele>613.8</ele>
        <time>2024-01-01T13:59:18Z</time>
      </trkpt>
      <trkpt lat="-35.9406400" lon="-72.4673630">
        <ele>613.2</ele>
        <time>2024-01-01T13:59:39Z</time>
      </trkpt>
      <trkpt lat="-35.9407120" lon="-72.4667670">
        <ele>609.8</ele>
        <time>2024-01-01T14:00:00Z</time>
      </trkpt>
      <trkpt lat="-35.9411350" lon="-72.4662820">
        <ele>609.2</ele>
        <time>2024-01-01T14:00:27Z</time>
      </trkpt>
      <trkpt lat="-35.9416030" lon="-72.4649870">
        <ele>603.6</ele>
        <time>2024-01-01T14:01:36Z</time>
      </trkpt>
      <trkpt lat="-35.9413600" lon="-72.4642790">
        <ele>607.0</ele>
        <time>2024-01-01T14:02:21Z</time>
      </trkpt>
      <trkpt lat="-35.9413390" lon="-72.4635940">
        <ele>606.8</ele>
        <time>2024-01-01T14:02:51Z</time>
      </trkpt>
      <trkpt lat="-35.9418220" lon="-72.4624820">
        <ele>611.0</ele>
        <time>2024-01-01T14:04:12Z</time>
      </trkpt>
      <trkpt lat="-35.9420450" lon="-72.4611640">
        <ele>631.0</ele>
        <time>2024-01-01T14:07:12Z</time>
      </trkpt>
      <trkpt lat="-35.9419520" lon="-72.4609100">
        <ele>633.4</ele>
        <time>2024-01-01T14:07:42Z</time>
      </trkpt>
      <trkpt lat="-35.9418090" lon="-72.4607990">
        <ele>633.4</ele>
        <time>2024-01-01T14:07:54Z</time>
      </trkpt>
      <trkpt lat="-35.9412300" lon="-72.4608030">
        <ele>633.8</ele>
        <time>2024-01-01T14:08:39Z</time>
      </trkpt>
      <trkpt lat="-35.9410000" lon="-72.4603970">
        <ele>639.6</ele>
        <time>2024-01-01T14:09:48Z</time>
      </trkpt>
      <trkpt lat="-35.9409270" lon="-72.4600720">
        <ele>645.6</ele>
        <time>2024-01-01T14:10:39Z</time>
      </trkpt>
      <trkpt lat="-35.9411080" lon="-72.4596510">
        <ele>649.6</ele>
        <time>2024-01-01T14:11:18Z</time>
      </trkpt>
      <trkpt lat="-35.9417040" lon="-72.4594330">
        <ele>660.4</ele>
        <time>2024-01-01T14:13:03Z</time>
      </trkpt>
      <trkpt lat="-35.9419590" lon="-72.4592480">
        <ele>663.4</ele>
        <time>2024-01-01T14:13:45Z</time>
      </trkpt>
      <trkpt lat="-35.9420250" lon="-72.4590880">
        <ele>665.0</ele>
        <time>2024-01-01T14:14:03Z</time>
      </trkpt>
      <trkpt lat="-35.9417150" lon="-72.4589880">
        <ele>670.2</ele>
        <time>2024-01-01T14:15:00Z</time>
      </trkpt>
      <trkpt lat="-35.9414160" lon="-72.4587020">
        <ele>675.4</ele>
        <time>2024-01-01T14:15:54Z</time>
      </trkpt>
      <trkpt lat="-35.9411570" lon="-72.4579720">
        <ele>679.2</ele>
        <time>2024-01-01T14:16:54Z</time>
      </trkpt>
      <trkpt lat="-35.9411100" lon="-72.4574760">
        <ele>683.4</ele>
        <time>2024-01-01T14:17:39Z</time>
      </trkpt>
      <trkpt lat="-35.9409620" lon="-72.4571870">
        <ele>685.2</ele>
        <time>2024-01-01T14:18:06Z</time>
      </trkpt>
      <trkpt lat="-35.9406490" lon="-72.4568160">
        <ele>691.6</ele>
        <time>2024-01-01T14:19:12Z</time>
      </trkpt>
      <trkpt lat="-35.9401690" lon="-72.4565910">
        <ele>694.2</ele>
        <time>2024-01-01T14:19:51Z</time>
      </trkpt>
      <trkpt lat="-35.9395840" lon="-72.4559350">
        <ele>695.8</ele>
        <time>2024-01-01T14:20:33Z</time>
      </trkpt>
      <trkpt lat="-35.9390700" lon="-72.4551690">
        <ele>700.8</ele>
        <time>2024-01-01T14:21:45Z</time>
      </trkpt>
      <trkpt lat="-35.9386660" lon="-72.4549230">
        <ele>701.2</ele>
        <time>2024-01-01T14:22:00Z</time>
      </trkpt>
      <trkpt lat="-35.9379500" lon="-72.4542570">
        <ele>696.8</ele>
        <time>2024-01-01T14:22:27Z</time>
      </trkpt>
      <trkpt lat="-35.9373530" lon="-72.4540190">
        <ele>692.6</ele>
        <time>2024-01-01T14:22:45Z</time>
      </trkpt>
      <trkpt lat="-35.9369370" lon="-72.4535280">
        <ele>688.6</ele>
        <time>2024-01-01T14:23:03Z</time>
      </trkpt>
      <trkpt lat="-35.9365680" lon="-72.4533980">
        <ele>683.8</ele>
        <time>2024-01-01T14:23:18Z</time>
      </trkpt>
      <trkpt lat="-35.9362830" lon="-72.4531830">
        <ele>681.0</ele>
        <time>2024-01-01T14:23:27Z</time>
      </trkpt>
      <trkpt lat="-35.9361730" lon="-72.4530140">
        <ele>679.6</ele>
        <time>2024-01-01T14:23:33Z</time>
      </trkpt>
      <trkpt lat="-35.9360590" lon="-72.4525160">
        <ele>671.8</ele>
        <time>2024-01-01T14:23:48Z</time>
      </trkpt>
      <trkpt lat="-35.9357680" lon="-72.4521950">
        <ele>666.4</ele>
        <time>2024-01-01T14:24:03Z</time>
      </trkpt>
      <trkpt lat="-35.9349660" lon="-72.4522200">
        <ele>654.2</ele>
        <time>2024-01-01T14:24:27Z</time>
      </trkpt>
      <trkpt lat="-35.9345750" lon="-72.4519650">
        <ele>649.0</ele>
        <time>2024-01-01T14:24:39Z</time>
      </trkpt>
      <trkpt lat="-35.9342770" lon="-72.4515840">
        <ele>642.8</ele>
        <time>2024-01-01T14:24:54Z</time>
      </trkpt>
      <trkpt lat="-35.9339390" lon="-72.4515260">
        <ele>640.2</ele>
        <time>2024-01-01T14:25:06Z</time>
      </trkpt>
      <trkpt lat="-35.9335790" lon="-72.4516370">
        <ele>638.0</ele>
        <time>2024-01-01T14:25:18Z</time>
      </trkpt>
      <trkpt lat="-35.9330080" lon="-72.4521660">
        <ele>634.8</ele>
        <time>2024-01-01T14:25:48Z</time>
      </trkpt>
      <trkpt lat="-35.9325950" lon="-72.4522400">
        <ele>634.6</ele>
        <time>2024-01-01T14:26:09Z</time>
      </trkpt>
      <trkpt lat="-35.9320780" lon="-72.4520790">
        <ele>641.0</ele>
        <time>2024-01-01T14:27:12Z</time>
      </trkpt>
      <trkpt lat="-35.9317040" lon="-72.4518460">
        <ele>649.4</ele>
        <time>2024-01-01T14:28:24Z</time>
      </trkpt>
      <trkpt lat="-35.9306610" lon="-72.4515500">
        <ele>665.2</ele>
        <time>2024-01-01T14:30:18Z</time>
      </trkpt>
      <trkpt lat="-35.9302620" lon="-72.4513080">
        <ele>668.6</ele>
        <time>2024-01-01T14:30:48Z</time>
      </trkpt>
      <trkpt lat="-35.9297160" lon="-72.4506960">
        <ele>673.0</ele>
        <time>2024-01-01T14:31:36Z</time>
      </trkpt>
      <trkpt lat="-35.9295030" lon="-72.4501570">
        <ele>673.6</ele>
        <time>2024-01-01T14:31:57Z</time>
      </trkpt>
      <trkpt lat="-35.9294980" lon="-72.4496670">
        <ele>673.4</ele>
        <time>2024-01-01T14:32:12Z</time>
      </trkpt>
      <trkpt lat="-35.9297610" lon="-72.4490800">
        <ele>670.0</ele>
        <time>2024-01-01T14:32:30Z</time>
      </trkpt>
      <trkpt lat="-35.9298110" lon="-72.4487650">
        <ele>667.4</ele>
        <time>2024-01-01T14:32:39Z</time>
      </trkpt>
      <trkpt lat="-35.9297360" lon="-72.4485910">
        <ele>665.2</ele>
        <time>2024-01-01T14:32:45Z</time>
      </trkpt>
      <trkpt lat="-35.9294080" lon="-72.4483140">
        <ele>660.8</ele>
        <time>2024-01-01T14:32:57Z</time>
      </trkpt>
      <trkpt lat="-35.9291380" lon="-72.4482770">
        <ele>658.0</ele>
        <time>2024-01-01T14:33:06Z</time>
      </trkpt>
      <trkpt lat="-35.9284870" lon="-72.4484450">
        <ele>650.0</ele>
        <time>2024-01-01T14:33:27Z</time>
      </trkpt>
      <trkpt lat="-35.9276570" lon="-72.4489410">
        <ele>640.4</ele>
        <time>2024-01-01T14:33:57Z</time>
      </trkpt>
      <trkpt lat="-35.9270620" lon="-72.4488000">
        <ele>637.2</ele>
        <time>2024-01-01T14:34:24Z</time>
      </trkpt>
      <trkpt lat="-35.9270550" lon="-72.4483450">
        <ele>634.0</ele>
        <time>2024-01-01T14:34:42Z</time>
      </trkpt>
      <trkpt lat="-35.9267150" lon="-72.4465510">
        <ele>628.4</ele>
        <time>2024-01-01T14:35:42Z</time>
      </trkpt>
      <trkpt lat="-35.9265180" lon="-72.4462590">
        <ele>629.8</ele>
        <time>2024-01-01T14:36:00Z</time>
      </trkpt>
      <trkpt lat="-35.9262990" lon="-72.4456030">
        <ele>630.2</ele>
        <time>2024-01-01T14:36:21Z</time>
      </trkpt>
      <trkpt lat="-35.9260620" lon="-72.4454490">
        <ele>629.8</ele>
        <time>2024-01-01T14:36:30Z</time>
      </trkpt>
      <trkpt lat="-35.9255400" lon="-72.4454780">
        <ele>628.0</ele>
        <time>2024-01-01T14:36:48Z</time>
      </trkpt>
      <trkpt lat="-35.9252900" lon="-72.4453900">
        <ele>626.2</ele>
        <time>2024-01-01T14:36:57Z</time>
      </trkpt>
      <trkpt lat="-35.9249140" lon="-72.4451360">
        <ele>624.2</ele>
        <time>2024-01-01T14:37:24Z</time>
      </trkpt>
      <trkpt lat="-35.9246910" lon="-72.4447160">
        <ele>628.2</ele>
        <time>2024-01-01T14:38:06Z</time>
      </trkpt>
      <trkpt lat="-35.9241010" lon="-72.4442700">
        <ele>632.8</ele>
        <time>2024-01-01T14:38:51Z</time>
      </trkpt>
      <trkpt lat="-35.9228510" lon="-72.4439290">
        <ele>631.4</ele>
        <time>2024-01-01T14:39:30Z</time>
      </trkpt>
      <trkpt lat="-35.9219680" lon="-72.4432700">
        <ele>623.6</ele>
        <time>2024-01-01T14:40:00Z</time>
      </trkpt>
      <trkpt lat="-35.9219590" lon="-72.4430420">
        <ele>620.2</ele>
        <time>2024-01-01T14:40:09Z</time>
      </trkpt>
      <trkpt lat="-35.9224940" lon="-72.4428100">
        <ele>612.2</ele>
        <time>2024-01-01T14:40:30Z</time>
      </trkpt>
      <trkpt lat="-35.9229190" lon="-72.4421050">
        <ele>604.2</ele>
        <time>2024-01-01T14:40:54Z</time>
      </trkpt>
      <trkpt lat="-35.9224980" lon="-72.4410050">
        <ele>594.8</ele>
        <time>2024-01-01T14:41:33Z</time>
      </trkpt>
      <trkpt lat="-35.9223010" lon="-72.4409520">
        <ele>593.2</ele>
        <time>2024-01-01T14:41:42Z</time>
      </trkpt>
      <trkpt lat="-35.9214000" lon="-72.4412860">
        <ele>592.6</ele>
        <time>2024-01-01T14:42:21Z</time>
      </trkpt>
      <trkpt lat="-35.9207070" lon="-72.4413930">
        <ele>590.4</ele>
        <time>2024-01-01T14:42:48Z</time>
      </trkpt>
      <trkpt lat="-35.9199020" lon="-72.4405390">
        <ele>589.0</ele>
        <time>2024-01-01T14:43:30Z</time>
      </trkpt>
      <trkpt lat="-35.9191380" lon="-72.4398650">
        <ele>588.0</ele>
        <time>2024-01-01T14:44:03Z</time>
      </trkpt>
      <trkpt lat="-35.9178070" lon="-72.4394240">
        <ele>581.0</ele>
        <time>2024-01-01T14:44:51Z</time>
      </trkpt>
      <trkpt lat="-35.9170610" lon="-72.4386240">
        <ele>578.4</ele>
        <time>2024-01-01T14:45:39Z</time>
      </trkpt>
      <trkpt lat="-35.9165780" lon="-72.4383880">
        <ele>579.4</ele>
        <time>2024-01-01T14:46:06Z</time>
      </trkpt>
      <trkpt lat="-35.9161020" lon="-72.4382640">
        <ele>579.8</ele>
        <time>2024-01-01T14:46:24Z</time>
      </trkpt>
      <trkpt lat="-35.9152570" lon="-72.4377560">
        <ele>580.6</ele>
        <time>2024-01-01T14:47:00Z</time>
      </trkpt>
      <trkpt lat="-35.9137290" lon="-72.4363380">
        <ele>577.8</ele>
        <time>2024-01-01T14:48:09Z</time>
      </trkpt>
      <trkpt lat="-35.9132440" lon="-72.4356990">
        <ele>577.8</ele>
        <time>2024-01-01T14:48:36Z</time>
      </trkpt>
      <trkpt lat="-35.9130760" lon="-72.4353300">
        <ele>577.0</ele>
        <time>2024-01-01T14:48:48Z</time>
      </trkpt>
      <trkpt lat="-35.9129550" lon="-72.4346370">
        <ele>574.2</ele>
        <time>2024-01-01T14:49:06Z</time>
      </trkpt>
      <trkpt lat="-35.9126740" lon="-72.4339430">
        <ele>569.2</ele>
        <time>2024-01-01T14:49:24Z</time>
      </trkpt>
      <trkpt lat="-35.9116750" lon="-72.4321340">
        <ele>554.2</ele>
        <time>2024-01-01T14:50:09Z</time>
      </trkpt>
      <trkpt lat="-35.9108670" lon="-72.4315300">
        <ele>547.6</ele>
        <time>2024-01-01T14:50:39Z</time>
      </trkpt>
      <trkpt lat="-35.9104990" lon="-72.4314750">
        <ele>546.0</ele>
        <time>2024-01-01T14:50:57Z</time>
      </trkpt>
      <trkpt lat="-35.9101930" lon="-72.4312580">
        <ele>547.0</ele>
        <time>2024-01-01T14:51:21Z</time>
      </trkpt>
      <trkpt lat="-35.9096920" lon="-72.4302190">
        <ele>548.4</ele>
        <time>2024-01-01T14:52:06Z</time>
      </trkpt>
      <trkpt lat="-35.9088340" lon="-72.4295520">
        <ele>544.4</ele>
        <time>2024-01-01T14:52:42Z</time>
      </trkpt>
      <trkpt lat="-35.9086410" lon="-72.4290210">
        <ele>543.6</ele>
        <time>2024-01-01T14:53:00Z</time>
      </trkpt>
      <trkpt lat="-35.9081260" lon="-72.4284700">
        <ele>541.6</ele>
        <time>2024-01-01T14:53:18Z</time>
      </trkpt>
      <trkpt lat="-35.9077630" lon="-72.4279410">
        <ele>540.4</ele>
        <time>2024-01-01T14:53:33Z</time>
      </trkpt>
      <trkpt lat="-35.9064320" lon="-72.4270670">
        <ele>537.4</ele>
        <time>2024-01-01T14:54:24Z</time>
      </trkpt>
      <trkpt lat="-35.9061200" lon="-72.4264100">
        <ele>537.6</ele>
        <time>2024-01-01T14:54:45Z</time>
      </trkpt>
      <trkpt lat="-35.9060170" lon="-72.4263160">
        <ele>537.6</ele>
        <time>2024-01-01T14:54:51Z</time>
      </trkpt>
      <trkpt lat="-35.9052700" lon="-72.4261950">
        <ele>540.8</ele>
        <time>2024-01-01T14:55:45Z</time>
      </trkpt>
      <trkpt lat="-35.9049320" lon="-72.4259720">
        <ele>545.2</ele>
        <time>2024-01-01T14:56:21Z</time>
      </trkpt>
      <trkpt lat="-35.9045120" lon="-72.4250200">
        <ele>549.4</ele>
        <time>2024-01-01T14:57:06Z</time>
      </trkpt>
      <trkpt lat="-35.9042100" lon="-72.4245620">
        <ele>549.4</ele>
        <time>2024-01-01T14:57:27Z</time>
      </trkpt>
      <trkpt lat="-35.9042860" lon="-72.4245330">
        <ele>548.4</ele>
        <time>2024-01-01T14:57:36Z</time>
      </trkpt>
      <trkpt lat="-35.9045950" lon="-72.4247090">
        <ele>547.4</ele>
        <time>2024-01-01T14:57:51Z</time>
      </trkpt>
      <trkpt lat="-35.9047240" lon="-72.4246700">
        <ele>547.0</ele>
        <time>2024-01-01T14:57:57Z</time>
      </trkpt>
      <trkpt lat="-35.9049500" lon="-72.4243400">
        <ele>545.6</ele>
        <time>2024-01-01T14:58:09Z</time>
      </trkpt>
      <trkpt lat="-35.9051170" lon="-72.4238560">
        <ele>543.8</ele>
        <time>2024-01-01T14:58:21Z</time>
      </trkpt>
      <trkpt lat="-35.9053240" lon="-72.4236660">
        <ele>540.6</ele>
        <time>2024-01-01T14:58:30Z</time>
      </trkpt>
      <trkpt lat="-35.9056130" lon="-72.4237950">
        <ele>535.4</ele>
        <time>2024-01-01T14:58:42Z</time>
      </trkpt>
      <trkpt lat="-35.9060200" lon="-72.4244230">
        <ele>529.0</ele>
        <time>2024-01-01T14:59:00Z</time>
      </trkpt>
      <trkpt lat="-35.9063460" lon="-72.4243270">
        <ele>521.8</ele>
        <time>2024-01-01T14:59:15Z</time>
      </trkpt>
      <trkpt lat="-35.9063980" lon="-72.4242020">
        <ele>519.8</ele>
        <time>2024-01-01T14:59:21Z</time>
      </trkpt>
      <trkpt lat="-35.9061670" lon="-72.4239880">
        <ele>512.8</ele>
        <time>2024-01-01T14:59:36Z</time>
      </trkpt>
      <trkpt lat="-35.9060520" lon="-72.4236920">
        <ele>510.4</ele>
        <time>2024-01-01T14:59:45Z</time>
      </trkpt>
      <trkpt lat="-35.9062950" lon="-72.4229840">
        <ele>504.2</ele>
        <time>2024-01-01T15:00:03Z</time>
      </trkpt>
      <trkpt lat="-35.9067400" lon="-72.4224890">
        <ele>498.6</ele>
        <time>2024-01-01T15:00:21Z</time>
      </trkpt>
      <trkpt lat="-35.9073140" lon="-72.4216450">
        <ele>488.8</ele>
        <time>2024-01-01T15:00:48Z</time>
      </trkpt>
      <trkpt lat="-35.9079520" lon="-72.4214220">
        <ele>480.8</ele>
        <time>2024-01-01T15:01:12Z</time>
      </trkpt>
      <trkpt lat="-35.9083820" lon="-72.4203870">
        <ele>463.0</ele>
        <time>2024-01-01T15:01:48Z</time>
      </trkpt>
      <trkpt lat="-35.9088770" lon="-72.4198660">
        <ele>450.0</ele>
        <time>2024-01-01T15:02:09Z</time>
      </trkpt>
      <trkpt lat="-35.9089790" lon="-72.4196280">
        <ele>445.2</ele>
        <time>2024-01-01T15:02:21Z</time>
      </trkpt>
      <trkpt lat="-35.9091150" lon="-72.4187370">
        <ele>431.8</ele>
        <time>2024-01-01T15:02:57Z</time>
      </trkpt>
      <trkpt lat="-35.9090130" lon="-72.4179580">
        <ele>406.6</ele>
        <time>2024-01-01T15:03:39Z</time>
      </trkpt>
      <trkpt lat="-35.9087990" lon="-72.4179470">
        <ele>402.4</ele>
        <time>2024-01-01T15:03:48Z</time>
      </trkpt>
      <trkpt lat="-35.9082810" lon="-72.4181620">
        <ele>395.0</ele>
        <time>2024-01-01T15:04:09Z</time>
      </trkpt>
      <trkpt lat="-35.9081670" lon="-72.4182990">
        <ele>393.4</ele>
        <time>2024-01-01T15:04:15Z</time>
      </trkpt>
      <trkpt lat="-35.9080790" lon="-72.4187110">
        <ele>391.2</ele>
        <time>2024-01-01T15:04:27Z</time>
      </trkpt>
      <trkpt lat="-35.9077900" lon="-72.4191000">
        <ele>388.0</ele>
        <time>2024-01-01T15:04:45Z</time>
      </trkpt>
      <trkpt lat="-35.9077010" lon="-72.4184490">
        <ele>380.4</ele>
        <time>2024-01-01T15:05:12Z</time>
      </trkpt>
      <trkpt lat="-35.9074450" lon="-72.4177900">
        <ele>378.2</ele>
        <time>2024-01-01T15:05:27Z</time>
      </trkpt>
      <trkpt lat="-35.9071770" lon="-72.4175180">
        <ele>374.8</ele>
        <time>2024-01-01T15:05:36Z</time>
      </trkpt>
      <trkpt lat="-35.9067650" lon="-72.4174560">
        <ele>371.0</ele>
        <time>2024-01-01T15:05:51Z</time>
      </trkpt>
      <trkpt lat="-35.9066020" lon="-72.4173480">
        <ele>369.0</ele>
        <time>2024-01-01T15:06:00Z</time>
      </trkpt>
      <trkpt lat="-35.9064450" lon="-72.4168800">
        <ele>362.2</ele>
        <time>2024-01-01T15:06:21Z</time>
      </trkpt>
      <trkpt lat="-35.9065490" lon="-72.4168810">
        <ele>360.0</ele>
        <time>2024-01-01T15:06:27Z</time>
      </trkpt>
      <trkpt lat="-35.9068640" lon="-72.4171400">
        <ele>354.2</ele>
        <time>2024-01-01T15:06:45Z</time>
      </trkpt>
      <trkpt lat="-35.9070360" lon="-72.4171280">
        <ele>351.2</ele>
        <time>2024-01-01T15:06:57Z</time>
      </trkpt>
      <trkpt lat="-35.9073230" lon="-72.4169540">
        <ele>347.4</ele>
        <time>2024-01-01T15:07:15Z</time>
      </trkpt>
      <trkpt lat="-35.9076190" lon="-72.4171980">
        <ele>345.4</ele>
        <time>2024-01-01T15:07:33Z</time>
      </trkpt>
      <trkpt lat="-35.9077350" lon="-72.4171870">
        <ele>344.4</ele>
        <time>2024-01-01T15:07:39Z</time>
      </trkpt>
      <trkpt lat="-35.9079760" lon="-72.4163440">
        <ele>339.4</ele>
        <time>2024-01-01T15:08:12Z</time>
      </trkpt>
      <trkpt lat="-35.9080760" lon="-72.4162730">
        <ele>338.4</ele>
        <time>2024-01-01T15:08:18Z</time>
      </trkpt>
      <trkpt lat="-35.9085230" lon="-72.4162540">
        <ele>335.6</ele>
        <time>2024-01-01T15:08:36Z</time>
      </trkpt>
      <trkpt lat="-35.9086950" lon="-72.4161560">
        <ele>333.4</ele>
        <time>2024-01-01T15:08:45Z</time>
      </trkpt>
      <trkpt lat="-35.9090350" lon="-72.4154880">
        <ele>327.2</ele>
        <time>2024-01-01T15:09:09Z</time>
      </trkpt>
      <trkpt lat="-35.9096590" lon="-72.4151120">
        <ele>318.2</ele>
        <time>2024-01-01T15:09:36Z</time>
      </trkpt>
      <trkpt lat="-35.9101230" lon="-72.4144100">
        <ele>309.0</ele>
        <time>2024-01-01T15:10:00Z</time>
      </trkpt>
      <trkpt lat="-35.9103190" lon="-72.4143580">
        <ele>306.4</ele>
        <time>2024-01-01T15:10:09Z</time>
      </trkpt>
      <trkpt lat="-35.9104260" lon="-72.4144730">
        <ele>303.6</ele>
        <time>2024-01-01T15:10:18Z</time>
      </trkpt>
      <trkpt lat="-35.9103420" lon="-72.4149640">
        <ele>296.8</ele>
        <time>2024-01-01T15:10:42Z</time>
      </trkpt>
      <trkpt lat="-35.9104580" lon="-72.4152600">
        <ele>294.6</ele>
        <time>2024-01-01T15:10:54Z</time>
      </trkpt>
      <trkpt lat="-35.9106270" lon="-72.4153780">
        <ele>291.6</ele>
        <time>2024-01-01T15:11:06Z</time>
      </trkpt>
      <trkpt lat="-35.9108900" lon="-72.4152810">
        <ele>288.0</ele>
        <time>2024-01-01T15:11:24Z</time>
      </trkpt>
      <trkpt lat="-35.9111150" lon="-72.4149600">
        <ele>280.6</ele>
        <time>2024-01-01T15:11:51Z</time>
      </trkpt>
      <trkpt lat="-35.9111310" lon="-72.4146690">
        <ele>275.2</ele>
        <time>2024-01-01T15:12:18Z</time>
      </trkpt>
      <trkpt lat="-35.9114900" lon="-72.4142280">
        <ele>273.4</ele>
        <time>2024-01-01T15:12:48Z</time>
      </trkpt>
      <trkpt lat="-35.9114850" lon="-72.4139530">
        <ele>273.4</ele>
        <time>2024-01-01T15:12:57Z</time>
      </trkpt>
      <trkpt lat="-35.9113870" lon="-72.4138010">
        <ele>273.0</ele>
        <time>2024-01-01T15:13:03Z</time>
      </trkpt>
      <trkpt lat="-35.9107950" lon="-72.4136370">
        <ele>271.2</ele>
        <time>2024-01-01T15:13:24Z</time>
      </trkpt>
      <trkpt lat="-35.9106050" lon="-72.4134470">
        <ele>270.2</ele>
        <time>2024-01-01T15:13:36Z</time>
      </trkpt>
      <trkpt lat="-35.9108300" lon="-72.4130420">
        <ele>269.0</ele>
        <time>2024-01-01T15:13:57Z</time>
      </trkpt>
      <trkpt lat="-35.9107720" lon="-72.4128640">
        <ele>267.2</ele>
        <time>2024-01-01T15:14:09Z</time>
      </trkpt>
      <trkpt lat="-35.9106240" lon="-72.4127780">
        <ele>264.4</ele>
        <time>2024-01-01T15:14:21Z</time>
      </trkpt>
      <trkpt lat="-35.9105510" lon="-72.4122790">
        <ele>257.0</ele>
        <time>2024-01-01T15:14:45Z</time>
      </trkpt>
      <trkpt lat="-35.9106070" lon="-72.4118750">
        <ele>254.0</ele>
        <time>2024-01-01T15:15:03Z</time>
      </trkpt>
      <trkpt lat="-35.9105510" lon="-72.4117160">
        <ele>251.0</ele>
        <time>2024-01-01T15:15:18Z</time>
      </trkpt>
      <trkpt lat="-35.9107400" lon="-72.4118400">
        <ele>249.4</ele>
        <time>2024-01-01T15:15:51Z</time>
      </trkpt>
      <trkpt lat="-35.9108490" lon="-72.4117310">
        <ele>249.6</ele>
        <time>2024-01-01T15:16:09Z</time>
      </trkpt>
      <trkpt lat="-35.9106380" lon="-72.4116560">
        <ele>249.6</ele>
        <time>2024-01-01T15:16:45Z</time>
      </trkpt>
      <trkpt lat="-35.9107130" lon="-72.4114000">
        <ele>248.6</ele>
        <time>2024-01-01T15:17:18Z</time>
      </trkpt>
      <trkpt lat="-35.9105600" lon="-72.4114790">
        <ele>248.0</ele>
        <time>2024-01-01T15:17:33Z</time>
      </trkpt>
      <trkpt lat="-35.9101400" lon="-72.4120290">
        <ele>244.8</ele>
        <time>2024-01-01T15:17:54Z</time>
      </trkpt>
      <trkpt lat="-35.9099740" lon="-72.4121090">
        <ele>243.8</ele>
        <time>2024-01-01T15:18:03Z</time>
      </trkpt>
      <trkpt lat="-35.9100760" lon="-72.4112890">
        <ele>239.6</ele>
        <time>2024-01-01T15:18:39Z</time>
      </trkpt>
      <trkpt lat="-35.9100040" lon="-72.4109460">
        <ele>239.2</ele>
        <time>2024-01-01T15:18:51Z</time>
      </trkpt>
      <trkpt lat="-35.9097400" lon="-72.4107540">
        <ele>239.0</ele>
        <time>2024-01-01T15:19:03Z</time>
      </trkpt>
      <trkpt lat="-35.9094400" lon="-72.4108730">
        <ele>238.2</ele>
        <time>2024-01-01T15:19:15Z</time>
      </trkpt>
      <trkpt lat="-35.9093410" lon="-72.4108710">
        <ele>237.8</ele>
        <time>2024-01-01T15:19:21Z</time>
      </trkpt>
      <trkpt lat="-35.9093170" lon="-72.4107700">
        <ele>237.2</ele>
        <time>2024-01-01T15:19:27Z</time>
      </trkpt>
      <trkpt lat="-35.9096410" lon="-72.4101630">
        <ele>233.2</ele>
        <time>2024-01-01T15:19:54Z</time>
      </trkpt>
      <trkpt lat="-35.9100500" lon="-72.4089310">
        <ele>229.6</ele>
        <time>2024-01-01T15:20:33Z</time>
      </trkpt>
      <trkpt lat="-35.9100920" lon="-72.4084040">
        <ele>228.0</ele>
        <time>2024-01-01T15:20:51Z</time>
      </trkpt>
      <trkpt lat="-35.9102710" lon="-72.4077920">
        <ele>227.2</ele>
        <time>2024-01-01T15:21:12Z</time>
      </trkpt>
      <trkpt lat="-35.9102160" lon="-72.4076220">
        <ele>226.8</ele>
        <time>2024-01-01T15:21:18Z</time>
      </trkpt>
      <trkpt lat="-35.9099760" lon="-72.4073600">
        <ele>225.4</ele>
        <time>2024-01-01T15:21:30Z</time>
      </trkpt>
      <trkpt lat="-35.9099460" lon="-72.4069120">
        <ele>219.6</ele>
        <time>2024-01-01T15:22:03Z</time>
      </trkpt>
      <trkpt lat="-35.9101420" lon="-72.4061840">
        <ele>218.6</ele>
        <time>2024-01-01T15:22:36Z</time>
      </trkpt>
      <trkpt lat="-35.9102670" lon="-72.4051650">
        <ele>213.2</ele>
        <time>2024-01-01T15:23:21Z</time>
      </trkpt>
      <trkpt lat="-35.9106310" lon="-72.4053620">
        <ele>205.0</ele>
        <time>2024-01-01T15:23:54Z</time>
      </trkpt>
      <trkpt lat="-35.9104140" lon="-72.4050580">
        <ele>201.4</ele>
        <time>2024-01-01T15:24:18Z</time>
      </trkpt>
      <trkpt lat="-35.9104920" lon="-72.4050130">
        <ele>200.0</ele>
        <time>2024-01-01T15:24:27Z</time>
      </trkpt>
      <trkpt lat="-35.9111250" lon="-72.4053770">
        <ele>197.6</ele>
        <time>2024-01-01T15:24:57Z</time>
      </trkpt>
      <trkpt lat="-35.9116760" lon="-72.4066910">
        <ele>198.0</ele>
        <time>2024-01-01T15:25:45Z</time>
      </trkpt>
      <trkpt lat="-35.9124450" lon="-72.4073740">
        <ele>198.0</ele>
        <time>2024-01-01T15:26:15Z</time>
      </trkpt>
      <trkpt lat="-35.9128730" lon="-72.4075460">
        <ele>197.8</ele>
        <time>2024-01-01T15:26:30Z</time>
      </trkpt>
      <trkpt lat="-35.9130660" lon="-72.4074960">
        <ele>197.8</ele>
        <time>2024-01-01T15:26:36Z</time>
      </trkpt>
      <trkpt lat="-35.9135910" lon="-72.4070860">
        <ele>196.6</ele>
        <time>2024-01-01T15:26:54Z</time>
      </trkpt>
      <trkpt lat="-35.9138050" lon="-72.4072190">
        <ele>195.4</ele>
        <time>2024-01-01T15:27:03Z</time>
      </trkpt>
      <trkpt lat="-35.9142220" lon="-72.4084300">
        <ele>195.4</ele>
        <time>2024-01-01T15:27:57Z</time>
      </trkpt>
      <trkpt lat="-35.9162030" lon="-72.4133170">
        <ele>214.0</ele>
        <time>2024-01-01T15:32:03Z</time>
      </trkpt>
      <trkpt lat="-35.9168300" lon="-72.4145080">
        <ele>226.8</ele>
        <time>2024-01-01T15:33:48Z</time>
      </trkpt>
      <trkpt lat="-35.9167500" lon="-72.4151350">
        <ele>231.8</ele>
        <time>2024-01-01T15:34:48Z</time>
      </trkpt>
      <trkpt lat="-35.9168590" lon="-72.4157370">
        <ele>237.4</ele>
        <time>2024-01-01T15:35:33Z</time>
      </trkpt>
      <trkpt lat="-35.9168110" lon="-72.4166030">
        <ele>240.8</ele>
        <time>2024-01-01T15:36:21Z</time>
      </trkpt>
      <trkpt lat="-35.9169530" lon="-72.4170250">
        <ele>243.8</ele>
        <time>2024-01-01T15:36:45Z</time>
      </trkpt>
      <trkpt lat="-35.9171600" lon="-72.4173140">
        <ele>245.6</ele>
        <time>2024-01-01T15:37:03Z</time>
      </trkpt>
      <trkpt lat="-35.9178760" lon="-72.4177240">
        <ele>248.0</ele>
        <time>2024-01-01T15:37:36Z</time>
      </trkpt>
      <trkpt lat="-35.9202870" lon="-72.4188390">
        <ele>237.2</ele>
        <time>2024-01-01T15:38:51Z</time>
      </trkpt>
      <trkpt lat="-35.9225690" lon="-72.4196050">
        <ele>228.4</ele>
        <time>2024-01-01T15:39:51Z</time>
      </trkpt>
      <trkpt lat="-35.9239780" lon="-72.4202840">
        <ele>217.4</ele>
        <time>2024-01-01T15:40:36Z</time>
      </trkpt>
      <trkpt lat="-35.9247260" lon="-72.4207910">
        <ele>218.4</ele>
        <time>2024-01-01T15:41:06Z</time>
      </trkpt>
      <trkpt lat="-35.9252450" lon="-72.4213210">
        <ele>218.8</ele>
        <time>2024-01-01T15:41:33Z</time>
      </trkpt>
      <trkpt lat="-35.9257450" lon="-72.4220200">
        <ele>219.6</ele>
        <time>2024-01-01T15:42:03Z</time>
      </trkpt>
      <trkpt lat="-35.9275240" lon="-72.4235560">
        <ele>218.8</ele>
        <time>2024-01-01T15:43:24Z</time>
      </trkpt>
      <trkpt lat="-35.9277820" lon="-72.4236590">
        <ele>219.0</ele>
        <time>2024-01-01T15:43:36Z</time>
      </trkpt>
      <trkpt lat="-35.9282340" lon="-72.4234820">
        <ele>219.0</ele>
        <time>2024-01-01T15:43:57Z</time>
      </trkpt>
      <trkpt lat="-35.9304510" lon="-72.4246500">
        <ele>240.6</ele>
        <time>2024-01-01T15:47:24Z</time>
      </trkpt>
      <trkpt lat="-35.9316450" lon="-72.4247380">
        <ele>245.6</ele>
        <time>2024-01-01T15:48:48Z</time>
      </trkpt>
      <trkpt lat="-35.9319550" lon="-72.4249560">
        <ele>248.2</ele>
        <time>2024-01-01T15:49:12Z</time>
      </trkpt>
      <trkpt lat="-35.9324460" lon="-72.4257770">
        <ele>249.8</ele>
        <time>2024-01-01T15:49:51Z</time>
      </trkpt>
      <trkpt lat="-35.9329440" lon="-72.4263070">
        <ele>249.4</ele>
        <time>2024-01-01T15:50:12Z</time>
      </trkpt>
      <trkpt lat="-35.9333350" lon="-72.4264970">
        <ele>247.8</ele>
        <time>2024-01-01T15:50:21Z</time>
      </trkpt>
      <trkpt lat="-35.9343530" lon="-72.4267070">
        <ele>239.8</ele>
        <time>2024-01-01T15:50:42Z</time>
      </trkpt>
      <trkpt lat="-35.9347230" lon="-72.4270130">
        <ele>233.4</ele>
        <time>2024-01-01T15:50:54Z</time>
      </trkpt>
      <trkpt lat="-35.9349600" lon="-72.4269830">
        <ele>231.6</ele>
        <time>2024-01-01T15:51:03Z</time>
      </trkpt>
      <trkpt lat="-35.9366400" lon="-72.4262840">
        <ele>231.2</ele>
        <time>2024-01-01T15:52:18Z</time>
      </trkpt>
      <trkpt lat="-35.9381460" lon="-72.4264280">
        <ele>230.6</ele>
        <time>2024-01-01T15:53:06Z</time>
      </trkpt>
      <trkpt lat="-35.9387290" lon="-72.4263490">
        <ele>226.2</ele>
        <time>2024-01-01T15:53:21Z</time>
      </trkpt>
      <trkpt lat="-35.9413520" lon="-72.4239210">
        <ele>220.4</ele>
        <time>2024-01-01T15:55:33Z</time>
      </trkpt>
      <trkpt lat="-35.9416040" lon="-72.4237990">
        <ele>221.4</ele>
        <time>2024-01-01T15:55:45Z</time>
      </trkpt>
      <trkpt lat="-35.9418460" lon="-72.4238110">
        <ele>221.4</ele>
        <time>2024-01-01T15:55:54Z</time>
      </trkpt>
      <trkpt lat="-35.9448690" lon="-72.4254290">
        <ele>216.0</ele>
        <time>2024-01-01T15:57:48Z</time>
      </trkpt>
      <trkpt lat="-35.9459410" lon="-72.4259050">
        <ele>213.6</ele>
        <time>2024-01-01T15:58:27Z</time>
      </trkpt>
      <trkpt lat="-35.9468790" lon="-72.4265770">
        <ele>220.4</ele>
        <time>2024-01-01T15:59:45Z</time>
      </trkpt>
      <trkpt lat="-35.9486550" lon="-72.4274800">
        <ele>237.8</ele>
        <time>2024-01-01T16:02:18Z</time>
      </trkpt>
      <trkpt lat="-35.9503870" lon="-72.4285270">
        <ele>238.4</ele>
        <time>2024-01-01T16:03:36Z</time>
      </trkpt>
      <trkpt lat="-35.9516370" lon="-72.4289250">
        <ele>236.0</ele>
        <time>2024-01-01T16:04:27Z</time>
      </trkpt>
      <trkpt lat="-35.9521180" lon="-72.4292400">
        <ele>235.4</ele>
        <time>2024-01-01T16:05:03Z</time>
      </trkpt>
      <trkpt lat="-35.9527680" lon="-72.4295080">
        <ele>240.0</ele>
        <time>2024-01-01T16:06:09Z</time>
      </trkpt>
      <trkpt lat="-35.9531760" lon="-72.4299890">
        <ele>244.4</ele>
        <time>2024-01-01T16:06:57Z</time>
      </trkpt>
      <trkpt lat="-35.9544800" lon="-72.4298660">
        <ele>250.0</ele>
        <time>2024-01-01T16:08:21Z</time>
      </trkpt>
      <trkpt lat="-35.9548680" lon="-72.4300580">
        <ele>251.8</ele>
        <time>2024-01-01T16:08:51Z</time>
      </trkpt>
      <trkpt lat="-35.9554440" lon="-72.4300040">
        <ele>257.2</ele>
        <time>2024-01-01T16:09:48Z</time>
      </trkpt>
      <trkpt lat="-35.9562340" lon="-72.4302100">
        <ele>260.0</ele>
        <time>2024-01-01T16:10:27Z</time>
      </trkpt>
      <trkpt lat="-35.9567200" lon="-72.4306920">
        <ele>259.8</ele>
        <time>2024-01-01T16:10:51Z</time>
      </trkpt>
      <trkpt lat="-35.9571580" lon="-72.4306950">
        <ele>258.8</ele>
        <time>2024-01-01T16:11:12Z</time>
      </trkpt>
      <trkpt lat="-35.9576300" lon="-72.4304740">
        <ele>258.4</ele>
        <time>2024-01-01T16:11:39Z</time>
      </trkpt>
      <trkpt lat="-35.9584140" lon="-72.4306630">
        <ele>265.4</ele>
        <time>2024-01-01T16:12:36Z</time>
      </trkpt>
      <trkpt lat="-35.9588040" lon="-72.4310090">
        <ele>267.6</ele>
        <time>2024-01-01T16:12:57Z</time>
      </trkpt>
      <trkpt lat="-35.9592720" lon="-72.4318430">
        <ele>268.2</ele>
        <time>2024-01-01T16:13:33Z</time>
      </trkpt>
      <trkpt lat="-35.9597590" lon="-72.4321960">
        <ele>267.8</ele>
        <time>2024-01-01T16:13:54Z</time>
      </trkpt>
      <trkpt lat="-35.9598020" lon="-72.4324050">
        <ele>265.6</ele>
        <time>2024-01-01T16:14:03Z</time>
      </trkpt>
      <trkpt lat="-35.9597310" lon="-72.4328120">
        <ele>261.2</ele>
        <time>2024-01-01T16:14:18Z</time>
      </trkpt>
      <trkpt lat="-35.9601040" lon="-72.4335260">
        <ele>249.6</ele>
        <time>2024-01-01T16:14:48Z</time>
      </trkpt>
      <trkpt lat="-35.9602330" lon="-72.4335960">
        <ele>247.2</ele>
        <time>2024-01-01T16:14:54Z</time>
      </trkpt>
      <trkpt lat="-35.9604440" lon="-72.4333840">
        <ele>240.2</ele>
        <time>2024-01-01T16:15:06Z</time>
      </trkpt>
      <trkpt lat="-35.9607710" lon="-72.4333470">
        <ele>233.2</ele>
        <time>2024-01-01T16:15:24Z</time>
      </trkpt>
      <trkpt lat="-35.9616550" lon="-72.4334580">
        <ele>223.0</ele>
        <time>2024-01-01T16:15:57Z</time>
      </trkpt>
      <trkpt lat="-35.9617070" lon="-72.4335050">
        <ele>221.8</ele>
        <time>2024-01-01T16:16:00Z</time>
      </trkpt>
      <trkpt lat="-35.9616350" lon="-72.4340300">
        <ele>217.6</ele>
        <time>2024-01-01T16:16:24Z</time>
      </trkpt>
      <trkpt lat="-35.9624320" lon="-72.4350990">
        <ele>216.0</ele>
        <time>2024-01-01T16:17:27Z</time>
      </trkpt>
      <trkpt lat="-35.9623950" lon="-72.4355680">
        <ele>217.4</ele>
        <time>2024-01-01T16:17:57Z</time>
      </trkpt>
      <trkpt lat="-35.9631310" lon="-72.4356340">
        <ele>218.6</ele>
        <time>2024-01-01T16:18:33Z</time>
      </trkpt>
      <trkpt lat="-35.9632170" lon="-72.4355800">
        <ele>218.2</ele>
        <time>2024-01-01T16:18:39Z</time>
      </trkpt>
      <trkpt lat="-35.9633450" lon="-72.4344290">
        <ele>216.6</ele>
        <time>2024-01-01T16:19:24Z</time>
      </trkpt>
      <trkpt lat="-35.9638860" lon="-72.4339440">
        <ele>215.8</ele>
        <time>2024-01-01T16:19:57Z</time>
      </trkpt>
      <trkpt lat="-35.9638980" lon="-72.4331200">
        <ele>214.6</ele>
        <time>2024-01-01T16:20:33Z</time>
      </trkpt>
      <trkpt lat="-35.9645350" lon="-72.4331720">
        <ele>214.8</ele>
        <time>2024-01-01T16:21:06Z</time>
      </trkpt>
      <trkpt lat="-35.9648200" lon="-72.4329360">
        <ele>215.0</ele>
        <time>2024-01-01T16:21:21Z</time>
      </trkpt>
      <trkpt lat="-35.9668030" lon="-72.4291190">
        <ele>216.0</ele>
        <time>2024-01-01T16:23:54Z</time>
      </trkpt>
      <trkpt lat="-35.9669710" lon="-72.4290360">
        <ele>216.4</ele>
        <time>2024-01-01T16:24:03Z</time>
      </trkpt>
      <trkpt lat="-35.9678470" lon="-72.4291590">
        <ele>216.4</ele>
        <time>2024-01-01T16:24:45Z</time>
      </trkpt>
      <trkpt lat="-35.9683680" lon="-72.4293180">
        <ele>217.4</ele>
        <time>2024-01-01T16:25:06Z</time>
      </trkpt>
      <trkpt lat="-35.9685430" lon="-72.4292730">
        <ele>217.4</ele>
        <time>2024-01-01T16:25:15Z</time>
      </trkpt>
      <trkpt lat="-35.9689000" lon="-72.4280070">
        <ele>214.8</ele>
        <time>2024-01-01T16:26:00Z</time>
      </trkpt>
      <trkpt lat="-35.9692730" lon="-72.4272250">
        <ele>214.4</ele>
        <time>2024-01-01T16:26:30Z</time>
      </trkpt>
      <trkpt lat="-35.9698710" lon="-72.4254830">
        <ele>215.0</ele>
        <time>2024-01-01T16:27:30Z</time>
      </trkpt>
      <trkpt lat="-35.9700300" lon="-72.4253860">
        <ele>215.2</ele>
        <time>2024-01-01T16:27:39Z</time>
      </trkpt>
      <trkpt lat="-35.9708940" lon="-72.4255030">
        <ele>217.2</ele>
        <time>2024-01-01T16:28:21Z</time>
      </trkpt>
      <trkpt lat="-35.9725830" lon="-72.4254070">
        <ele>220.0</ele>
        <time>2024-01-01T16:29:39Z</time>
      </trkpt>
      <trkpt lat="-35.9727840" lon="-72.4253360">
        <ele>220.2</ele>
        <time>2024-01-01T16:29:51Z</time>
      </trkpt>
      <trkpt lat="-35.9731010" lon="-72.4235910">
        <ele>223.6</ele>
        <time>2024-01-01T16:31:09Z</time>
      </trkpt>
      <trkpt lat="-35.9733260" lon="-72.4215920">
        <ele>224.0</ele>
        <time>2024-01-01T16:32:09Z</time>
      </trkpt>
      <trkpt lat="-35.9731670" lon="-72.4210710">
        <ele>221.6</ele>
        <time>2024-01-01T16:32:24Z</time>
      </trkpt>
      <trkpt lat="-35.9731950" lon="-72.4208860">
        <ele>220.8</ele>
        <time>2024-01-01T16:32:30Z</time>
      </trkpt>
      <trkpt lat="-35.9754910" lon="-72.4180660">
        <ele>219.6</ele>
        <time>2024-01-01T16:34:48Z</time>
      </trkpt>
      <trkpt lat="-35.9757930" lon="-72.4146140">
        <ele>224.2</ele>
        <time>2024-01-01T16:36:57Z</time>
      </trkpt>
      <trkpt lat="-35.9775280" lon="-72.4110780">
        <ele>231.2</ele>
        <time>2024-01-01T16:39:42Z</time>
      </trkpt>
      <trkpt lat="-35.9786280" lon="-72.4078710">
        <ele>234.0</ele>
        <time>2024-01-01T16:41:42Z</time>
      </trkpt>
      <trkpt lat="-35.9786400" lon="-72.4072960">
        <ele>233.4</ele>
        <time>2024-01-01T16:42:00Z</time>
      </trkpt>
      <trkpt lat="-35.9779170" lon="-72.4050080">
        <ele>234.4</ele>
        <time>2024-01-01T16:43:27Z</time>
      </trkpt>
      <trkpt lat="-35.9774250" lon="-72.4037560">
        <ele>239.4</ele>
        <time>2024-01-01T16:44:33Z</time>
      </trkpt>
      <trkpt lat="-35.9773900" lon="-72.4029760">
        <ele>243.8</ele>
        <time>2024-01-01T16:45:21Z</time>
      </trkpt>
      <trkpt lat="-35.9778570" lon="-72.4024660">
        <ele>251.2</ele>
        <time>2024-01-01T16:46:27Z</time>
      </trkpt>
      <trkpt lat="-35.9784220" lon="-72.4023710">
        <ele>254.4</ele>
        <time>2024-01-01T16:47:03Z</time>
      </trkpt>
      <trkpt lat="-35.9789210" lon="-72.4020750">
        <ele>256.4</ele>
        <time>2024-01-01T16:47:39Z</time>
      </trkpt>
      <trkpt lat="-35.9801180" lon="-72.4004090">
        <ele>266.8</ele>
        <time>2024-01-01T16:49:45Z</time>
      </trkpt>
      <trkpt lat="-35.9802180" lon="-72.4001340">
        <ele>267.8</ele>
        <time>2024-01-01T16:50:03Z</time>
      </trkpt>
      <trkpt lat="-35.9801970" lon="-72.3998180">
        <ele>268.6</ele>
        <time>2024-01-01T16:50:21Z</time>
      </trkpt>
      <trkpt lat="-35.9796510" lon="-72.3986720">
        <ele>270.0</ele>
        <time>2024-01-01T16:51:27Z</time>
      </trkpt>
      <trkpt lat="-35.9796720" lon="-72.3979420">
        <ele>271.2</ele>
        <time>2024-01-01T16:52:03Z</time>
      </trkpt>
      <trkpt lat="-35.9797590" lon="-72.3975820">
        <ele>271.4</ele>
        <time>2024-01-01T16:52:21Z</time>
      </trkpt>
      <trkpt lat="-35.9799360" lon="-72.3972740">
        <ele>272.2</ele>
        <time>2024-01-01T16:52:39Z</time>
      </trkpt>
      <trkpt lat="-35.9801920" lon="-72.3970700">
        <ele>272.8</ele>
        <time>2024-01-01T16:52:57Z</time>
      </trkpt>
      <trkpt lat="-35.9807260" lon="-72.3968430">
        <ele>276.6</ele>
        <time>2024-01-01T16:53:45Z</time>
      </trkpt>
      <trkpt lat="-35.9809560" lon="-72.3962730">
        <ele>282.6</ele>
        <time>2024-01-01T16:54:48Z</time>
      </trkpt>
      <trkpt lat="-35.9808990" lon="-72.3959380">
        <ele>285.6</ele>
        <time>2024-01-01T16:55:30Z</time>
      </trkpt>
      <trkpt lat="-35.9802020" lon="-72.3946550">
        <ele>289.8</ele>
        <time>2024-01-01T16:56:51Z</time>
      </trkpt>
      <trkpt lat="-35.9795400" lon="-72.3931050">
        <ele>284.6</ele>
        <time>2024-01-01T16:57:33Z</time>
      </trkpt>
      <trkpt lat="-35.9792940" lon="-72.3921620">
        <ele>279.6</ele>
        <time>2024-01-01T16:58:00Z</time>
      </trkpt>
      <trkpt lat="-35.9788990" lon="-72.3916450">
        <ele>277.6</ele>
        <time>2024-01-01T16:58:18Z</time>
      </trkpt>
      <trkpt lat="-35.9779920" lon="-72.3907510">
        <ele>271.4</ele>
        <time>2024-01-01T16:58:51Z</time>
      </trkpt>
      <trkpt lat="-35.9775880" lon="-72.3894660">
        <ele>266.6</ele>
        <time>2024-01-01T16:59:21Z</time>
      </trkpt>
      <trkpt lat="-35.9768680" lon="-72.3882330">
        <ele>256.0</ele>
        <time>2024-01-01T16:59:54Z</time>
      </trkpt>
      <trkpt lat="-35.9765420" lon="-72.3871540">
        <ele>250.4</ele>
        <time>2024-01-01T17:00:24Z</time>
      </trkpt>
      <trkpt lat="-35.9763470" lon="-72.3869110">
        <ele>249.8</ele>
        <time>2024-01-01T17:00:33Z</time>
      </trkpt>
      <trkpt lat="-35.9757130" lon="-72.3864660">
        <ele>247.0</ele>
        <time>2024-01-01T17:00:54Z</time>
      </trkpt>
      <trkpt lat="-35.9754850" lon="-72.3860900">
        <ele>245.0</ele>
        <time>2024-01-01T17:01:03Z</time>
      </trkpt>
      <trkpt lat="-35.9754140" lon="-72.3855390">
        <ele>240.6</ele>
        <time>2024-01-01T17:01:15Z</time>
      </trkpt>
      <trkpt lat="-35.9756810" lon="-72.3850170">
        <ele>237.0</ele>
        <time>2024-01-01T17:01:30Z</time>
      </trkpt>
      <trkpt lat="-35.9757230" lon="-72.3847400">
        <ele>235.8</ele>
        <time>2024-01-01T17:01:39Z</time>
      </trkpt>
      <trkpt lat="-35.9755870" lon="-72.3841410">
        <ele>235.0</ele>
        <time>2024-01-01T17:02:03Z</time>
      </trkpt>
      <trkpt lat="-35.9752190" lon="-72.3833940">
        <ele>237.4</ele>
        <time>2024-01-01T17:02:36Z</time>
      </trkpt>
      <trkpt lat="-35.9751670" lon="-72.3829740">
        <ele>238.2</ele>
        <time>2024-01-01T17:02:51Z</time>
      </trkpt>
      <trkpt lat="-35.9754620" lon="-72.3818090">
        <ele>239.4</ele>
        <time>2024-01-01T17:03:51Z</time>
      </trkpt>
      <trkpt lat="-35.9759430" lon="-72.3815070">
        <ele>243.8</ele>
        <time>2024-01-01T17:04:42Z</time>
      </trkpt>
      <trkpt lat="-35.9758670" lon="-72.3809170">
        <ele>247.2</ele>
        <time>2024-01-01T17:05:27Z</time>
      </trkpt>
      <trkpt lat="-35.9756040" lon="-72.3805220">
        <ele>249.8</ele>
        <time>2024-01-01T17:05:57Z</time>
      </trkpt>
      <trkpt lat="-35.9747960" lon="-72.3796770">
        <ele>252.0</ele>
        <time>2024-01-01T17:06:57Z</time>
      </trkpt>
      <trkpt lat="-35.9741410" lon="-72.3788420">
        <ele>253.6</ele>
        <time>2024-01-01T17:07:48Z</time>
      </trkpt>
      <trkpt lat="-35.9739560" lon="-72.3787090">
        <ele>253.8</ele>
        <time>2024-01-01T17:07:57Z</time>
      </trkpt>
      <trkpt lat="-35.9734790" lon="-72.3786600">
        <ele>253.4</ele>
        <time>2024-01-01T17:08:15Z</time>
      </trkpt>
      <trkpt lat="-35.9732870" lon="-72.3785670">
        <ele>252.6</ele>
        <time>2024-01-01T17:08:21Z</time>
      </trkpt>
      <trkpt lat="-35.9729700" lon="-72.3780780">
        <ele>251.0</ele>
        <time>2024-01-01T17:08:36Z</time>
      </trkpt>
      <trkpt lat="-35.9725010" lon="-72.3754340">
        <ele>236.6</ele>
        <time>2024-01-01T17:09:30Z</time>
      </trkpt>
      <trkpt lat="-35.9732820" lon="-72.3723890">
        <ele>219.8</ele>
        <time>2024-01-01T17:10:48Z</time>
      </trkpt>
      <trkpt lat="-35.9732810" lon="-72.3719640">
        <ele>219.2</ele>
        <time>2024-01-01T17:11:00Z</time>
      </trkpt>
      <trkpt lat="-35.9728080" lon="-72.3709810">
        <ele>216.4</ele>
        <time>2024-01-01T17:11:33Z</time>
      </trkpt>
      <trkpt lat="-35.9725150" lon="-72.3696420">
        <ele>211.6</ele>
        <time>2024-01-01T17:12:09Z</time>
      </trkpt>
      <trkpt lat="-35.9718730" lon="-72.3684520">
        <ele>204.0</ele>
        <time>2024-01-01T17:12:39Z</time>
      </trkpt>
      <trkpt lat="-35.9715120" lon="-72.3675950">
        <ele>198.2</ele>
        <time>2024-01-01T17:13:00Z</time>
      </trkpt>
      <trkpt lat="-35.9710770" lon="-72.3661040">
        <ele>189.2</ele>
        <time>2024-01-01T17:13:39Z</time>
      </trkpt>
      <trkpt lat="-35.9704790" lon="-72.3652070">
        <ele>184.8</ele>
        <time>2024-01-01T17:14:09Z</time>
      </trkpt>
      <trkpt lat="-35.9703140" lon="-72.3648080">
        <ele>184.0</ele>
        <time>2024-01-01T17:14:21Z</time>
      </trkpt>
      <trkpt lat="-35.9700070" lon="-72.3628690">
        <ele>179.2</ele>
        <time>2024-01-01T17:15:18Z</time>
      </trkpt>
      <trkpt lat="-35.9696190" lon="-72.3617580">
        <ele>176.0</ele>
        <time>2024-01-01T17:15:54Z</time>
      </trkpt>
      <trkpt lat="-35.9693540" lon="-72.3606800">
        <ele>173.8</ele>
        <time>2024-01-01T17:16:30Z</time>
      </trkpt>
      <trkpt lat="-35.9672980" lon="-72.3561010">
        <ele>167.0</ele>
        <time>2024-01-01T17:19:09Z</time>
      </trkpt>
      <trkpt lat="-35.9665870" lon="-72.3549650">
        <ele>167.4</ele>
        <time>2024-01-01T17:19:57Z</time>
      </trkpt>
      <trkpt lat="-35.9665780" lon="-72.3546990">
        <ele>167.4</ele>
        <time>2024-01-01T17:20:06Z</time>
      </trkpt>
      <trkpt lat="-35.9678820" lon="-72.3501430">
        <ele>165.4</ele>
        <time>2024-01-01T17:22:30Z</time>
      </trkpt>
      <trkpt lat="-35.9680540" lon="-72.3492200">
        <ele>163.2</ele>
        <time>2024-01-01T17:22:57Z</time>
      </trkpt>
      <trkpt lat="-35.9681700" lon="-72.3466290">
        <ele>155.8</ele>
        <time>2024-01-01T17:24:00Z</time>
      </trkpt>
      <trkpt lat="-35.9677930" lon="-72.3439810">
        <ele>151.6</ele>
        <time>2024-01-01T17:25:18Z</time>
      </trkpt>
      <trkpt lat="-35.9677540" lon="-72.3430730">
        <ele>151.2</ele>
        <time>2024-01-01T17:25:45Z</time>
      </trkpt>
      <trkpt lat="-35.9680200" lon="-72.3399280">
        <ele>155.2</ele>
        <time>2024-01-01T17:27:39Z</time>
      </trkpt>
      <trkpt lat="-35.9680210" lon="-72.3384810">
        <ele>160.6</ele>
        <time>2024-01-01T17:28:57Z</time>
      </trkpt>
      <trkpt lat="-35.9682540" lon="-72.3363440">
        <ele>162.8</ele>
        <time>2024-01-01T17:30:18Z</time>
      </trkpt>
      <trkpt lat="-35.9686720" lon="-72.3258610">
        <ele>171.0</ele>
        <time>2024-01-01T17:37:27Z</time>
      </trkpt>
      <trkpt lat="-35.9688150" lon="-72.3257020">
        <ele>172.2</ele>
        <time>2024-01-01T17:37:45Z</time>
      </trkpt>
      <trkpt lat="-35.9700890" lon="-72.3257290">
        <ele>178.2</ele>
        <time>2024-01-01T17:38:54Z</time>
      </trkpt>
    </trkseg>
  </trk>
</gpx>