<?xml version='1.0' encoding='UTF-8'?>
<gpx xmlns="http://www.topografix.com/GPX/1/1" xmlns:xsi="http://www.w3.org/2001/XMLSchema-instance" version="1.1" creator="Bosque Abierto MTB - Guardianes del Bosque" xsi:schemaLocation="http://www.topografix.com/GPX/1/1 http://www.topografix.com/GPX/1/1/gpx.xsd">
  <metadata>
    <name>Lefu Bike Xc Azul</name>
    <desc>Ruta MTB Bosque Abierto - ARAUCO Renovables</desc>
    <author>
      <name>Guardianes del Bosque MTB</name>
    </author>
    <time>2024-01-01T10:00:00Z</time>
  </metadata>
  <trk>
    <name>Lefu Bike Xc Azul</name>
    <type>cycling</type>
    <trkseg>
      <trkpt lat="-37.5840890" lon="-73.6410980">
        <ele>36.0</ele>
        <time>2024-01-01T10:00:00Z</time>
      </trkpt>
      <trkpt lat="-37.5840680" lon="-73.6410160">
        <ele>35.9</ele>
        <time>2024-01-01T10:00:33Z</time>
      </trkpt>
      <trkpt lat="-37.5843710" lon="-73.6406450">
        <ele>35.3</ele>
        <time>2024-01-01T10:01:06Z</time>
      </trkpt>
      <trkpt lat="-37.5850860" lon="-73.6400790">
        <ele>34.2</ele>
        <time>2024-01-01T10:01:48Z</time>
      </trkpt>
      <trkpt lat="-37.5855460" lon="-73.6394960">
        <ele>33.4</ele>
        <time>2024-01-01T10:02:27Z</time>
      </trkpt>
      <trkpt lat="-37.5856640" lon="-73.6370500">
        <ele>30.4</ele>
        <time>2024-01-01T10:05:15Z</time>
      </trkpt>
      <trkpt lat="-37.5861060" lon="-73.6360470">
        <ele>29.1</ele>
        <time>2024-01-01T10:06:30Z</time>
      </trkpt>
      <trkpt lat="-37.5865280" lon="-73.6358300">
        <ele>28.4</ele>
        <time>2024-01-01T10:07:06Z</time>
      </trkpt>
      <trkpt lat="-37.5867600" lon="-73.6358370">
        <ele>28.1</ele>
        <time>2024-01-01T10:07:24Z</time>
      </trkpt>
      <trkpt lat="-37.5877280" lon="-73.6361420">
        <ele>26.5</ele>
        <time>2024-01-01T10:08:42Z</time>
      </trkpt>
      <trkpt lat="-37.5879470" lon="-73.6361160">
        <ele>26.1</ele>
        <time>2024-01-01T10:09:03Z</time>
      </trkpt>
      <trkpt lat="-37.5882910" lon="-73.6359090">
        <ele>25.4</ele>
        <time>2024-01-01T10:09:39Z</time>
      </trkpt>
      <trkpt lat="-37.5901460" lon="-73.6373690">
        <ele>22.3</ele>
        <time>2024-01-01T10:11:09Z</time>
      </trkpt>
      <trkpt lat="-37.5915190" lon="-73.6381950">
        <ele>19.8</ele>
        <time>2024-01-01T10:12:12Z</time>
      </trkpt>
      <trkpt lat="-37.5932350" lon="-73.6387830">
        <ele>17.4</ele>
        <time>2024-01-01T10:14:00Z</time>
      </trkpt>
      <trkpt lat="-37.5946520" lon="-73.6391530">
        <ele>22.1</ele>
        <time>2024-01-01T10:15:33Z</time>
      </trkpt>
      <trkpt lat="-37.5948850" lon="-73.6391280">
        <ele>23.3</ele>
        <time>2024-01-01T10:15:51Z</time>
      </trkpt>
      <trkpt lat="-37.5948720" lon="-73.6390170">
        <ele>23.7</ele>
        <time>2024-01-01T10:16:00Z</time>
      </trkpt>
      <trkpt lat="-37.5942760" lon="-73.6384950">
        <ele>27.7</ele>
        <time>2024-01-01T10:17:15Z</time>
      </trkpt>
      <trkpt lat="-37.5931840" lon="-73.6378720">
        <ele>34.0</ele>
        <time>2024-01-01T10:19:15Z</time>
      </trkpt>
      <trkpt lat="-37.5924670" lon="-73.6372740">
        <ele>37.9</ele>
        <time>2024-01-01T10:20:36Z</time>
      </trkpt>
      <trkpt lat="-37.5922610" lon="-73.6369440">
        <ele>39.9</ele>
        <time>2024-01-01T10:21:09Z</time>
      </trkpt>
      <trkpt lat="-37.5922560" lon="-73.6364070">
        <ele>42.3</ele>
        <time>2024-01-01T10:22:27Z</time>
      </trkpt>
      <trkpt lat="-37.5925290" lon="-73.6361630">
        <ele>44.2</ele>
        <time>2024-01-01T10:23:42Z</time>
      </trkpt>
      <trkpt lat="-37.5930220" lon="-73.6348970">
        <ele>58.2</ele>
        <time>2024-01-01T10:27:54Z</time>
      </trkpt>
      <trkpt lat="-37.5931420" lon="-73.6348440">
        <ele>60.8</ele>
        <time>2024-01-01T10:28:30Z</time>
      </trkpt>
      <trkpt lat="-37.5931910" lon="-73.6351580">
        <ele>65.8</ele>
        <time>2024-01-01T10:29:24Z</time>
      </trkpt>
      <trkpt lat="-37.5936240" lon="-73.6358710">
        <ele>78.2</ele>
        <time>2024-01-01T10:31:42Z</time>
      </trkpt>
      <trkpt lat="-37.5939980" lon="-73.6355090">
        <ele>85.8</ele>
        <time>2024-01-01T10:33:06Z</time>
      </trkpt>
      <trkpt lat="-37.5942660" lon="-73.6345580">
        <ele>99.5</ele>
        <time>2024-01-01T10:35:39Z</time>
      </trkpt>
      <trkpt lat="-37.5943790" lon="-73.6344530">
        <ele>102.0</ele>
        <time>2024-01-01T10:36:06Z</time>
      </trkpt>
      <trkpt lat="-37.5947260" lon="-73.6344440">
        <ele>108.2</ele>
        <time>2024-01-01T10:37:21Z</time>
      </trkpt>
      <trkpt lat="-37.5950020" lon="-73.6345460">
        <ele>113.2</ele>
        <time>2024-01-01T10:38:24Z</time>
      </trkpt>
      <trkpt lat="-37.5953340" lon="-73.6344240">
        <ele>119.5</ele>
        <time>2024-01-01T10:39:48Z</time>
      </trkpt>
      <trkpt lat="-37.5962950" lon="-73.6349360">
        <ele>138.2</ele>
        <time>2024-01-01T10:43:42Z</time>
      </trkpt>
      <trkpt lat="-37.5965160" lon="-73.6345790">
        <ele>142.3</ele>
        <time>2024-01-01T10:44:51Z</time>
      </trkpt>
      <trkpt lat="-37.5966520" lon="-73.6345300">
        <ele>142.5</ele>
        <time>2024-01-01T10:45:15Z</time>
      </trkpt>
      <trkpt lat="-37.5967430" lon="-73.6346480">
        <ele>142.8</ele>
        <time>2024-01-01T10:45:39Z</time>
      </trkpt>
      <trkpt lat="-37.5967070" lon="-73.6350230">
        <ele>143.3</ele>
        <time>2024-01-01T10:46:36Z</time>
      </trkpt>
      <trkpt lat="-37.5965000" lon="-73.6356850">
        <ele>144.4</ele>
        <time>2024-01-01T10:48:12Z</time>
      </trkpt>
      <trkpt lat="-37.5965780" lon="-73.6358370">
        <ele>144.6</ele>
        <time>2024-01-01T10:48:33Z</time>
      </trkpt>
      <trkpt lat="-37.5967240" lon="-73.6359010">
        <ele>144.9</ele>
        <time>2024-01-01T10:48:54Z</time>
      </trkpt>
      <trkpt lat="-37.5970630" lon="-73.6355020">
        <ele>145.7</ele>
        <time>2024-01-01T10:49:57Z</time>
      </trkpt>
      <trkpt lat="-37.5972750" lon="-73.6349380">
        <ele>146.5</ele>
        <time>2024-01-01T10:51:09Z</time>
      </trkpt>
      <trkpt lat="-37.5974580" lon="-73.6347090">
        <ele>146.9</ele>
        <time>2024-01-01T10:51:45Z</time>
      </trkpt>
      <trkpt lat="-37.5977940" lon="-73.6345720">
        <ele>147.5</ele>
        <time>2024-01-01T10:52:36Z</time>
      </trkpt>
      <trkpt lat="-37.5982880" lon="-73.6346020">
        <ele>148.4</ele>
        <time>2024-01-01T10:53:42Z</time>
      </trkpt>
      <trkpt lat="-37.5984710" lon="-73.6347170">
        <ele>148.8</ele>
        <time>2024-01-01T10:54:09Z</time>
      </trkpt>
      <trkpt lat="-37.5987760" lon="-73.6347170">
        <ele>149.4</ele>
        <time>2024-01-01T10:54:54Z</time>
      </trkpt>
      <trkpt lat="-37.5988940" lon="-73.6346270">
        <ele>149.6</ele>
        <time>2024-01-01T10:55:12Z</time>
      </trkpt>
      <trkpt lat="-37.5987670" lon="-73.6338240">
        <ele>150.7</ele>
        <time>2024-01-01T10:56:48Z</time>
      </trkpt>
      <trkpt lat="-37.5985690" lon="-73.6332590">
        <ele>151.5</ele>
        <time>2024-01-01T10:57:45Z</time>
      </trkpt>
      <trkpt lat="-37.5981750" lon="-73.6327260">
        <ele>153.7</ele>
        <time>2024-01-01T10:58:54Z</time>
      </trkpt>
      <trkpt lat="-37.5971590" lon="-73.6317840">
        <ele>162.4</ele>
        <time>2024-01-01T11:01:06Z</time>
      </trkpt>
      <trkpt lat="-37.5960810" lon="-73.6315220">
        <ele>169.4</ele>
        <time>2024-01-01T11:02:09Z</time>
      </trkpt>
      <trkpt lat="-37.5957700" lon="-73.6315330">
        <ele>171.1</ele>
        <time>2024-01-01T11:02:27Z</time>
      </trkpt>
      <trkpt lat="-37.5954600" lon="-73.6314070">
        <ele>173.4</ele>
        <time>2024-01-01T11:02:51Z</time>
      </trkpt>
      <trkpt lat="-37.5952070" lon="-73.6310890">
        <ele>176.3</ele>
        <time>2024-01-01T11:03:21Z</time>
      </trkpt>
      <trkpt lat="-37.5944790" lon="-73.6296620">
        <ele>186.2</ele>
        <time>2024-01-01T11:05:42Z</time>
      </trkpt>
      <trkpt lat="-37.5945110" lon="-73.6293070">
        <ele>188.5</ele>
        <time>2024-01-01T11:06:15Z</time>
      </trkpt>
      <trkpt lat="-37.5949020" lon="-73.6284780">
        <ele>194.3</ele>
        <time>2024-01-01T11:07:36Z</time>
      </trkpt>
      <trkpt lat="-37.5956740" lon="-73.6278170">
        <ele>198.1</ele>
        <time>2024-01-01T11:08:54Z</time>
      </trkpt>
      <trkpt lat="-37.5962910" lon="-73.6270200">
        <ele>200.7</ele>
        <time>2024-01-01T11:10:03Z</time>
      </trkpt>
      <trkpt lat="-37.5967790" lon="-73.6261410">
        <ele>203.1</ele>
        <time>2024-01-01T11:10:51Z</time>
      </trkpt>
      <trkpt lat="-37.5969700" lon="-73.6252130">
        <ele>205.7</ele>
        <time>2024-01-01T11:12:12Z</time>
      </trkpt>
      <trkpt lat="-37.5972590" lon="-73.6244520">
        <ele>207.8</ele>
        <time>2024-01-01T11:13:15Z</time>
      </trkpt>
      <trkpt lat="-37.5972920" lon="-73.6235180">
        <ele>210.2</ele>
        <time>2024-01-01T11:14:18Z</time>
      </trkpt>
      <trkpt lat="-37.5974850" lon="-73.6226950">
        <ele>212.6</ele>
        <time>2024-01-01T11:14:54Z</time>
      </trkpt>
      <trkpt lat="-37.5976440" lon="-73.6223760">
        <ele>213.6</ele>
        <time>2024-01-01T11:15:06Z</time>
      </trkpt>
      <trkpt lat="-37.5982590" lon="-73.6218960">
        <ele>216.0</ele>
        <time>2024-01-01T11:15:36Z</time>
      </trkpt>
      <trkpt lat="-37.5990790" lon="-73.6216770">
        <ele>217.2</ele>
        <time>2024-01-01T11:16:12Z</time>
      </trkpt>
      <trkpt lat="-37.5999830" lon="-73.6216650">
        <ele>218.1</ele>
        <time>2024-01-01T11:16:54Z</time>
      </trkpt>
      <trkpt lat="-37.6007920" lon="-73.6218340">
        <ele>218.9</ele>
        <time>2024-01-01T11:17:39Z</time>
      </trkpt>
      <trkpt lat="-37.6011720" lon="-73.6216980">
        <ele>219.3</ele>
        <time>2024-01-01T11:17:54Z</time>
      </trkpt>
      <trkpt lat="-37.6017450" lon="-73.6217970">
        <ele>219.8</ele>
        <time>2024-01-01T11:18:24Z</time>
      </trkpt>
      <trkpt lat="-37.6029390" lon="-73.6225300">
        <ele>221.2</ele>
        <time>2024-01-01T11:19:36Z</time>
      </trkpt>
      <trkpt lat="-37.6034600" lon="-73.6226670">
        <ele>221.7</ele>
        <time>2024-01-01T11:20:06Z</time>
      </trkpt>
      <trkpt lat="-37.6050150" lon="-73.6223450">
        <ele>223.5</ele>
        <time>2024-01-01T11:21:48Z</time>
      </trkpt>
      <trkpt lat="-37.6055360" lon="-73.6218080">
        <ele>223.6</ele>
        <time>2024-01-01T11:22:45Z</time>
      </trkpt>
      <trkpt lat="-37.6055710" lon="-73.6216190">
        <ele>223.4</ele>
        <time>2024-01-01T11:22:57Z</time>
      </trkpt>
      <trkpt lat="-37.6053890" lon="-73.6207050">
        <ele>222.6</ele>
        <time>2024-01-01T11:23:48Z</time>
      </trkpt>
      <trkpt lat="-37.6054380" lon="-73.6205090">
        <ele>222.4</ele>
        <time>2024-01-01T11:24:06Z</time>
      </trkpt>
      <trkpt lat="-37.6053730" lon="-73.6200200">
        <ele>222.1</ele>
        <time>2024-01-01T11:24:33Z</time>
      </trkpt>
      <trkpt lat="-37.6054970" lon="-73.6194400">
        <ele>221.5</ele>
        <time>2024-01-01T11:24:51Z</time>
      </trkpt>
      <trkpt lat="-37.6053970" lon="-73.6179110">
        <ele>220.3</ele>
        <time>2024-01-01T11:25:54Z</time>
      </trkpt>
      <trkpt lat="-37.6053130" lon="-73.6174390">
        <ele>219.9</ele>
        <time>2024-01-01T11:26:18Z</time>
      </trkpt>
      <trkpt lat="-37.6049260" lon="-73.6163410">
        <ele>218.9</ele>
        <time>2024-01-01T11:27:45Z</time>
      </trkpt>
      <trkpt lat="-37.6049150" lon="-73.6159170">
        <ele>218.7</ele>
        <time>2024-01-01T11:28:00Z</time>
      </trkpt>
      <trkpt lat="-37.6047210" lon="-73.6151560">
        <ele>218.0</ele>
        <time>2024-01-01T11:28:48Z</time>
      </trkpt>
      <trkpt lat="-37.6044770" lon="-73.6144980">
        <ele>217.4</ele>
        <time>2024-01-01T11:29:09Z</time>
      </trkpt>
      <trkpt lat="-37.6038300" lon="-73.6133000">
        <ele>216.4</ele>
        <time>2024-01-01T11:30:00Z</time>
      </trkpt>
      <trkpt lat="-37.6034350" lon="-73.6120660">
        <ele>215.7</ele>
        <time>2024-01-01T11:30:36Z</time>
      </trkpt>
      <trkpt lat="-37.6029040" lon="-73.6109070">
        <ele>215.0</ele>
        <time>2024-01-01T11:31:15Z</time>
      </trkpt>
      <trkpt lat="-37.6028970" lon="-73.6107450">
        <ele>214.9</ele>
        <time>2024-01-01T11:31:21Z</time>
      </trkpt>
      <trkpt lat="-37.6026530" lon="-73.6104140">
        <ele>214.6</ele>
        <time>2024-01-01T11:31:39Z</time>
      </trkpt>
      <trkpt lat="-37.6023950" lon="-73.6102960">
        <ele>214.4</ele>
        <time>2024-01-01T11:31:51Z</time>
      </trkpt>
      <trkpt lat="-37.6021320" lon="-73.6097950">
        <ele>214.1</ele>
        <time>2024-01-01T11:32:15Z</time>
      </trkpt>
      <trkpt lat="-37.6022940" lon="-73.6088030">
        <ele>213.5</ele>
        <time>2024-01-01T11:33:12Z</time>
      </trkpt>
      <trkpt lat="-37.6022100" lon="-73.6083500">
        <ele>213.2</ele>
        <time>2024-01-01T11:33:36Z</time>
      </trkpt>
      <trkpt lat="-37.6029420" lon="-73.6053680">
        <ele>207.5</ele>
        <time>2024-01-01T11:36:03Z</time>
      </trkpt>
      <trkpt lat="-37.6029150" lon="-73.6043330">
        <ele>203.0</ele>
        <time>2024-01-01T11:36:39Z</time>
      </trkpt>
      <trkpt lat="-37.6033200" lon="-73.6036550">
        <ele>199.5</ele>
        <time>2024-01-01T11:37:15Z</time>
      </trkpt>
      <trkpt lat="-37.6034770" lon="-73.6032060">
        <ele>197.0</ele>
        <time>2024-01-01T11:37:30Z</time>
      </trkpt>
      <trkpt lat="-37.6034380" lon="-73.6012360">
        <ele>187.5</ele>
        <time>2024-01-01T11:38:33Z</time>
      </trkpt>
      <trkpt lat="-37.6031790" lon="-73.6007960">
        <ele>185.5</ele>
        <time>2024-01-01T11:38:45Z</time>
      </trkpt>
      <trkpt lat="-37.6025800" lon="-73.6002750">
        <ele>182.5</ele>
        <time>2024-01-01T11:39:03Z</time>
      </trkpt>
      <trkpt lat="-37.6020460" lon="-73.6000030">
        <ele>180.0</ele>
        <time>2024-01-01T11:39:18Z</time>
      </trkpt>
      <trkpt lat="-37.6012830" lon="-73.5997580">
        <ele>176.0</ele>
        <time>2024-01-01T11:39:42Z</time>
      </trkpt>
      <trkpt lat="-37.6010770" lon="-73.5993180">
        <ele>173.3</ele>
        <time>2024-01-01T11:40:00Z</time>
      </trkpt>
      <trkpt lat="-37.6008880" lon="-73.5983480">
        <ele>165.9</ele>
        <time>2024-01-01T11:40:30Z</time>
      </trkpt>
      <trkpt lat="-37.6005320" lon="-73.5973870">
        <ele>158.5</ele>
        <time>2024-01-01T11:41:00Z</time>
      </trkpt>
      <trkpt lat="-37.6003080" lon="-73.5969850">
        <ele>154.8</ele>
        <time>2024-01-01T11:41:18Z</time>
      </trkpt>
      <trkpt lat="-37.5996070" lon="-73.5965020">
        <ele>148.2</ele>
        <time>2024-01-01T11:41:48Z</time>
      </trkpt>
      <trkpt lat="-37.5994210" lon="-73.5961390">
        <ele>145.3</ele>
        <time>2024-01-01T11:42:03Z</time>
      </trkpt>
      <trkpt lat="-37.5989910" lon="-73.5962030">
        <ele>142.3</ele>
        <time>2024-01-01T11:42:30Z</time>
      </trkpt>
      <trkpt lat="-37.5985670" lon="-73.5959580">
        <ele>137.9</ele>
        <time>2024-01-01T11:43:45Z</time>
      </trkpt>
      <trkpt lat="-37.5977890" lon="-73.5957720">
        <ele>131.3</ele>
        <time>2024-01-01T11:44:12Z</time>
      </trkpt>
      <trkpt lat="-37.5975230" lon="-73.5954660">
        <ele>128.3</ele>
        <time>2024-01-01T11:44:24Z</time>
      </trkpt>
      <trkpt lat="-37.5972460" lon="-73.5952970">
        <ele>126.1</ele>
        <time>2024-01-01T11:44:33Z</time>
      </trkpt>
      <trkpt lat="-37.5969790" lon="-73.5948650">
        <ele>123.2</ele>
        <time>2024-01-01T11:44:45Z</time>
      </trkpt>
      <trkpt lat="-37.5966800" lon="-73.5945660">
        <ele>120.2</ele>
        <time>2024-01-01T11:44:57Z</time>
      </trkpt>
      <trkpt lat="-37.5965010" lon="-73.5944410">
        <ele>118.7</ele>
        <time>2024-01-01T11:45:03Z</time>
      </trkpt>
      <trkpt lat="-37.5960900" lon="-73.5943810">
        <ele>115.8</ele>
        <time>2024-01-01T11:45:15Z</time>
      </trkpt>
      <trkpt lat="-37.5956340" lon="-73.5938270">
        <ele>110.8</ele>
        <time>2024-01-01T11:45:36Z</time>
      </trkpt>
      <trkpt lat="-37.5949820" lon="-73.5935570">
        <ele>105.0</ele>
        <time>2024-01-01T11:46:00Z</time>
      </trkpt>
      <trkpt lat="-37.5949100" lon="-73.5934390">
        <ele>104.2</ele>
        <time>2024-01-01T11:46:06Z</time>
      </trkpt>
      <trkpt lat="-37.5950580" lon="-73.5930550">
        <ele>101.4</ele>
        <time>2024-01-01T11:46:21Z</time>
      </trkpt>
      <trkpt lat="-37.5948000" lon="-73.5923620">
        <ele>95.6</ele>
        <time>2024-01-01T11:46:45Z</time>
      </trkpt>
      <trkpt lat="-37.5950790" lon="-73.5915720">
        <ele>89.8</ele>
        <time>2024-01-01T11:47:09Z</time>
      </trkpt>
      <trkpt lat="-37.5949880" lon="-73.5913640">
        <ele>88.3</ele>
        <time>2024-01-01T11:47:21Z</time>
      </trkpt>
      <trkpt lat="-37.5946380" lon="-73.5911440">
        <ele>85.4</ele>
        <time>2024-01-01T11:47:45Z</time>
      </trkpt>
      <trkpt lat="-37.5946280" lon="-73.5907450">
        <ele>83.3</ele>
        <time>2024-01-01T11:48:03Z</time>
      </trkpt>
      <trkpt lat="-37.5947880" lon="-73.5906170">
        <ele>81.1</ele>
        <time>2024-01-01T11:48:12Z</time>
      </trkpt>
      <trkpt lat="-37.5952150" lon="-73.5906730">
        <ele>76.8</ele>
        <time>2024-01-01T11:48:30Z</time>
      </trkpt>
      <trkpt lat="-37.5957140" lon="-73.5902930">
        <ele>71.7</ele>
        <time>2024-01-01T11:48:51Z</time>
      </trkpt>
      <trkpt lat="-37.5961010" lon="-73.5902340">
        <ele>68.1</ele>
        <time>2024-01-01T11:49:09Z</time>
      </trkpt>
      <trkpt lat="-37.5960130" lon="-73.5899520">
        <ele>65.9</ele>
        <time>2024-01-01T11:49:36Z</time>
      </trkpt>
      <trkpt lat="-37.5955990" lon="-73.5894380">
        <ele>61.5</ele>
        <time>2024-01-01T11:50:36Z</time>
      </trkpt>
      <trkpt lat="-37.5957850" lon="-73.5893160">
        <ele>60.1</ele>
        <time>2024-01-01T11:51:27Z</time>
      </trkpt>
      <trkpt lat="-37.5962230" lon="-73.5892990">
        <ele>57.2</ele>
        <time>2024-01-01T11:52:12Z</time>
      </trkpt>
      <trkpt lat="-37.5970880" lon="-73.5889960">
        <ele>51.8</ele>
        <time>2024-01-01T11:53:33Z</time>
      </trkpt>
      <trkpt lat="-37.5969240" lon="-73.5881230">
        <ele>47.9</ele>
        <time>2024-01-01T11:54:06Z</time>
      </trkpt>
      <trkpt lat="-37.5967120" lon="-73.5878510">
        <ele>46.0</ele>
        <time>2024-01-01T11:54:18Z</time>
      </trkpt>
      <trkpt lat="-37.5959690" lon="-73.5874240">
        <ele>41.1</ele>
        <time>2024-01-01T11:55:12Z</time>
      </trkpt>
      <trkpt lat="-37.5955620" lon="-73.5865660">
        <ele>36.2</ele>
        <time>2024-01-01T11:56:27Z</time>
      </trkpt>
      <trkpt lat="-37.5955170" lon="-73.5859500">
        <ele>33.8</ele>
        <time>2024-01-01T11:57:09Z</time>
      </trkpt>
      <trkpt lat="-37.5954060" lon="-73.5857080">
        <ele>32.8</ele>
        <time>2024-01-01T11:57:21Z</time>
      </trkpt>
      <trkpt lat="-37.5952730" lon="-73.5856730">
        <ele>31.8</ele>
        <time>2024-01-01T11:57:27Z</time>
      </trkpt>
      <trkpt lat="-37.5948090" lon="-73.5858760">
        <ele>29.4</ele>
        <time>2024-01-01T11:57:48Z</time>
      </trkpt>
      <trkpt lat="-37.5941480" lon="-73.5859040">
        <ele>27.4</ele>
        <time>2024-01-01T11:58:15Z</time>
      </trkpt>
      <trkpt lat="-37.5939540" lon="-73.5861190">
        <ele>29.5</ele>
        <time>2024-01-01T11:58:24Z</time>
      </trkpt>
      <trkpt lat="-37.5936450" lon="-73.5868790">
        <ele>35.1</ele>
        <time>2024-01-01T11:58:57Z</time>
      </trkpt>
      <trkpt lat="-37.5931180" lon="-73.5877060">
        <ele>41.3</ele>
        <time>2024-01-01T11:59:51Z</time>
      </trkpt>
      <trkpt lat="-37.5931200" lon="-73.5882360">
        <ele>44.8</ele>
        <time>2024-01-01T12:00:24Z</time>
      </trkpt>
      <trkpt lat="-37.5929720" lon="-73.5891270">
        <ele>50.4</ele>
        <time>2024-01-01T12:01:36Z</time>
      </trkpt>
      <trkpt lat="-37.5925400" lon="-73.5903560">
        <ele>59.5</ele>
        <time>2024-01-01T12:03:21Z</time>
      </trkpt>
      <trkpt lat="-37.5923560" lon="-73.5905000">
        <ele>61.6</ele>
        <time>2024-01-01T12:03:48Z</time>
      </trkpt>
      <trkpt lat="-37.5919940" lon="-73.5903310">
        <ele>65.1</ele>
        <time>2024-01-01T12:04:36Z</time>
      </trkpt>
      <trkpt lat="-37.5916860" lon="-73.5903800">
        <ele>67.8</ele>
        <time>2024-01-01T12:05:15Z</time>
      </trkpt>
      <trkpt lat="-37.5915150" lon="-73.5909400">
        <ele>72.0</ele>
        <time>2024-01-01T12:06:06Z</time>
      </trkpt>
      <trkpt lat="-37.5912120" lon="-73.5910820">
        <ele>74.8</ele>
        <time>2024-01-01T12:06:42Z</time>
      </trkpt>
      <trkpt lat="-37.5906580" lon="-73.5910200">
        <ele>79.4</ele>
        <time>2024-01-01T12:08:00Z</time>
      </trkpt>
      <trkpt lat="-37.5898060" lon="-73.5905580">
        <ele>84.1</ele>
        <time>2024-01-01T12:09:36Z</time>
      </trkpt>
      <trkpt lat="-37.5894670" lon="-73.5904910">
        <ele>85.7</ele>
        <time>2024-01-01T12:10:15Z</time>
      </trkpt>
      <trkpt lat="-37.5889590" lon="-73.5901100">
        <ele>89.1</ele>
        <time>2024-01-01T12:11:09Z</time>
      </trkpt>
      <trkpt lat="-37.5886160" lon="-73.5895240">
        <ele>92.5</ele>
        <time>2024-01-01T12:13:12Z</time>
      </trkpt>
      <trkpt lat="-37.5882310" lon="-73.5894040">
        <ele>94.6</ele>
        <time>2024-01-01T12:14:09Z</time>
      </trkpt>
      <trkpt lat="-37.5878200" lon="-73.5890650">
        <ele>97.1</ele>
        <time>2024-01-01T12:15:00Z</time>
      </trkpt>
      <trkpt lat="-37.5875580" lon="-73.5889780">
        <ele>98.4</ele>
        <time>2024-01-01T12:15:27Z</time>
      </trkpt>
      <trkpt lat="-37.5873340" lon="-73.5892420">
        <ele>100.1</ele>
        <time>2024-01-01T12:16:00Z</time>
      </trkpt>
      <trkpt lat="-37.5871320" lon="-73.5892490">
        <ele>101.3</ele>
        <time>2024-01-01T12:16:15Z</time>
      </trkpt>
      <trkpt lat="-37.5870280" lon="-73.5887690">
        <ele>103.4</ele>
        <time>2024-01-01T12:17:03Z</time>
      </trkpt>
      <trkpt lat="-37.5871160" lon="-73.5885000">
        <ele>104.7</ele>
        <time>2024-01-01T12:17:30Z</time>
      </trkpt>
      <trkpt lat="-37.5873890" lon="-73.5883850">
        <ele>106.4</ele>
        <time>2024-01-01T12:18:09Z</time>
      </trkpt>
      <trkpt lat="-37.5876660" lon="-73.5884680">
        <ele>108.1</ele>
        <time>2024-01-01T12:18:42Z</time>
      </trkpt>
      <trkpt lat="-37.5879280" lon="-73.5884090">
        <ele>109.3</ele>
        <time>2024-01-01T12:19:12Z</time>
      </trkpt>
      <trkpt lat="-37.5881310" lon="-73.5881410">
        <ele>111.0</ele>
        <time>2024-01-01T12:19:48Z</time>
      </trkpt>
      <trkpt lat="-37.5881200" lon="-73.5878380">
        <ele>112.3</ele>
        <time>2024-01-01T12:20:18Z</time>
      </trkpt>
      <trkpt lat="-37.5879260" lon="-73.5876870">
        <ele>113.7</ele>
        <time>2024-01-01T12:20:39Z</time>
      </trkpt>
      <trkpt lat="-37.5872590" lon="-73.5874920">
        <ele>117.3</ele>
        <time>2024-01-01T12:22:06Z</time>
      </trkpt>
      <trkpt lat="-37.5868620" lon="-73.5875820">
        <ele>119.5</ele>
        <time>2024-01-01T12:22:51Z</time>
      </trkpt>
      <trkpt lat="-37.5854230" lon="-73.5891010">
        <ele>129.8</ele>
        <time>2024-01-01T12:25:39Z</time>
      </trkpt>
      <trkpt lat="-37.5844960" lon="-73.5906460">
        <ele>138.7</ele>
        <time>2024-01-01T12:28:00Z</time>
      </trkpt>
      <trkpt lat="-37.5838490" lon="-73.5911330">
        <ele>143.2</ele>
        <time>2024-01-01T12:29:27Z</time>
      </trkpt>
      <trkpt lat="-37.5835000" lon="-73.5915740">
        <ele>146.3</ele>
        <time>2024-01-01T12:30:03Z</time>
      </trkpt>
      <trkpt lat="-37.5834400" lon="-73.5919220">
        <ele>149.0</ele>
        <time>2024-01-01T12:30:45Z</time>
      </trkpt>
      <trkpt lat="-37.5835970" lon="-73.5926730">
        <ele>154.4</ele>
        <time>2024-01-01T12:32:03Z</time>
      </trkpt>
      <trkpt lat="-37.5833930" lon="-73.5940480">
        <ele>164.5</ele>
        <time>2024-01-01T12:34:27Z</time>
      </trkpt>
      <trkpt lat="-37.5836700" lon="-73.5945120">
        <ele>168.5</ele>
        <time>2024-01-01T12:35:24Z</time>
      </trkpt>
      <trkpt lat="-37.5840820" lon="-73.5963960">
        <ele>181.9</ele>
        <time>2024-01-01T12:38:45Z</time>
      </trkpt>
      <trkpt lat="-37.5844470" lon="-73.5973090">
        <ele>189.3</ele>
        <time>2024-01-01T12:40:15Z</time>
      </trkpt>
      <trkpt lat="-37.5846200" lon="-73.5975490">
        <ele>191.3</ele>
        <time>2024-01-01T12:40:33Z</time>
      </trkpt>
      <trkpt lat="-37.5854260" lon="-73.5981980">
        <ele>194.5</ele>
        <time>2024-01-01T12:41:15Z</time>
      </trkpt>
      <trkpt lat="-37.5864310" lon="-73.5995820">
        <ele>189.0</ele>
        <time>2024-01-01T12:43:27Z</time>
      </trkpt>
      <trkpt lat="-37.5870520" lon="-73.6000280">
        <ele>186.6</ele>
        <time>2024-01-01T12:44:00Z</time>
      </trkpt>
      <trkpt lat="-37.5881030" lon="-73.6005580">
        <ele>183.6</ele>
        <time>2024-01-01T12:45:00Z</time>
      </trkpt>
      <trkpt lat="-37.5886080" lon="-73.6010960">
        <ele>181.8</ele>
        <time>2024-01-01T12:45:36Z</time>
      </trkpt>
      <trkpt lat="-37.5890540" lon="-73.6018030">
        <ele>179.4</ele>
        <time>2024-01-01T12:46:24Z</time>
      </trkpt>
      <trkpt lat="-37.5894770" lon="-73.6028200">
        <ele>176.3</ele>
        <time>2024-01-01T12:47:24Z</time>
      </trkpt>
      <trkpt lat="-37.5904690" lon="-73.6046810">
        <ele>179.7</ele>
        <time>2024-01-01T12:48:51Z</time>
      </trkpt>
      <trkpt lat="-37.5909530" lon="-73.6063140">
        <ele>189.8</ele>
        <time>2024-01-01T12:50:12Z</time>
      </trkpt>
      <trkpt lat="-37.5913720" lon="-73.6072630">
        <ele>195.8</ele>
        <time>2024-01-01T12:50:57Z</time>
      </trkpt>
      <trkpt lat="-37.5915690" lon="-73.6074820">
        <ele>197.8</ele>
        <time>2024-01-01T12:51:06Z</time>
      </trkpt>
      <trkpt lat="-37.5928650" lon="-73.6082150">
        <ele>208.6</ele>
        <time>2024-01-01T12:52:03Z</time>
      </trkpt>
      <trkpt lat="-37.5932470" lon="-73.6086430">
        <ele>211.9</ele>
        <time>2024-01-01T12:52:33Z</time>
      </trkpt>
      <trkpt lat="-37.5935290" lon="-73.6093190">
        <ele>215.9</ele>
        <time>2024-01-01T12:53:09Z</time>
      </trkpt>
      <trkpt lat="-37.5936480" lon="-73.6106710">
        <ele>223.6</ele>
        <time>2024-01-01T12:54:45Z</time>
      </trkpt>
      <trkpt lat="-37.5937710" lon="-73.6108790">
        <ele>223.0</ele>
        <time>2024-01-01T12:55:12Z</time>
      </trkpt>
      <trkpt lat="-37.5945860" lon="-73.6110100">
        <ele>221.4</ele>
        <time>2024-01-01T12:55:54Z</time>
      </trkpt>
      <trkpt lat="-37.5948640" lon="-73.6109790">
        <ele>220.8</ele>
        <time>2024-01-01T12:56:03Z</time>
      </trkpt>
      <trkpt lat="-37.5952400" lon="-73.6108240">
        <ele>220.1</ele>
        <time>2024-01-01T12:56:15Z</time>
      </trkpt>
      <trkpt lat="-37.5956580" lon="-73.6104800">
        <ele>219.1</ele>
        <time>2024-01-01T12:56:30Z</time>
      </trkpt>
      <trkpt lat="-37.5959130" lon="-73.6104050">
        <ele>218.5</ele>
        <time>2024-01-01T12:56:39Z</time>
      </trkpt>
      <trkpt lat="-37.5973040" lon="-73.6105750">
        <ele>215.1</ele>
        <time>2024-01-01T12:58:00Z</time>
      </trkpt>
      <trkpt lat="-37.5975910" lon="-73.6104310">
        <ele>214.3</ele>
        <time>2024-01-01T12:58:36Z</time>
      </trkpt>
      <trkpt lat="-37.5979790" lon="-73.6100600">
        <ele>213.1</ele>
        <time>2024-01-01T12:59:30Z</time>
      </trkpt>
      <trkpt lat="-37.5982140" lon="-73.6100170">
        <ele>212.6</ele>
        <time>2024-01-01T12:59:54Z</time>
      </trkpt>
      <trkpt lat="-37.5986320" lon="-73.6101260">
        <ele>211.6</ele>
        <time>2024-01-01T13:00:42Z</time>
      </trkpt>
      <trkpt lat="-37.5993700" lon="-73.6107620">
        <ele>209.6</ele>
        <time>2024-01-01T13:01:33Z</time>
      </trkpt>
      <trkpt lat="-37.5997850" lon="-73.6107860">
        <ele>209.3</ele>
        <time>2024-01-01T13:01:51Z</time>
      </trkpt>
      <trkpt lat="-37.6000730" lon="-73.6106320">
        <ele>209.9</ele>
        <time>2024-01-01T13:02:09Z</time>
      </trkpt>
      <trkpt lat="-37.6010470" lon="-73.6097060">
        <ele>212.4</ele>
        <time>2024-01-01T13:03:39Z</time>
      </trkpt>
      <trkpt lat="-37.6018970" lon="-73.6086870">
        <ele>215.2</ele>
        <time>2024-01-01T13:05:18Z</time>
      </trkpt>
      <trkpt lat="-37.6020560" lon="-73.6086010">
        <ele>215.5</ele>
        <time>2024-01-01T13:05:30Z</time>
      </trkpt>
      <trkpt lat="-37.6022010" lon="-73.6086390">
        <ele>215.8</ele>
        <time>2024-01-01T13:05:42Z</time>
      </trkpt>
      <trkpt lat="-37.6022640" lon="-73.6088170">
        <ele>216.2</ele>
        <time>2024-01-01T13:05:54Z</time>
      </trkpt>
      <trkpt lat="-37.6021200" lon="-73.6096510">
        <ele>217.6</ele>
        <time>2024-01-01T13:06:45Z</time>
      </trkpt>
      <trkpt lat="-37.6021670" lon="-73.6101180">
        <ele>218.2</ele>
        <time>2024-01-01T13:07:00Z</time>
      </trkpt>
      <trkpt lat="-37.6023470" lon="-73.6104650">
        <ele>218.8</ele>
        <time>2024-01-01T13:07:15Z</time>
      </trkpt>
      <trkpt lat="-37.6026150" lon="-73.6106390">
        <ele>219.3</ele>
        <time>2024-01-01T13:07:33Z</time>
      </trkpt>
      <trkpt lat="-37.6029890" lon="-73.6111930">
        <ele>220.3</ele>
        <time>2024-01-01T13:08:09Z</time>
      </trkpt>
      <trkpt lat="-37.6030690" lon="-73.6117000">
        <ele>221.0</ele>
        <time>2024-01-01T13:08:33Z</time>
      </trkpt>
      <trkpt lat="-37.6032300" lon="-73.6120040">
        <ele>221.5</ele>
        <time>2024-01-01T13:09:03Z</time>
      </trkpt>
      <trkpt lat="-37.6033720" lon="-73.6120900">
        <ele>221.8</ele>
        <time>2024-01-01T13:09:09Z</time>
      </trkpt>
      <trkpt lat="-37.6037170" lon="-73.6131180">
        <ele>222.8</ele>
        <time>2024-01-01T13:10:18Z</time>
      </trkpt>
      <trkpt lat="-37.6040150" lon="-73.6136770">
        <ele>223.4</ele>
        <time>2024-01-01T13:11:18Z</time>
      </trkpt>
      <trkpt lat="-37.6040710" lon="-73.6139810">
        <ele>223.7</ele>
        <time>2024-01-01T13:11:45Z</time>
      </trkpt>
      <trkpt lat="-37.6045540" lon="-73.6148800">
        <ele>224.6</ele>
        <time>2024-01-01T13:12:30Z</time>
      </trkpt>
      <trkpt lat="-37.6046780" lon="-73.6156610">
        <ele>225.1</ele>
        <time>2024-01-01T13:13:03Z</time>
      </trkpt>
      <trkpt lat="-37.6051220" lon="-73.6169720">
        <ele>226.2</ele>
        <time>2024-01-01T13:14:09Z</time>
      </trkpt>
      <trkpt lat="-37.6053450" lon="-73.6181110">
        <ele>227.2</ele>
        <time>2024-01-01T13:14:45Z</time>
      </trkpt>
      <trkpt lat="-37.6053680" lon="-73.6208800">
        <ele>228.1</ele>
        <time>2024-01-01T13:16:21Z</time>
      </trkpt>
      <trkpt lat="-37.6055400" lon="-73.6215320">
        <ele>227.0</ele>
        <time>2024-01-01T13:16:48Z</time>
      </trkpt>
      <trkpt lat="-37.6054870" lon="-73.6218520">
        <ele>226.3</ele>
        <time>2024-01-01T13:17:00Z</time>
      </trkpt>
      <trkpt lat="-37.6050450" lon="-73.6223230">
        <ele>224.5</ele>
        <time>2024-01-01T13:17:24Z</time>
      </trkpt>
      <trkpt lat="-37.6044870" lon="-73.6225990">
        <ele>223.0</ele>
        <time>2024-01-01T13:17:45Z</time>
      </trkpt>
      <trkpt lat="-37.6040910" lon="-73.6226020">
        <ele>221.8</ele>
        <time>2024-01-01T13:18:00Z</time>
      </trkpt>
      <trkpt lat="-37.6038040" lon="-73.6226930">
        <ele>220.9</ele>
        <time>2024-01-01T13:18:12Z</time>
      </trkpt>
      <trkpt lat="-37.6034770" lon="-73.6226770">
        <ele>220.3</ele>
        <time>2024-01-01T13:18:27Z</time>
      </trkpt>
      <trkpt lat="-37.6033710" lon="-73.6225850">
        <ele>220.1</ele>
        <time>2024-01-01T13:18:33Z</time>
      </trkpt>
      <trkpt lat="-37.6031270" lon="-73.6226150">
        <ele>219.4</ele>
        <time>2024-01-01T13:18:48Z</time>
      </trkpt>
      <trkpt lat="-37.6021920" lon="-73.6220060">
        <ele>216.7</ele>
        <time>2024-01-01T13:19:48Z</time>
      </trkpt>
      <trkpt lat="-37.6021820" lon="-73.6218710">
        <ele>216.5</ele>
        <time>2024-01-01T13:19:51Z</time>
      </trkpt>
      <trkpt lat="-37.6017570" lon="-73.6216880">
        <ele>215.4</ele>
        <time>2024-01-01T13:20:12Z</time>
      </trkpt>
      <trkpt lat="-37.6010030" lon="-73.6216210">
        <ele>213.1</ele>
        <time>2024-01-01T13:20:45Z</time>
      </trkpt>
      <trkpt lat="-37.6004340" lon="-73.6217920">
        <ele>212.1</ele>
        <time>2024-01-01T13:21:12Z</time>
      </trkpt>
      <trkpt lat="-37.5997560" lon="-73.6216960">
        <ele>212.5</ele>
        <time>2024-01-01T13:21:45Z</time>
      </trkpt>
      <trkpt lat="-37.5990110" lon="-73.6217240">
        <ele>212.8</ele>
        <time>2024-01-01T13:22:21Z</time>
      </trkpt>
      <trkpt lat="-37.5981970" lon="-73.6219480">
        <ele>213.3</ele>
        <time>2024-01-01T13:23:06Z</time>
      </trkpt>
      <trkpt lat="-37.5977600" lon="-73.6221440">
        <ele>213.5</ele>
        <time>2024-01-01T13:23:36Z</time>
      </trkpt>
      <trkpt lat="-37.5975690" lon="-73.6223320">
        <ele>213.7</ele>
        <time>2024-01-01T13:23:54Z</time>
      </trkpt>
      <trkpt lat="-37.5973920" lon="-73.6227020">
        <ele>213.9</ele>
        <time>2024-01-01T13:24:18Z</time>
      </trkpt>
      <trkpt lat="-37.5972270" lon="-73.6233740">
        <ele>214.3</ele>
        <time>2024-01-01T13:25:00Z</time>
      </trkpt>
      <trkpt lat="-37.5972740" lon="-73.6244190">
        <ele>214.7</ele>
        <time>2024-01-01T13:25:45Z</time>
      </trkpt>
      <trkpt lat="-37.5969870" lon="-73.6252980">
        <ele>215.2</ele>
        <time>2024-01-01T13:26:18Z</time>
      </trkpt>
      <trkpt lat="-37.5968520" lon="-73.6260600">
        <ele>215.5</ele>
        <time>2024-01-01T13:26:39Z</time>
      </trkpt>
      <trkpt lat="-37.5961370" lon="-73.6272630">
        <ele>213.4</ele>
        <time>2024-01-01T13:27:24Z</time>
      </trkpt>
      <trkpt lat="-37.5956860" lon="-73.6277510">
        <ele>209.7</ele>
        <time>2024-01-01T13:27:54Z</time>
      </trkpt>
      <trkpt lat="-37.5950420" lon="-73.6282280">
        <ele>204.9</ele>
        <time>2024-01-01T13:28:21Z</time>
      </trkpt>
      <trkpt lat="-37.5948210" lon="-73.6287480">
        <ele>201.8</ele>
        <time>2024-01-01T13:28:42Z</time>
      </trkpt>
      <trkpt lat="-37.5943780" lon="-73.6293610">
        <ele>197.6</ele>
        <time>2024-01-01T13:29:09Z</time>
      </trkpt>
      <trkpt lat="-37.5943370" lon="-73.6296640">
        <ele>196.0</ele>
        <time>2024-01-01T13:29:18Z</time>
      </trkpt>
      <trkpt lat="-37.5945660" lon="-73.6299390">
        <ele>193.9</ele>
        <time>2024-01-01T13:29:30Z</time>
      </trkpt>
      <trkpt lat="-37.5953320" lon="-73.6313870">
        <ele>186.0</ele>
        <time>2024-01-01T13:30:15Z</time>
      </trkpt>
      <trkpt lat="-37.5955790" lon="-73.6315270">
        <ele>184.4</ele>
        <time>2024-01-01T13:30:24Z</time>
      </trkpt>
      <trkpt lat="-37.5959570" lon="-73.6315330">
        <ele>181.8</ele>
        <time>2024-01-01T13:30:39Z</time>
      </trkpt>
      <trkpt lat="-37.5970820" lon="-73.6318910">
        <ele>173.4</ele>
        <time>2024-01-01T13:31:36Z</time>
      </trkpt>
      <trkpt lat="-37.5984040" lon="-73.6329670">
        <ele>160.2</ele>
        <time>2024-01-01T13:32:48Z</time>
      </trkpt>
      <trkpt lat="-37.5987660" lon="-73.6338460">
        <ele>153.0</ele>
        <time>2024-01-01T13:33:21Z</time>
      </trkpt>
      <trkpt lat="-37.5988990" lon="-73.6347010">
        <ele>147.1</ele>
        <time>2024-01-01T13:33:54Z</time>
      </trkpt>
      <trkpt lat="-37.5986990" lon="-73.6347770">
        <ele>145.7</ele>
        <time>2024-01-01T13:34:06Z</time>
      </trkpt>
      <trkpt lat="-37.5981230" lon="-73.6345700">
        <ele>141.1</ele>
        <time>2024-01-01T13:34:27Z</time>
      </trkpt>
      <trkpt lat="-37.5975730" lon="-73.6345530">
        <ele>136.5</ele>
        <time>2024-01-01T13:34:51Z</time>
      </trkpt>
      <trkpt lat="-37.5972650" lon="-73.6348720">
        <ele>133.2</ele>
        <time>2024-01-01T13:35:06Z</time>
      </trkpt>
      <trkpt lat="-37.5969960" lon="-73.6356010">
        <ele>128.6</ele>
        <time>2024-01-01T13:35:27Z</time>
      </trkpt>
      <trkpt lat="-37.5966750" lon="-73.6359070">
        <ele>125.2</ele>
        <time>2024-01-01T13:35:45Z</time>
      </trkpt>
      <trkpt lat="-37.5965050" lon="-73.6356120">
        <ele>123.0</ele>
        <time>2024-01-01T13:36:00Z</time>
      </trkpt>
      <trkpt lat="-37.5967170" lon="-73.6351820">
        <ele>118.5</ele>
        <time>2024-01-01T13:36:18Z</time>
      </trkpt>
      <trkpt lat="-37.5967350" lon="-73.6346460">
        <ele>115.5</ele>
        <time>2024-01-01T13:36:39Z</time>
      </trkpt>
      <trkpt lat="-37.5966470" lon="-73.6344970">
        <ele>114.0</ele>
        <time>2024-01-01T13:36:51Z</time>
      </trkpt>
      <trkpt lat="-37.5964990" lon="-73.6345950">
        <ele>112.5</ele>
        <time>2024-01-01T13:37:03Z</time>
      </trkpt>
      <trkpt lat="-37.5962930" lon="-73.6349390">
        <ele>110.2</ele>
        <time>2024-01-01T13:37:21Z</time>
      </trkpt>
      <trkpt lat="-37.5956190" lon="-73.6345410">
        <ele>104.2</ele>
        <time>2024-01-01T13:38:15Z</time>
      </trkpt>
      <trkpt lat="-37.5953200" lon="-73.6344770">
        <ele>102.0</ele>
        <time>2024-01-01T13:38:33Z</time>
      </trkpt>
      <trkpt lat="-37.5949050" lon="-73.6345260">
        <ele>99.0</ele>
        <time>2024-01-01T13:39:00Z</time>
      </trkpt>
      <trkpt lat="-37.5943430" lon="-73.6344230">
        <ele>94.5</ele>
        <time>2024-01-01T13:39:30Z</time>
      </trkpt>
      <trkpt lat="-37.5941070" lon="-73.6348950">
        <ele>90.8</ele>
        <time>2024-01-01T13:39:51Z</time>
      </trkpt>
      <trkpt lat="-37.5939650" lon="-73.6355840">
        <ele>86.2</ele>
        <time>2024-01-01T13:40:18Z</time>
      </trkpt>
      <trkpt lat="-37.5936390" lon="-73.6358640">
        <ele>82.5</ele>
        <time>2024-01-01T13:40:42Z</time>
      </trkpt>
      <trkpt lat="-37.5931990" lon="-73.6351290">
        <ele>75.0</ele>
        <time>2024-01-01T13:41:24Z</time>
      </trkpt>
      <trkpt lat="-37.5931760" lon="-73.6348330">
        <ele>72.8</ele>
        <time>2024-01-01T13:41:36Z</time>
      </trkpt>
      <trkpt lat="-37.5931270" lon="-73.6347640">
        <ele>72.0</ele>
        <time>2024-01-01T13:41:42Z</time>
      </trkpt>
      <trkpt lat="-37.5930240" lon="-73.6347940">
        <ele>71.2</ele>
        <time>2024-01-01T13:41:48Z</time>
      </trkpt>
      <trkpt lat="-37.5925150" lon="-73.6360290">
        <ele>62.2</ele>
        <time>2024-01-01T13:42:39Z</time>
      </trkpt>
      <trkpt lat="-37.5922620" lon="-73.6363290">
        <ele>59.4</ele>
        <time>2024-01-01T13:43:03Z</time>
      </trkpt>
      <trkpt lat="-37.5921940" lon="-73.6368630">
        <ele>56.0</ele>
        <time>2024-01-01T13:43:18Z</time>
      </trkpt>
      <trkpt lat="-37.5922380" lon="-73.6372230">
        <ele>53.9</ele>
        <time>2024-01-01T13:43:30Z</time>
      </trkpt>
      <trkpt lat="-37.5931850" lon="-73.6380100">
        <ele>43.0</ele>
        <time>2024-01-01T13:44:18Z</time>
      </trkpt>
      <trkpt lat="-37.5936720" lon="-73.6381730">
        <ele>38.2</ele>
        <time>2024-01-01T13:44:39Z</time>
      </trkpt>
      <trkpt lat="-37.5943700" lon="-73.6385730">
        <ele>32.7</ele>
        <time>2024-01-01T13:45:18Z</time>
      </trkpt>
      <trkpt lat="-37.5948560" lon="-73.6390590">
        <ele>28.6</ele>
        <time>2024-01-01T13:45:51Z</time>
      </trkpt>
      <trkpt lat="-37.5948240" lon="-73.6391410">
        <ele>27.9</ele>
        <time>2024-01-01T13:46:00Z</time>
      </trkpt>
      <trkpt lat="-37.5922650" lon="-73.6384020">
        <ele>18.2</ele>
        <time>2024-01-01T13:48:30Z</time>
      </trkpt>
      <trkpt lat="-37.5912800" lon="-73.6379870">
        <ele>19.4</ele>
        <time>2024-01-01T13:49:24Z</time>
      </trkpt>
      <trkpt lat="-37.5900900" lon="-73.6372490">
        <ele>20.9</ele>
        <time>2024-01-01T13:50:36Z</time>
      </trkpt>
      <trkpt lat="-37.5885230" lon="-73.6359140">
        <ele>23.8</ele>
        <time>2024-01-01T13:53:03Z</time>
      </trkpt>
      <trkpt lat="-37.5882730" lon="-73.6359080">
        <ele>24.2</ele>
        <time>2024-01-01T13:53:27Z</time>
      </trkpt>
      <trkpt lat="-37.5878890" lon="-73.6360950">
        <ele>24.8</ele>
        <time>2024-01-01T13:53:51Z</time>
      </trkpt>
      <trkpt lat="-37.5866990" lon="-73.6357320">
        <ele>26.2</ele>
        <time>2024-01-01T13:54:57Z</time>
      </trkpt>
      <trkpt lat="-37.5862970" lon="-73.6357920">
        <ele>26.7</ele>
        <time>2024-01-01T13:55:21Z</time>
      </trkpt>
      <trkpt lat="-37.5859660" lon="-73.6361550">
        <ele>28.4</ele>
        <time>2024-01-01T13:55:45Z</time>
      </trkpt>
      <trkpt lat="-37.5856270" lon="-73.6371030">
        <ele>33.8</ele>
        <time>2024-01-01T13:56:33Z</time>
      </trkpt>
      <trkpt lat="-37.5855500" lon="-73.6371490">
        <ele>34.5</ele>
        <time>2024-01-01T13:56:39Z</time>
      </trkpt>
      <trkpt lat="-37.5850280" lon="-73.6370110">
        <ele>39.3</ele>
        <time>2024-01-01T13:57:30Z</time>
      </trkpt>
      <trkpt lat="-37.5844340" lon="-73.6366020">
        <ele>45.5</ele>
        <time>2024-01-01T13:59:15Z</time>
      </trkpt>
      <trkpt lat="-37.5839300" lon="-73.6365990">
        <ele>50.3</ele>
        <time>2024-01-01T14:00:36Z</time>
      </trkpt>
      <trkpt lat="-37.5833840" lon="-73.6362680">
        <ele>55.7</ele>
        <time>2024-01-01T14:02:12Z</time>
      </trkpt>
      <trkpt lat="-37.5830030" lon="-73.6363280">
        <ele>59.2</ele>
        <time>2024-01-01T14:03:18Z</time>
      </trkpt>
      <trkpt lat="-37.5823990" lon="-73.6367080">
        <ele>65.3</ele>
        <time>2024-01-01T14:05:30Z</time>
      </trkpt>
      <trkpt lat="-37.5820430" lon="-73.6363610">
        <ele>69.4</ele>
        <time>2024-01-01T14:07:03Z</time>
      </trkpt>
      <trkpt lat="-37.5819080" lon="-73.6363260">
        <ele>70.8</ele>
        <time>2024-01-01T14:07:30Z</time>
      </trkpt>
      <trkpt lat="-37.5818770" lon="-73.6364720">
        <ele>72.2</ele>
        <time>2024-01-01T14:07:57Z</time>
      </trkpt>
      <trkpt lat="-37.5821890" lon="-73.6370690">
        <ele>77.6</ele>
        <time>2024-01-01T14:09:27Z</time>
      </trkpt>
      <trkpt lat="-37.5823370" lon="-73.6382550">
        <ele>78.3</ele>
        <time>2024-01-01T14:12:12Z</time>
      </trkpt>
      <trkpt lat="-37.5823150" lon="-73.6386030">
        <ele>78.0</ele>
        <time>2024-01-01T14:13:06Z</time>
      </trkpt>
      <trkpt lat="-37.5821340" lon="-73.6388450">
        <ele>77.8</ele>
        <time>2024-01-01T14:13:54Z</time>
      </trkpt>
      <trkpt lat="-37.5810830" lon="-73.6390840">
        <ele>77.0</ele>
        <time>2024-01-01T14:15:24Z</time>
      </trkpt>
      <trkpt lat="-37.5803440" lon="-73.6391030">
        <ele>76.4</ele>
        <time>2024-01-01T14:15:51Z</time>
      </trkpt>
      <trkpt lat="-37.5799920" lon="-73.6390670">
        <ele>76.1</ele>
        <time>2024-01-01T14:16:03Z</time>
      </trkpt>
      <trkpt lat="-37.5793230" lon="-73.6387200">
        <ele>75.6</ele>
        <time>2024-01-01T14:16:27Z</time>
      </trkpt>
      <trkpt lat="-37.5781650" lon="-73.6386430">
        <ele>74.7</ele>
        <time>2024-01-01T14:17:06Z</time>
      </trkpt>
      <trkpt lat="-37.5780710" lon="-73.6387030">
        <ele>74.7</ele>
        <time>2024-01-01T14:17:12Z</time>
      </trkpt>
      <trkpt lat="-37.5781430" lon="-73.6388890">
        <ele>74.5</ele>
        <time>2024-01-01T14:17:21Z</time>
      </trkpt>
      <trkpt lat="-37.5787990" lon="-73.6391500">
        <ele>73.2</ele>
        <time>2024-01-01T14:17:48Z</time>
      </trkpt>
      <trkpt lat="-37.5796830" lon="-73.6398940">
        <ele>64.1</ele>
        <time>2024-01-01T14:18:24Z</time>
      </trkpt>
      <trkpt lat="-37.5797530" lon="-73.6414780">
        <ele>50.8</ele>
        <time>2024-01-01T14:19:12Z</time>
      </trkpt>
      <trkpt lat="-37.5796410" lon="-73.6416730">
        <ele>49.1</ele>
        <time>2024-01-01T14:19:21Z</time>
      </trkpt>
      <trkpt lat="-37.5794330" lon="-73.6417950">
        <ele>47.5</ele>
        <time>2024-01-01T14:19:33Z</time>
      </trkpt>
      <trkpt lat="-37.5791010" lon="-73.6414800">
        <ele>43.3</ele>
        <time>2024-01-01T14:19:54Z</time>
      </trkpt>
      <trkpt lat="-37.5790740" lon="-73.6405540">
        <ele>35.9</ele>
        <time>2024-01-01T14:20:21Z</time>
      </trkpt>
      <trkpt lat="-37.5787080" lon="-73.6401970">
        <ele>30.9</ele>
        <time>2024-01-01T14:20:39Z</time>
      </trkpt>
      <trkpt lat="-37.5786120" lon="-73.6401420">
        <ele>30.1</ele>
        <time>2024-01-01T14:20:45Z</time>
      </trkpt>
      <trkpt lat="-37.5785330" lon="-73.6402110">
        <ele>29.2</ele>
        <time>2024-01-01T14:20:51Z</time>
      </trkpt>
      <trkpt lat="-37.5787620" lon="-73.6412300">
        <ele>20.9</ele>
        <time>2024-01-01T14:21:33Z</time>
      </trkpt>
      <trkpt lat="-37.5795410" lon="-73.6425910">
        <ele>17.6</ele>
        <time>2024-01-01T14:22:21Z</time>
      </trkpt>
      <trkpt lat="-37.5798980" lon="-73.6424790">
        <ele>14.3</ele>
        <time>2024-01-01T14:22:51Z</time>
      </trkpt>
      <trkpt lat="-37.5805040" lon="-73.6425220">
        <ele>11.4</ele>
        <time>2024-01-01T14:23:24Z</time>
      </trkpt>
      <trkpt lat="-37.5808700" lon="-73.6423370">
        <ele>12.5</ele>
        <time>2024-01-01T14:23:54Z</time>
      </trkpt>
      <trkpt lat="-37.5812580" lon="-73.6423550">
        <ele>13.3</ele>
        <time>2024-01-01T14:24:30Z</time>
      </trkpt>
      <trkpt lat="-37.5819350" lon="-73.6421900">
        <ele>15.2</ele>
        <time>2024-01-01T14:25:30Z</time>
      </trkpt>
      <trkpt lat="-37.5833660" lon="-73.6415230">
        <ele>19.2</ele>
        <time>2024-01-01T14:27:33Z</time>
      </trkpt>
      <trkpt lat="-37.5839220" lon="-73.6410530">
        <ele>21.1</ele>
        <time>2024-01-01T14:28:51Z</time>
      </trkpt>
      <trkpt lat="-37.5842900" lon="-73.6414590">
        <ele>21.3</ele>
        <time>2024-01-01T14:28:57Z</time>
      </trkpt>
      <trkpt lat="-37.5842430" lon="-73.6414050">
        <ele>21.5</ele>
        <time>2024-01-01T14:29:03Z</time>
      </trkpt>
      <trkpt lat="-37.5856030" lon="-73.6390990">
        <ele>21.7</ele>
        <time>2024-01-01T14:29:09Z</time>
      </trkpt>
      <trkpt lat="-37.5856060" lon="-73.6377820">
        <ele>24.5</ele>
        <time>2024-01-01T14:30:33Z</time>
      </trkpt>
      <trkpt lat="-37.5856970" lon="-73.6369940">
        <ele>25.9</ele>
        <time>2024-01-01T14:31:15Z</time>
      </trkpt>
      <trkpt lat="-37.5860190" lon="-73.6361950">
        <ele>26.5</ele>
        <time>2024-01-01T14:32:09Z</time>
      </trkpt>
      <trkpt lat="-37.5861860" lon="-73.6359790">
        <ele>26.2</ele>
        <time>2024-01-01T14:32:27Z</time>
      </trkpt>
      <trkpt lat="-37.5864880" lon="-73.6358240">
        <ele>25.7</ele>
        <time>2024-01-01T14:32:51Z</time>
      </trkpt>
      <trkpt lat="-37.5867490" lon="-73.6358360">
        <ele>25.3</ele>
        <time>2024-01-01T14:33:09Z</time>
      </trkpt>
      <trkpt lat="-37.5877790" lon="-73.6361650">
        <ele>23.9</ele>
        <time>2024-01-01T14:34:21Z</time>
      </trkpt>
      <trkpt lat="-37.5879510" lon="-73.6361400">
        <ele>23.7</ele>
        <time>2024-01-01T14:34:33Z</time>
      </trkpt>
      <trkpt lat="-37.5882810" lon="-73.6358900">
        <ele>23.1</ele>
        <time>2024-01-01T14:35:03Z</time>
      </trkpt>
      <trkpt lat="-37.5883650" lon="-73.6359110">
        <ele>23.0</ele>
        <time>2024-01-01T14:35:09Z</time>
      </trkpt>
      <trkpt lat="-37.5894970" lon="-73.6369050">
        <ele>21.0</ele>
        <time>2024-01-01T14:36:12Z</time>
      </trkpt>
      <trkpt lat="-37.5911060" lon="-73.6380110">
        <ele>18.2</ele>
        <time>2024-01-01T14:37:36Z</time>
      </trkpt>
      <trkpt lat="-37.5922910" lon="-73.6385400">
        <ele>21.8</ele>
        <time>2024-01-01T14:38:42Z</time>
      </trkpt>
      <trkpt lat="-37.5946650" lon="-73.6392090">
        <ele>31.0</ele>
        <time>2024-01-01T14:41:06Z</time>
      </trkpt>
      <trkpt lat="-37.5948250" lon="-73.6391930">
        <ele>31.7</ele>
        <time>2024-01-01T14:41:18Z</time>
      </trkpt>
      <trkpt lat="-37.5948540" lon="-73.6390410">
        <ele>32.5</ele>
        <time>2024-01-01T14:41:30Z</time>
      </trkpt>
      <trkpt lat="-37.5943550" lon="-73.6385600">
        <ele>35.6</ele>
        <time>2024-01-01T14:42:18Z</time>
      </trkpt>
      <trkpt lat="-37.5939090" lon="-73.6382790">
        <ele>37.8</ele>
        <time>2024-01-01T14:42:54Z</time>
      </trkpt>
      <trkpt lat="-37.5931980" lon="-73.6380010">
        <ele>41.3</ele>
        <time>2024-01-01T14:43:48Z</time>
      </trkpt>
      <trkpt lat="-37.5922230" lon="-73.6372110">
        <ele>47.0</ele>
        <time>2024-01-01T14:45:18Z</time>
      </trkpt>
      <trkpt lat="-37.5922310" lon="-73.6364420">
        <ele>53.0</ele>
        <time>2024-01-01T14:46:54Z</time>
      </trkpt>
      <trkpt lat="-37.5926450" lon="-73.6358470">
        <ele>59.8</ele>
        <time>2024-01-01T14:49:06Z</time>
      </trkpt>
      <trkpt lat="-37.5930410" lon="-73.6348340">
        <ele>69.5</ele>
        <time>2024-01-01T14:52:00Z</time>
      </trkpt>
      <trkpt lat="-37.5931200" lon="-73.6348250">
        <ele>70.2</ele>
        <time>2024-01-01T14:52:15Z</time>
      </trkpt>
      <trkpt lat="-37.5932380" lon="-73.6353380">
        <ele>74.8</ele>
        <time>2024-01-01T14:53:42Z</time>
      </trkpt>
      <trkpt lat="-37.5935610" lon="-73.6359150">
        <ele>80.8</ele>
        <time>2024-01-01T14:55:18Z</time>
      </trkpt>
      <trkpt lat="-37.5934540" lon="-73.6365480">
        <ele>86.0</ele>
        <time>2024-01-01T14:56:42Z</time>
      </trkpt>
      <trkpt lat="-37.5935960" lon="-73.6368560">
        <ele>89.0</ele>
        <time>2024-01-01T14:57:30Z</time>
      </trkpt>
      <trkpt lat="-37.5936640" lon="-73.6364270">
        <ele>92.8</ele>
        <time>2024-01-01T14:58:42Z</time>
      </trkpt>
      <trkpt lat="-37.5937870" lon="-73.6363410">
        <ele>94.2</ele>
        <time>2024-01-01T14:59:24Z</time>
      </trkpt>
      <trkpt lat="-37.5939940" lon="-73.6363350">
        <ele>96.5</ele>
        <time>2024-01-01T15:00:18Z</time>
      </trkpt>
      <trkpt lat="-37.5941060" lon="-73.6366330">
        <ele>99.5</ele>
        <time>2024-01-01T15:01:24Z</time>
      </trkpt>
      <trkpt lat="-37.5942960" lon="-73.6366360">
        <ele>101.8</ele>
        <time>2024-01-01T15:02:18Z</time>
      </trkpt>
      <trkpt lat="-37.5945710" lon="-73.6362860">
        <ele>106.2</ele>
        <time>2024-01-01T15:03:33Z</time>
      </trkpt>
      <trkpt lat="-37.5947820" lon="-73.6362760">
        <ele>108.5</ele>
        <time>2024-01-01T15:04:12Z</time>
      </trkpt>
      <trkpt lat="-37.5948870" lon="-73.6361750">
        <ele>110.0</ele>
        <time>2024-01-01T15:04:36Z</time>
      </trkpt>
      <trkpt lat="-37.5951660" lon="-73.6362130">
        <ele>113.0</ele>
        <time>2024-01-01T15:06:00Z</time>
      </trkpt>
      <trkpt lat="-37.5952740" lon="-73.6361150">
        <ele>114.5</ele>
        <time>2024-01-01T15:06:36Z</time>
      </trkpt>
      <trkpt lat="-37.5953660" lon="-73.6357480">
        <ele>118.2</ele>
        <time>2024-01-01T15:08:33Z</time>
      </trkpt>
      <trkpt lat="-37.5956870" lon="-73.6356180">
        <ele>122.0</ele>
        <time>2024-01-01T15:10:06Z</time>
      </trkpt>
      <trkpt lat="-37.5959010" lon="-73.6356310">
        <ele>124.2</ele>
        <time>2024-01-01T15:10:42Z</time>
      </trkpt>
      <trkpt lat="-37.5959390" lon="-73.6355500">
        <ele>125.0</ele>
        <time>2024-01-01T15:10:54Z</time>
      </trkpt>
      <trkpt lat="-37.5962330" lon="-73.6356190">
        <ele>128.0</ele>
        <time>2024-01-01T15:11:45Z</time>
      </trkpt>
      <trkpt lat="-37.5966260" lon="-73.6359420">
        <ele>132.5</ele>
        <time>2024-01-01T15:12:39Z</time>
      </trkpt>
      <trkpt lat="-37.5967790" lon="-73.6359210">
        <ele>134.0</ele>
        <time>2024-01-01T15:13:00Z</time>
      </trkpt>
      <trkpt lat="-37.5970450" lon="-73.6355780">
        <ele>137.8</ele>
        <time>2024-01-01T15:13:51Z</time>
      </trkpt>
      <trkpt lat="-37.5974340" lon="-73.6347330">
        <ele>145.2</ele>
        <time>2024-01-01T15:15:39Z</time>
      </trkpt>
      <trkpt lat="-37.5979200" lon="-73.6345480">
        <ele>150.5</ele>
        <time>2024-01-01T15:16:51Z</time>
      </trkpt>
      <trkpt lat="-37.5981460" lon="-73.6342660">
        <ele>154.2</ele>
        <time>2024-01-01T15:18:30Z</time>
      </trkpt>
      <trkpt lat="-37.5985580" lon="-73.6333810">
        <ele>161.4</ele>
        <time>2024-01-01T15:20:57Z</time>
      </trkpt>
      <trkpt lat="-37.5984010" lon="-73.6328820">
        <ele>162.8</ele>
        <time>2024-01-01T15:22:09Z</time>
      </trkpt>
      <trkpt lat="-37.5979580" lon="-73.6321970">
        <ele>165.0</ele>
        <time>2024-01-01T15:24:27Z</time>
      </trkpt>
      <trkpt lat="-37.5974740" lon="-73.6318900">
        <ele>166.6</ele>
        <time>2024-01-01T15:25:48Z</time>
      </trkpt>
      <trkpt lat="-37.5973030" lon="-73.6316810">
        <ele>167.3</ele>
        <time>2024-01-01T15:26:15Z</time>
      </trkpt>
      <trkpt lat="-37.5969290" lon="-73.6317820">
        <ele>168.2</ele>
        <time>2024-01-01T15:26:33Z</time>
      </trkpt>
      <trkpt lat="-37.5966280" lon="-73.6317010">
        <ele>169.1</ele>
        <time>2024-01-01T15:26:51Z</time>
      </trkpt>
      <trkpt lat="-37.5966240" lon="-73.6311610">
        <ele>170.4</ele>
        <time>2024-01-01T15:27:39Z</time>
      </trkpt>
      <trkpt lat="-37.5970660" lon="-73.6302300">
        <ele>173.1</ele>
        <time>2024-01-01T15:29:51Z</time>
      </trkpt>
      <trkpt lat="-37.5972340" lon="-73.6301060">
        <ele>173.5</ele>
        <time>2024-01-01T15:31:09Z</time>
      </trkpt>
      <trkpt lat="-37.5975180" lon="-73.6301270">
        <ele>174.4</ele>
        <time>2024-01-01T15:32:27Z</time>
      </trkpt>
      <trkpt lat="-37.5975410" lon="-73.6295900">
        <ele>175.8</ele>
        <time>2024-01-01T15:34:51Z</time>
      </trkpt>
      <trkpt lat="-37.5976760" lon="-73.6295690">
        <ele>176.2</ele>
        <time>2024-01-01T15:35:30Z</time>
      </trkpt>
      <trkpt lat="-37.5978930" lon="-73.6293610">
        <ele>176.9</ele>
        <time>2024-01-01T15:36:42Z</time>
      </trkpt>
      <trkpt lat="-37.5982600" lon="-73.6293120">
        <ele>178.0</ele>
        <time>2024-01-01T15:39:33Z</time>
      </trkpt>
      <trkpt lat="-37.5983400" lon="-73.6289320">
        <ele>180.8</ele>
        <time>2024-01-01T15:40:27Z</time>
      </trkpt>
      <trkpt lat="-37.5985800" lon="-73.6287650">
        <ele>183.0</ele>
        <time>2024-01-01T15:41:42Z</time>
      </trkpt>
      <trkpt lat="-37.5986220" lon="-73.6284950">
        <ele>184.6</ele>
        <time>2024-01-01T15:42:27Z</time>
      </trkpt>
      <trkpt lat="-37.5985540" lon="-73.6280800">
        <ele>187.4</ele>
        <time>2024-01-01T15:43:39Z</time>
      </trkpt>
      <trkpt lat="-37.5981270" lon="-73.6278040">
        <ele>191.3</ele>
        <time>2024-01-01T15:45:12Z</time>
      </trkpt>
      <trkpt lat="-37.5980270" lon="-73.6273880">
        <ele>194.0</ele>
        <time>2024-01-01T15:47:00Z</time>
      </trkpt>
      <trkpt lat="-37.5978640" lon="-73.6263050">
        <ele>201.2</ele>
        <time>2024-01-01T15:51:45Z</time>
      </trkpt>
      <trkpt lat="-37.5979640" lon="-73.6264300">
        <ele>202.3</ele>
        <time>2024-01-01T15:52:45Z</time>
      </trkpt>
      <trkpt lat="-37.5981280" lon="-73.6260460">
        <ele>205.1</ele>
        <time>2024-01-01T15:54:18Z</time>
      </trkpt>
      <trkpt lat="-37.5980610" lon="-73.6258060">
        <ele>206.7</ele>
        <time>2024-01-01T15:54:54Z</time>
      </trkpt>
      <trkpt lat="-37.5981450" lon="-73.6257720">
        <ele>207.3</ele>
        <time>2024-01-01T15:55:03Z</time>
      </trkpt>
      <trkpt lat="-37.5981420" lon="-73.6256860">
        <ele>207.8</ele>
        <time>2024-01-01T15:55:42Z</time>
      </trkpt>
      <trkpt lat="-37.5980660" lon="-73.6255420">
        <ele>208.9</ele>
        <time>2024-01-01T15:56:45Z</time>
      </trkpt>
      <trkpt lat="-37.5981680" lon="-73.6252400">
        <ele>211.2</ele>
        <time>2024-01-01T15:57:24Z</time>
      </trkpt>
      <trkpt lat="-37.5977590" lon="-73.6245890">
        <ele>215.6</ele>
        <time>2024-01-01T15:58:24Z</time>
      </trkpt>
      <trkpt lat="-37.5978540" lon="-73.6242380">
        <ele>217.8</ele>
        <time>2024-01-01T15:58:48Z</time>
      </trkpt>
      <trkpt lat="-37.5977470" lon="-73.6240590">
        <ele>218.9</ele>
        <time>2024-01-01T15:59:03Z</time>
      </trkpt>
      <trkpt lat="-37.5974740" lon="-73.6239410">
        <ele>219.9</ele>
        <time>2024-01-01T15:59:42Z</time>
      </trkpt>
      <trkpt lat="-37.5972720" lon="-73.6233910">
        <ele>219.7</ele>
        <time>2024-01-01T16:00:21Z</time>
      </trkpt>
      <trkpt lat="-37.5974700" lon="-73.6226270">
        <ele>219.4</ele>
        <time>2024-01-01T16:00:54Z</time>
      </trkpt>
      <trkpt lat="-37.5979660" lon="-73.6220340">
        <ele>219.0</ele>
        <time>2024-01-01T16:01:21Z</time>
      </trkpt>
      <trkpt lat="-37.5984470" lon="-73.6218410">
        <ele>218.7</ele>
        <time>2024-01-01T16:01:42Z</time>
      </trkpt>
      <trkpt lat="-37.5994250" lon="-73.6216330">
        <ele>218.3</ele>
        <time>2024-01-01T16:02:27Z</time>
      </trkpt>
      <trkpt lat="-37.6005530" lon="-73.6218010">
        <ele>217.8</ele>
        <time>2024-01-01T16:03:21Z</time>
      </trkpt>
      <trkpt lat="-37.6013510" lon="-73.6217230">
        <ele>217.5</ele>
        <time>2024-01-01T16:04:09Z</time>
      </trkpt>
      <trkpt lat="-37.6017400" lon="-73.6218180">
        <ele>217.3</ele>
        <time>2024-01-01T16:04:42Z</time>
      </trkpt>
      <trkpt lat="-37.6029870" lon="-73.6225780">
        <ele>218.5</ele>
        <time>2024-01-01T16:06:30Z</time>
      </trkpt>
      <trkpt lat="-37.6033540" lon="-73.6226770">
        <ele>219.4</ele>
        <time>2024-01-01T16:07:03Z</time>
      </trkpt>
      <trkpt lat="-37.6048530" lon="-73.6224660">
        <ele>222.6</ele>
        <time>2024-01-01T16:09:15Z</time>
      </trkpt>
      <trkpt lat="-37.6055150" lon="-73.6219190">
        <ele>224.5</ele>
        <time>2024-01-01T16:10:24Z</time>
      </trkpt>
      <trkpt lat="-37.6055800" lon="-73.6217310">
        <ele>224.9</ele>
        <time>2024-01-01T16:10:39Z</time>
      </trkpt>
      <trkpt lat="-37.6054380" lon="-73.6210750">
        <ele>226.1</ele>
        <time>2024-01-01T16:11:24Z</time>
      </trkpt>
      <trkpt lat="-37.6054590" lon="-73.6183780">
        <ele>229.9</ele>
        <time>2024-01-01T16:13:39Z</time>
      </trkpt>
      <trkpt lat="-37.6051600" lon="-73.6168930">
        <ele>228.4</ele>
        <time>2024-01-01T16:15:06Z</time>
      </trkpt>
      <trkpt lat="-37.6047970" lon="-73.6158240">
        <ele>227.4</ele>
        <time>2024-01-01T16:16:06Z</time>
      </trkpt>
      <trkpt lat="-37.6045670" lon="-73.6147680">
        <ele>226.4</ele>
        <time>2024-01-01T16:16:54Z</time>
      </trkpt>
      <trkpt lat="-37.6037940" lon="-73.6132060">
        <ele>224.8</ele>
        <time>2024-01-01T16:18:09Z</time>
      </trkpt>
      <trkpt lat="-37.6035150" lon="-73.6122840">
        <ele>223.9</ele>
        <time>2024-01-01T16:18:36Z</time>
      </trkpt>
      <trkpt lat="-37.6028960" lon="-73.6108930">
        <ele>222.4</ele>
        <time>2024-01-01T16:19:24Z</time>
      </trkpt>
      <trkpt lat="-37.6022640" lon="-73.6101380">
        <ele>220.6</ele>
        <time>2024-01-01T16:20:03Z</time>
      </trkpt>
      <trkpt lat="-37.6020950" lon="-73.6096090">
        <ele>219.9</ele>
        <time>2024-01-01T16:20:21Z</time>
      </trkpt>
      <trkpt lat="-37.6022820" lon="-73.6087520">
        <ele>218.6</ele>
        <time>2024-01-01T16:21:06Z</time>
      </trkpt>
      <trkpt lat="-37.6022710" lon="-73.6082010">
        <ele>217.7</ele>
        <time>2024-01-01T16:21:36Z</time>
      </trkpt>
      <trkpt lat="-37.6029460" lon="-73.6053980">
        <ele>213.1</ele>
        <time>2024-01-01T16:24:03Z</time>
      </trkpt>
      <trkpt lat="-37.6028980" lon="-73.6044140">
        <ele>211.6</ele>
        <time>2024-01-01T16:24:39Z</time>
      </trkpt>
      <trkpt lat="-37.6034320" lon="-73.6033740">
        <ele>209.5</ele>
        <time>2024-01-01T16:25:33Z</time>
      </trkpt>
      <trkpt lat="-37.6034410" lon="-73.6012570">
        <ele>197.2</ele>
        <time>2024-01-01T16:26:36Z</time>
      </trkpt>
      <trkpt lat="-37.6032050" lon="-73.6008410">
        <ele>194.3</ele>
        <time>2024-01-01T16:26:48Z</time>
      </trkpt>
      <trkpt lat="-37.6026160" lon="-73.6003150">
        <ele>189.8</ele>
        <time>2024-01-01T16:27:06Z</time>
      </trkpt>
      <trkpt lat="-37.6021170" lon="-73.6000290">
        <ele>186.2</ele>
        <time>2024-01-01T16:27:21Z</time>
      </trkpt>
      <trkpt lat="-37.6015120" lon="-73.5998900">
        <ele>181.7</ele>
        <time>2024-01-01T16:27:39Z</time>
      </trkpt>
      <trkpt lat="-37.6012910" lon="-73.5997560">
        <ele>179.5</ele>
        <time>2024-01-01T16:27:48Z</time>
      </trkpt>
      <trkpt lat="-37.6010590" lon="-73.5992370">
        <ele>175.8</ele>
        <time>2024-01-01T16:28:12Z</time>
      </trkpt>
      <trkpt lat="-37.6008950" lon="-73.5984400">
        <ele>169.9</ele>
        <time>2024-01-01T16:28:36Z</time>
      </trkpt>
      <trkpt lat="-37.6003940" lon="-73.5971070">
        <ele>160.4</ele>
        <time>2024-01-01T16:29:15Z</time>
      </trkpt>
      <trkpt lat="-37.6002190" lon="-73.5968960">
        <ele>158.2</ele>
        <time>2024-01-01T16:29:27Z</time>
      </trkpt>
      <trkpt lat="-37.5996580" lon="-73.5965490">
        <ele>153.0</ele>
        <time>2024-01-01T16:29:57Z</time>
      </trkpt>
      <trkpt lat="-37.5994250" lon="-73.5961460">
        <ele>148.3</ele>
        <time>2024-01-01T16:30:15Z</time>
      </trkpt>
      <trkpt lat="-37.5990720" lon="-73.5961910">
        <ele>143.7</ele>
        <time>2024-01-01T16:30:48Z</time>
      </trkpt>
      <trkpt lat="-37.5986390" lon="-73.5959380">
        <ele>138.1</ele>
        <time>2024-01-01T16:31:36Z</time>
      </trkpt>
      <trkpt lat="-37.5978630" lon="-73.5958140">
        <ele>128.7</ele>
        <time>2024-01-01T16:32:39Z</time>
      </trkpt>
      <trkpt lat="-37.5976020" lon="-73.5955080">
        <ele>125.0</ele>
        <time>2024-01-01T16:32:54Z</time>
      </trkpt>
      <trkpt lat="-37.5972740" lon="-73.5952880">
        <ele>121.2</ele>
        <time>2024-01-01T16:33:06Z</time>
      </trkpt>
      <trkpt lat="-37.5968800" lon="-73.5947280">
        <ele>115.6</ele>
        <time>2024-01-01T16:33:24Z</time>
      </trkpt>
      <trkpt lat="-37.5965050" lon="-73.5944610">
        <ele>111.0</ele>
        <time>2024-01-01T16:33:39Z</time>
      </trkpt>
      <trkpt lat="-37.5960030" lon="-73.5943200">
        <ele>105.4</ele>
        <time>2024-01-01T16:33:57Z</time>
      </trkpt>
      <trkpt lat="-37.5957110" lon="-73.5938970">
        <ele>99.8</ele>
        <time>2024-01-01T16:34:15Z</time>
      </trkpt>
      <trkpt lat="-37.5949970" lon="-73.5935800">
        <ele>91.3</ele>
        <time>2024-01-01T16:34:42Z</time>
      </trkpt>
      <trkpt lat="-37.5949260" lon="-73.5934670">
        <ele>90.4</ele>
        <time>2024-01-01T16:34:48Z</time>
      </trkpt>
      <trkpt lat="-37.5949240" lon="-73.5933250">
        <ele>89.5</ele>
        <time>2024-01-01T16:34:54Z</time>
      </trkpt>
      <trkpt lat="-37.5950780" lon="-73.5930490">
        <ele>86.7</ele>
        <time>2024-01-01T16:35:06Z</time>
      </trkpt>
      <trkpt lat="-37.5948120" lon="-73.5924150">
        <ele>80.7</ele>
        <time>2024-01-01T16:35:30Z</time>
      </trkpt>
      <trkpt lat="-37.5950820" lon="-73.5915910">
        <ele>74.8</ele>
        <time>2024-01-01T16:35:57Z</time>
      </trkpt>
      <trkpt lat="-37.5949870" lon="-73.5913690">
        <ele>73.4</ele>
        <time>2024-01-01T16:36:09Z</time>
      </trkpt>
      <trkpt lat="-37.5945930" lon="-73.5910850">
        <ele>70.2</ele>
        <time>2024-01-01T16:36:39Z</time>
      </trkpt>
      <trkpt lat="-37.5946510" lon="-73.5907080">
        <ele>68.2</ele>
        <time>2024-01-01T16:36:57Z</time>
      </trkpt>
      <trkpt lat="-37.5947540" lon="-73.5906410">
        <ele>67.5</ele>
        <time>2024-01-01T16:37:03Z</time>
      </trkpt>
      <trkpt lat="-37.5951620" lon="-73.5907070">
        <ele>64.2</ele>
        <time>2024-01-01T16:37:21Z</time>
      </trkpt>
      <trkpt lat="-37.5957600" lon="-73.5903300">
        <ele>59.0</ele>
        <time>2024-01-01T16:37:45Z</time>
      </trkpt>
      <trkpt lat="-37.5961570" lon="-73.5902170">
        <ele>55.7</ele>
        <time>2024-01-01T16:38:12Z</time>
      </trkpt>
      <trkpt lat="-37.5955960" lon="-73.5894140">
        <ele>48.4</ele>
        <time>2024-01-01T16:39:30Z</time>
      </trkpt>
      <trkpt lat="-37.5958550" lon="-73.5893200">
        <ele>45.8</ele>
        <time>2024-01-01T16:40:21Z</time>
      </trkpt>
      <trkpt lat="-37.5962340" lon="-73.5893450">
        <ele>42.5</ele>
        <time>2024-01-01T16:41:12Z</time>
      </trkpt>
      <trkpt lat="-37.5971060" lon="-73.5889980">
        <ele>35.3</ele>
        <time>2024-01-01T16:42:42Z</time>
      </trkpt>
      <trkpt lat="-37.5969390" lon="-73.5881380">
        <ele>33.4</ele>
        <time>2024-01-01T16:43:15Z</time>
      </trkpt>
      <trkpt lat="-37.5968000" lon="-73.5878620">
        <ele>34.4</ele>
        <time>2024-01-01T16:43:24Z</time>
      </trkpt>
      <trkpt lat="-37.5960940" lon="-73.5875410">
        <ele>37.8</ele>
        <time>2024-01-01T16:44:24Z</time>
      </trkpt>
      <trkpt lat="-37.5957710" lon="-73.5871160">
        <ele>39.9</ele>
        <time>2024-01-01T16:45:09Z</time>
      </trkpt>
      <trkpt lat="-37.5954060" lon="-73.5862660">
        <ele>43.3</ele>
        <time>2024-01-01T16:46:18Z</time>
      </trkpt>
      <trkpt lat="-37.5953880" lon="-73.5857630">
        <ele>45.0</ele>
        <time>2024-01-01T16:46:48Z</time>
      </trkpt>
      <trkpt lat="-37.5952950" lon="-73.5855480">
        <ele>45.7</ele>
        <time>2024-01-01T16:47:03Z</time>
      </trkpt>
      <trkpt lat="-37.5951370" lon="-73.5855430">
        <ele>46.4</ele>
        <time>2024-01-01T16:47:21Z</time>
      </trkpt>
      <trkpt lat="-37.5948220" lon="-73.5858070">
        <ele>47.7</ele>
        <time>2024-01-01T16:47:48Z</time>
      </trkpt>
      <trkpt lat="-37.5942210" lon="-73.5858680">
        <ele>50.1</ele>
        <time>2024-01-01T16:48:30Z</time>
      </trkpt>
      <trkpt lat="-37.5939460" lon="-73.5861260">
        <ele>51.5</ele>
        <time>2024-01-01T16:48:54Z</time>
      </trkpt>
      <trkpt lat="-37.5936610" lon="-73.5868650">
        <ele>54.6</ele>
        <time>2024-01-01T16:49:51Z</time>
      </trkpt>
      <trkpt lat="-37.5931380" lon="-73.5877010">
        <ele>58.3</ele>
        <time>2024-01-01T16:51:36Z</time>
      </trkpt>
      <trkpt lat="-37.5931400" lon="-73.5884800">
        <ele>60.5</ele>
        <time>2024-01-01T16:53:12Z</time>
      </trkpt>
      <trkpt lat="-37.5929480" lon="-73.5892720">
        <ele>63.0</ele>
        <time>2024-01-01T16:55:03Z</time>
      </trkpt>
      <trkpt lat="-37.5927240" lon="-73.5896620">
        <ele>64.4</ele>
        <time>2024-01-01T16:55:45Z</time>
      </trkpt>
      <trkpt lat="-37.5925170" lon="-73.5904050">
        <ele>66.6</ele>
        <time>2024-01-01T16:56:51Z</time>
      </trkpt>
      <trkpt lat="-37.5923410" lon="-73.5905690">
        <ele>67.4</ele>
        <time>2024-01-01T16:57:18Z</time>
      </trkpt>
      <trkpt lat="-37.5919170" lon="-73.5903800">
        <ele>69.1</ele>
        <time>2024-01-01T16:58:15Z</time>
      </trkpt>
      <trkpt lat="-37.5914660" lon="-73.5904910">
        <ele>70.4</ele>
        <time>2024-01-01T16:59:09Z</time>
      </trkpt>
      <trkpt lat="-37.5914680" lon="-73.5910110">
        <ele>72.1</ele>
        <time>2024-01-01T17:00:15Z</time>
      </trkpt>
      <trkpt lat="-37.5913650" lon="-73.5911340">
        <ele>72.6</ele>
        <time>2024-01-01T17:00:36Z</time>
      </trkpt>
      <trkpt lat="-37.5905440" lon="-73.5911400">
        <ele>75.4</ele>
        <time>2024-01-01T17:02:33Z</time>
      </trkpt>
      <trkpt lat="-37.5901470" lon="-73.5907870">
        <ele>77.3</ele>
        <time>2024-01-01T17:03:27Z</time>
      </trkpt>
      <trkpt lat="-37.5898920" lon="-73.5907740">
        <ele>78.4</ele>
        <time>2024-01-01T17:03:51Z</time>
      </trkpt>
      <trkpt lat="-37.5895030" lon="-73.5905410">
        <ele>80.7</ele>
        <time>2024-01-01T17:04:48Z</time>
      </trkpt>
      <trkpt lat="-37.5890930" lon="-73.5905080">
        <ele>82.8</ele>
        <time>2024-01-01T17:05:24Z</time>
      </trkpt>
      <trkpt lat="-37.5886140" lon="-73.5895310">
        <ele>88.3</ele>
        <time>2024-01-01T17:07:36Z</time>
      </trkpt>
      <trkpt lat="-37.5882450" lon="-73.5894960">
        <ele>90.4</ele>
        <time>2024-01-01T17:08:33Z</time>
      </trkpt>
      <trkpt lat="-37.5876040" lon="-73.5890300">
        <ele>94.6</ele>
        <time>2024-01-01T17:09:51Z</time>
      </trkpt>
      <trkpt lat="-37.5873200" lon="-73.5890130">
        <ele>96.3</ele>
        <time>2024-01-01T17:10:15Z</time>
      </trkpt>
      <trkpt lat="-37.5871680" lon="-73.5893110">
        <ele>97.9</ele>
        <time>2024-01-01T17:10:36Z</time>
      </trkpt>
      <trkpt lat="-37.5870340" lon="-73.5893330">
        <ele>98.8</ele>
        <time>2024-01-01T17:10:54Z</time>
      </trkpt>
      <trkpt lat="-37.5870740" lon="-73.5884910">
        <ele>102.6</ele>
        <time>2024-01-01T17:12:12Z</time>
      </trkpt>
      <trkpt lat="-37.5874440" lon="-73.5883910">
        <ele>104.7</ele>
        <time>2024-01-01T17:13:00Z</time>
      </trkpt>
      <trkpt lat="-37.5875640" lon="-73.5885030">
        <ele>105.5</ele>
        <time>2024-01-01T17:13:21Z</time>
      </trkpt>
      <trkpt lat="-37.5879250" lon="-73.5884980">
        <ele>107.2</ele>
        <time>2024-01-01T17:14:00Z</time>
      </trkpt>
      <trkpt lat="-37.5881570" lon="-73.5882940">
        <ele>108.9</ele>
        <time>2024-01-01T17:14:30Z</time>
      </trkpt>
      <trkpt lat="-37.5882010" lon="-73.5880250">
        <ele>110.2</ele>
        <time>2024-01-01T17:14:57Z</time>
      </trkpt>
      <trkpt lat="-37.5880640" lon="-73.5877890">
        <ele>111.4</ele>
        <time>2024-01-01T17:15:21Z</time>
      </trkpt>
      <trkpt lat="-37.5879230" lon="-73.5877030">
        <ele>112.3</ele>
        <time>2024-01-01T17:15:36Z</time>
      </trkpt>
      <trkpt lat="-37.5871920" lon="-73.5875370">
        <ele>116.8</ele>
        <time>2024-01-01T17:17:03Z</time>
      </trkpt>
      <trkpt lat="-37.5866340" lon="-73.5875930">
        <ele>119.9</ele>
        <time>2024-01-01T17:18:03Z</time>
      </trkpt>
      <trkpt lat="-37.5855140" lon="-73.5887170">
        <ele>127.6</ele>
        <time>2024-01-01T17:19:57Z</time>
      </trkpt>
      <trkpt lat="-37.5851550" lon="-73.5892180">
        <ele>130.7</ele>
        <time>2024-01-01T17:20:51Z</time>
      </trkpt>
      <trkpt lat="-37.5845140" lon="-73.5906390">
        <ele>137.8</ele>
        <time>2024-01-01T17:23:30Z</time>
      </trkpt>
      <trkpt lat="-37.5843220" lon="-73.5908210">
        <ele>139.2</ele>
        <time>2024-01-01T17:23:57Z</time>
      </trkpt>
      <trkpt lat="-37.5835530" lon="-73.5911730">
        <ele>143.7</ele>
        <time>2024-01-01T17:25:24Z</time>
      </trkpt>
      <trkpt lat="-37.5833960" lon="-73.5916200">
        <ele>146.3</ele>
        <time>2024-01-01T17:26:00Z</time>
      </trkpt>
      <trkpt lat="-37.5836780" lon="-73.5925470">
        <ele>153.7</ele>
        <time>2024-01-01T17:28:03Z</time>
      </trkpt>
      <trkpt lat="-37.5833780" lon="-73.5938740">
        <ele>163.8</ele>
        <time>2024-01-01T17:30:54Z</time>
      </trkpt>
      <trkpt lat="-37.5839490" lon="-73.5953790">
        <ele>174.5</ele>
        <time>2024-01-01T17:33:36Z</time>
      </trkpt>
      <trkpt lat="-37.5840700" lon="-73.5961240">
        <ele>179.2</ele>
        <time>2024-01-01T17:34:48Z</time>
      </trkpt>
      <trkpt lat="-37.5844570" lon="-73.5970300">
        <ele>186.6</ele>
        <time>2024-01-01T17:36:42Z</time>
      </trkpt>
      <trkpt lat="-37.5844450" lon="-73.5973220">
        <ele>188.6</ele>
        <time>2024-01-01T17:37:21Z</time>
      </trkpt>
      <trkpt lat="-37.5834770" lon="-73.5968240">
        <ele>196.0</ele>
        <time>2024-01-01T17:39:48Z</time>
      </trkpt>
      <trkpt lat="-37.5825470" lon="-73.5968880">
        <ele>196.1</ele>
        <time>2024-01-01T17:40:27Z</time>
      </trkpt>
      <trkpt lat="-37.5822360" lon="-73.5962750">
        <ele>196.2</ele>
        <time>2024-01-01T17:40:51Z</time>
      </trkpt>
      <trkpt lat="-37.5820950" lon="-73.5961940">
        <ele>196.3</ele>
        <time>2024-01-01T17:40:57Z</time>
      </trkpt>
      <trkpt lat="-37.5817780" lon="-73.5964060">
        <ele>196.3</ele>
        <time>2024-01-01T17:41:24Z</time>
      </trkpt>
      <trkpt lat="-37.5813990" lon="-73.5968200">
        <ele>196.4</ele>
        <time>2024-01-01T17:42:21Z</time>
      </trkpt>
      <trkpt lat="-37.5810280" lon="-73.5968950">
        <ele>196.5</ele>
        <time>2024-01-01T17:43:03Z</time>
      </trkpt>
      <trkpt lat="-37.5803060" lon="-73.5968100">
        <ele>196.6</ele>
        <time>2024-01-01T17:44:00Z</time>
      </trkpt>
      <trkpt lat="-37.5793720" lon="-73.5963890">
        <ele>196.7</ele>
        <time>2024-01-01T17:45:00Z</time>
      </trkpt>
      <trkpt lat="-37.5780790" lon="-73.5954030">
        <ele>196.9</ele>
        <time>2024-01-01T17:46:12Z</time>
      </trkpt>
      <trkpt lat="-37.5771710" lon="-73.5951640">
        <ele>195.1</ele>
        <time>2024-01-01T17:46:57Z</time>
      </trkpt>
      <trkpt lat="-37.5769280" lon="-73.5948580">
        <ele>194.2</ele>
        <time>2024-01-01T17:47:15Z</time>
      </trkpt>
      <trkpt lat="-37.5767320" lon="-73.5943060">
        <ele>192.6</ele>
        <time>2024-01-01T17:47:36Z</time>
      </trkpt>
      <trkpt lat="-37.5766690" lon="-73.5927790">
        <ele>189.3</ele>
        <time>2024-01-01T17:48:12Z</time>
      </trkpt>
      <trkpt lat="-37.5765540" lon="-73.5923900">
        <ele>188.4</ele>
        <time>2024-01-01T17:48:21Z</time>
      </trkpt>
      <trkpt lat="-37.5754380" lon="-73.5913580">
        <ele>184.6</ele>
        <time>2024-01-01T17:49:03Z</time>
      </trkpt>
      <trkpt lat="-37.5750280" lon="-73.5908510">
        <ele>182.6</ele>
        <time>2024-01-01T17:49:24Z</time>
      </trkpt>
      <trkpt lat="-37.5748630" lon="-73.5907890">
        <ele>182.1</ele>
        <time>2024-01-01T17:49:30Z</time>
      </trkpt>
      <trkpt lat="-37.5728160" lon="-73.5907470">
        <ele>176.3</ele>
        <time>2024-01-01T17:52:06Z</time>
      </trkpt>
      <trkpt lat="-37.5719770" lon="-73.5902530">
        <ele>177.6</ele>
        <time>2024-01-01T17:53:39Z</time>
      </trkpt>
      <trkpt lat="-37.5716550" lon="-73.5901990">
        <ele>177.9</ele>
        <time>2024-01-01T17:53:57Z</time>
      </trkpt>
      <trkpt lat="-37.5709620" lon="-73.5902440">
        <ele>178.7</ele>
        <time>2024-01-01T17:54:45Z</time>
      </trkpt>
      <trkpt lat="-37.5704430" lon="-73.5900430">
        <ele>179.3</ele>
        <time>2024-01-01T17:55:15Z</time>
      </trkpt>
      <trkpt lat="-37.5700340" lon="-73.5896780">
        <ele>179.8</ele>
        <time>2024-01-01T17:55:42Z</time>
      </trkpt>
      <trkpt lat="-37.5689940" lon="-73.5882560">
        <ele>181.7</ele>
        <time>2024-01-01T17:57:06Z</time>
      </trkpt>
      <trkpt lat="-37.5683700" lon="-73.5878470">
        <ele>182.5</ele>
        <time>2024-01-01T17:57:30Z</time>
      </trkpt>
      <trkpt lat="-37.5673200" lon="-73.5874310">
        <ele>183.9</ele>
        <time>2024-01-01T17:58:36Z</time>
      </trkpt>
      <trkpt lat="-37.5656470" lon="-73.5859430">
        <ele>175.2</ele>
        <time>2024-01-01T18:00:54Z</time>
      </trkpt>
      <trkpt lat="-37.5656770" lon="-73.5856940">
        <ele>174.3</ele>
        <time>2024-01-01T18:01:06Z</time>
      </trkpt>
      <trkpt lat="-37.5658750" lon="-73.5853730">
        <ele>172.6</ele>
        <time>2024-01-01T18:01:21Z</time>
      </trkpt>
      <trkpt lat="-37.5664520" lon="-73.5849360">
        <ele>169.3</ele>
        <time>2024-01-01T18:01:48Z</time>
      </trkpt>
      <trkpt lat="-37.5669100" lon="-73.5849480">
        <ele>167.2</ele>
        <time>2024-01-01T18:02:03Z</time>
      </trkpt>
      <trkpt lat="-37.5671340" lon="-73.5851230">
        <ele>165.9</ele>
        <time>2024-01-01T18:02:12Z</time>
      </trkpt>
      <trkpt lat="-37.5673920" lon="-73.5854870">
        <ele>163.8</ele>
        <time>2024-01-01T18:02:27Z</time>
      </trkpt>
      <trkpt lat="-37.5675290" lon="-73.5855080">
        <ele>162.9</ele>
        <time>2024-01-01T18:02:33Z</time>
      </trkpt>
      <trkpt lat="-37.5676520" lon="-73.5854150">
        <ele>162.1</ele>
        <time>2024-01-01T18:02:39Z</time>
      </trkpt>
      <trkpt lat="-37.5676800" lon="-73.5851600">
        <ele>160.8</ele>
        <time>2024-01-01T18:02:48Z</time>
      </trkpt>
      <trkpt lat="-37.5674980" lon="-73.5846650">
        <ele>158.7</ele>
        <time>2024-01-01T18:03:03Z</time>
      </trkpt>
      <trkpt lat="-37.5673200" lon="-73.5844200">
        <ele>157.5</ele>
        <time>2024-01-01T18:03:12Z</time>
      </trkpt>
      <trkpt lat="-37.5668440" lon="-73.5841390">
        <ele>154.9</ele>
        <time>2024-01-01T18:03:30Z</time>
      </trkpt>
      <trkpt lat="-37.5667550" lon="-73.5840020">
        <ele>154.1</ele>
        <time>2024-01-01T18:03:36Z</time>
      </trkpt>
      <trkpt lat="-37.5667490" lon="-73.5837830">
        <ele>153.3</ele>
        <time>2024-01-01T18:03:45Z</time>
      </trkpt>
      <trkpt lat="-37.5670810" lon="-73.5833950">
        <ele>150.4</ele>
        <time>2024-01-01T18:04:06Z</time>
      </trkpt>
      <trkpt lat="-37.5671500" lon="-73.5829320">
        <ele>146.5</ele>
        <time>2024-01-01T18:04:21Z</time>
      </trkpt>
      <trkpt lat="-37.5668530" lon="-73.5821520">
        <ele>140.9</ele>
        <time>2024-01-01T18:04:42Z</time>
      </trkpt>
      <trkpt lat="-37.5668640" lon="-73.5819160">
        <ele>139.4</ele>
        <time>2024-01-01T18:04:48Z</time>
      </trkpt>
      <trkpt lat="-37.5669560" lon="-73.5817130">
        <ele>137.8</ele>
        <time>2024-01-01T18:04:54Z</time>
      </trkpt>
      <trkpt lat="-37.5670970" lon="-73.5816310">
        <ele>136.2</ele>
        <time>2024-01-01T18:05:00Z</time>
      </trkpt>
      <trkpt lat="-37.5676420" lon="-73.5819600">
        <ele>130.7</ele>
        <time>2024-01-01T18:05:27Z</time>
      </trkpt>
      <trkpt lat="-37.5678950" lon="-73.5819570">
        <ele>128.3</ele>
        <time>2024-01-01T18:05:36Z</time>
      </trkpt>
      <trkpt lat="-37.5682870" lon="-73.5815750">
        <ele>124.4</ele>
        <time>2024-01-01T18:05:51Z</time>
      </trkpt>
      <trkpt lat="-37.5686630" lon="-73.5814350">
        <ele>120.4</ele>
        <time>2024-01-01T18:06:06Z</time>
      </trkpt>
      <trkpt lat="-37.5688910" lon="-73.5810170">
        <ele>116.5</ele>
        <time>2024-01-01T18:06:21Z</time>
      </trkpt>
      <trkpt lat="-37.5692530" lon="-73.5808510">
        <ele>113.3</ele>
        <time>2024-01-01T18:06:33Z</time>
      </trkpt>
      <trkpt lat="-37.5693630" lon="-73.5805870">
        <ele>111.7</ele>
        <time>2024-01-01T18:06:39Z</time>
      </trkpt>
      <trkpt lat="-37.5689960" lon="-73.5797990">
        <ele>105.4</ele>
        <time>2024-01-01T18:07:03Z</time>
      </trkpt>
      <trkpt lat="-37.5690380" lon="-73.5793050">
        <ele>102.3</ele>
        <time>2024-01-01T18:07:15Z</time>
      </trkpt>
      <trkpt lat="-37.5693010" lon="-73.5788610">
        <ele>99.1</ele>
        <time>2024-01-01T18:07:27Z</time>
      </trkpt>
      <trkpt lat="-37.5696130" lon="-73.5787370">
        <ele>96.7</ele>
        <time>2024-01-01T18:07:36Z</time>
      </trkpt>
      <trkpt lat="-37.5700200" lon="-73.5783920">
        <ele>92.8</ele>
        <time>2024-01-01T18:07:51Z</time>
      </trkpt>
      <trkpt lat="-37.5701460" lon="-73.5780840">
        <ele>90.8</ele>
        <time>2024-01-01T18:08:00Z</time>
      </trkpt>
      <trkpt lat="-37.5701380" lon="-73.5773650">
        <ele>87.4</ele>
        <time>2024-01-01T18:08:18Z</time>
      </trkpt>
      <trkpt lat="-37.5704760" lon="-73.5768170">
        <ele>83.9</ele>
        <time>2024-01-01T18:08:36Z</time>
      </trkpt>
      <trkpt lat="-37.5706790" lon="-73.5766000">
        <ele>82.2</ele>
        <time>2024-01-01T18:08:45Z</time>
      </trkpt>
      <trkpt lat="-37.5709430" lon="-73.5764870">
        <ele>80.4</ele>
        <time>2024-01-01T18:08:54Z</time>
      </trkpt>
      <trkpt lat="-37.5717080" lon="-73.5766890">
        <ele>75.2</ele>
        <time>2024-01-01T18:09:21Z</time>
      </trkpt>
      <trkpt lat="-37.5718890" lon="-73.5766430">
        <ele>74.1</ele>
        <time>2024-01-01T18:09:30Z</time>
      </trkpt>
      <trkpt lat="-37.5719330" lon="-73.5763480">
        <ele>72.9</ele>
        <time>2024-01-01T18:09:42Z</time>
      </trkpt>
      <trkpt lat="-37.5717320" lon="-73.5759980">
        <ele>70.0</ele>
        <time>2024-01-01T18:09:57Z</time>
      </trkpt>
      <trkpt lat="-37.5717070" lon="-73.5757120">
        <ele>68.3</ele>
        <time>2024-01-01T18:10:06Z</time>
      </trkpt>
      <trkpt lat="-37.5717740" lon="-73.5754580">
        <ele>66.5</ele>
        <time>2024-01-01T18:10:15Z</time>
      </trkpt>
      <trkpt lat="-37.5719940" lon="-73.5751680">
        <ele>64.2</ele>
        <time>2024-01-01T18:10:27Z</time>
      </trkpt>
      <trkpt lat="-37.5722770" lon="-73.5751350">
        <ele>61.9</ele>
        <time>2024-01-01T18:10:39Z</time>
      </trkpt>
      <trkpt lat="-37.5731820" lon="-73.5758100">
        <ele>54.4</ele>
        <time>2024-01-01T18:11:24Z</time>
      </trkpt>
      <trkpt lat="-37.5734560" lon="-73.5755860">
        <ele>52.1</ele>
        <time>2024-01-01T18:11:36Z</time>
      </trkpt>
      <trkpt lat="-37.5734280" lon="-73.5751530">
        <ele>49.7</ele>
        <time>2024-01-01T18:11:51Z</time>
      </trkpt>
      <trkpt lat="-37.5731730" lon="-73.5749830">
        <ele>48.5</ele>
        <time>2024-01-01T18:12:03Z</time>
      </trkpt>
      <trkpt lat="-37.5729650" lon="-73.5746700">
        <ele>50.5</ele>
        <time>2024-01-01T18:12:15Z</time>
      </trkpt>
      <trkpt lat="-37.5725080" lon="-73.5736270">
        <ele>55.5</ele>
        <time>2024-01-01T18:12:48Z</time>
      </trkpt>
      <trkpt lat="-37.5728410" lon="-73.5721730">
        <ele>63.5</ele>
        <time>2024-01-01T18:14:45Z</time>
      </trkpt>
      <trkpt lat="-37.5734090" lon="-73.5711300">
        <ele>69.5</ele>
        <time>2024-01-01T18:16:39Z</time>
      </trkpt>
      <trkpt lat="-37.5740430" lon="-73.5706360">
        <ele>74.5</ele>
        <time>2024-01-01T18:18:09Z</time>
      </trkpt>
      <trkpt lat="-37.5742590" lon="-73.5706430">
        <ele>76.0</ele>
        <time>2024-01-01T18:18:33Z</time>
      </trkpt>
      <trkpt lat="-37.5743930" lon="-73.5712250">
        <ele>79.0</ele>
        <time>2024-01-01T18:19:24Z</time>
      </trkpt>
      <trkpt lat="-37.5746240" lon="-73.5716840">
        <ele>81.5</ele>
        <time>2024-01-01T18:19:57Z</time>
      </trkpt>
      <trkpt lat="-37.5748650" lon="-73.5724570">
        <ele>85.0</ele>
        <time>2024-01-01T18:20:39Z</time>
      </trkpt>
      <trkpt lat="-37.5750050" lon="-73.5726180">
        <ele>86.0</ele>
        <time>2024-01-01T18:20:51Z</time>
      </trkpt>
      <trkpt lat="-37.5753360" lon="-73.5727740">
        <ele>87.2</ele>
        <time>2024-01-01T18:21:15Z</time>
      </trkpt>
      <trkpt lat="-37.5756760" lon="-73.5731260">
        <ele>88.6</ele>
        <time>2024-01-01T18:21:45Z</time>
      </trkpt>
      <trkpt lat="-37.5764030" lon="-73.5730470">
        <ele>91.5</ele>
        <time>2024-01-01T18:22:51Z</time>
      </trkpt>
      <trkpt lat="-37.5771540" lon="-73.5723160">
        <ele>95.0</ele>
        <time>2024-01-01T18:24:27Z</time>
      </trkpt>
      <trkpt lat="-37.5772220" lon="-73.5720510">
        <ele>95.8</ele>
        <time>2024-01-01T18:25:03Z</time>
      </trkpt>
      <trkpt lat="-37.5770020" lon="-73.5718140">
        <ele>97.0</ele>
        <time>2024-01-01T18:25:45Z</time>
      </trkpt>
      <trkpt lat="-37.5762370" lon="-73.5719790">
        <ele>100.2</ele>
        <time>2024-01-01T18:27:03Z</time>
      </trkpt>
      <trkpt lat="-37.5759840" lon="-73.5717840">
        <ele>101.3</ele>
        <time>2024-01-01T18:27:33Z</time>
      </trkpt>
      <trkpt lat="-37.5758920" lon="-73.5715010">
        <ele>102.2</ele>
        <time>2024-01-01T18:27:57Z</time>
      </trkpt>
      <trkpt lat="-37.5758060" lon="-73.5700450">
        <ele>106.6</ele>
        <time>2024-01-01T18:30:12Z</time>
      </trkpt>
      <trkpt lat="-37.5760620" lon="-73.5691000">
        <ele>109.0</ele>
        <time>2024-01-01T18:31:30Z</time>
      </trkpt>
      <trkpt lat="-37.5762870" lon="-73.5688300">
        <ele>109.8</ele>
        <time>2024-01-01T18:32:06Z</time>
      </trkpt>
      <trkpt lat="-37.5770980" lon="-73.5686900">
        <ele>111.9</ele>
        <time>2024-01-01T18:33:42Z</time>
      </trkpt>
      <trkpt lat="-37.5777730" lon="-73.5680550">
        <ele>114.1</ele>
        <time>2024-01-01T18:35:24Z</time>
      </trkpt>
      <trkpt lat="-37.5783990" lon="-73.5681340">
        <ele>115.7</ele>
        <time>2024-01-01T18:36:45Z</time>
      </trkpt>
      <trkpt lat="-37.5786930" lon="-73.5679780">
        <ele>116.5</ele>
        <time>2024-01-01T18:37:27Z</time>
      </trkpt>
      <trkpt lat="-37.5792830" lon="-73.5661030">
        <ele>120.4</ele>
        <time>2024-01-01T18:40:00Z</time>
      </trkpt>
      <trkpt lat="-37.5791770" lon="-73.5659950">
        <ele>120.8</ele>
        <time>2024-01-01T18:40:12Z</time>
      </trkpt>
      <trkpt lat="-37.5788200" lon="-73.5660080">
        <ele>121.8</ele>
        <time>2024-01-01T18:41:06Z</time>
      </trkpt>
      <trkpt lat="-37.5787260" lon="-73.5659030">
        <ele>122.2</ele>
        <time>2024-01-01T18:41:27Z</time>
      </trkpt>
      <trkpt lat="-37.5789490" lon="-73.5651290">
        <ele>123.9</ele>
        <time>2024-01-01T18:42:12Z</time>
      </trkpt>
      <trkpt lat="-37.5786630" lon="-73.5641900">
        <ele>126.1</ele>
        <time>2024-01-01T18:43:21Z</time>
      </trkpt>
      <trkpt lat="-37.5788190" lon="-73.5638340">
        <ele>127.2</ele>
        <time>2024-01-01T18:43:54Z</time>
      </trkpt>
      <trkpt lat="-37.5794230" lon="-73.5636920">
        <ele>129.0</ele>
        <time>2024-01-01T18:45:30Z</time>
      </trkpt>
      <trkpt lat="-37.5796740" lon="-73.5639530">
        <ele>129.9</ele>
        <time>2024-01-01T18:46:03Z</time>
      </trkpt>
      <trkpt lat="-37.5799130" lon="-73.5645730">
        <ele>131.5</ele>
        <time>2024-01-01T18:46:36Z</time>
      </trkpt>
      <trkpt lat="-37.5816000" lon="-73.5660660">
        <ele>136.2</ele>
        <time>2024-01-01T18:48:24Z</time>
      </trkpt>
      <trkpt lat="-37.5834310" lon="-73.5667690">
        <ele>140.3</ele>
        <time>2024-01-01T18:50:15Z</time>
      </trkpt>
      <trkpt lat="-37.5843350" lon="-73.5670090">
        <ele>141.9</ele>
        <time>2024-01-01T18:51:12Z</time>
      </trkpt>
      <trkpt lat="-37.5846040" lon="-73.5671630">
        <ele>142.5</ele>
        <time>2024-01-01T18:51:36Z</time>
      </trkpt>
      <trkpt lat="-37.5850980" lon="-73.5678420">
        <ele>143.9</ele>
        <time>2024-01-01T18:52:42Z</time>
      </trkpt>
      <trkpt lat="-37.5859690" lon="-73.5694410">
        <ele>146.5</ele>
        <time>2024-01-01T18:54:06Z</time>
      </trkpt>
      <trkpt lat="-37.5863650" lon="-73.5709780">
        <ele>148.5</ele>
        <time>2024-01-01T18:55:12Z</time>
      </trkpt>
      <trkpt lat="-37.5865470" lon="-73.5726000">
        <ele>150.9</ele>
        <time>2024-01-01T18:56:09Z</time>
      </trkpt>
      <trkpt lat="-37.5865020" lon="-73.5735920">
        <ele>150.1</ele>
        <time>2024-01-01T18:56:39Z</time>
      </trkpt>
      <trkpt lat="-37.5862440" lon="-73.5748610">
        <ele>141.7</ele>
        <time>2024-01-01T18:57:24Z</time>
      </trkpt>
      <trkpt lat="-37.5863320" lon="-73.5756210">
        <ele>136.5</ele>
        <time>2024-01-01T18:57:48Z</time>
      </trkpt>
      <trkpt lat="-37.5871560" lon="-73.5764510">
        <ele>128.8</ele>
        <time>2024-01-01T18:58:24Z</time>
      </trkpt>
      <trkpt lat="-37.5874800" lon="-73.5766300">
        <ele>125.6</ele>
        <time>2024-01-01T18:58:39Z</time>
      </trkpt>
      <trkpt lat="-37.5878650" lon="-73.5766130">
        <ele>122.3</ele>
        <time>2024-01-01T18:58:54Z</time>
      </trkpt>
      <trkpt lat="-37.5886630" lon="-73.5762700">
        <ele>117.2</ele>
        <time>2024-01-01T18:59:18Z</time>
      </trkpt>
      <trkpt lat="-37.5888700" lon="-73.5762820">
        <ele>115.9</ele>
        <time>2024-01-01T18:59:24Z</time>
      </trkpt>
      <trkpt lat="-37.5890550" lon="-73.5764370">
        <ele>114.6</ele>
        <time>2024-01-01T18:59:30Z</time>
      </trkpt>
      <trkpt lat="-37.5898230" lon="-73.5779440">
        <ele>106.2</ele>
        <time>2024-01-01T19:00:09Z</time>
      </trkpt>
      <trkpt lat="-37.5904240" lon="-73.5789230">
        <ele>100.0</ele>
        <time>2024-01-01T19:00:33Z</time>
      </trkpt>
      <trkpt lat="-37.5913440" lon="-73.5816040">
        <ele>78.7</ele>
        <time>2024-01-01T19:01:36Z</time>
      </trkpt>
      <trkpt lat="-37.5919010" lon="-73.5819360">
        <ele>72.6</ele>
        <time>2024-01-01T19:01:54Z</time>
      </trkpt>
      <trkpt lat="-37.5920840" lon="-73.5823020">
        <ele>69.6</ele>
        <time>2024-01-01T19:02:03Z</time>
      </trkpt>
      <trkpt lat="-37.5921640" lon="-73.5828000">
        <ele>65.5</ele>
        <time>2024-01-01T19:02:15Z</time>
      </trkpt>
      <trkpt lat="-37.5935100" lon="-73.5845900">
        <ele>46.3</ele>
        <time>2024-01-01T19:03:12Z</time>
      </trkpt>
      <trkpt lat="-37.5945850" lon="-73.5853870">
        <ele>29.0</ele>
        <time>2024-01-01T19:04:03Z</time>
      </trkpt>
      <trkpt lat="-37.5951360" lon="-73.5854380">
        <ele>26.9</ele>
        <time>2024-01-01T19:04:30Z</time>
      </trkpt>
      <trkpt lat="-37.5951490" lon="-73.5855410">
        <ele>27.2</ele>
        <time>2024-01-01T19:04:36Z</time>
      </trkpt>
      <trkpt lat="-37.5948610" lon="-73.5857720">
        <ele>27.9</ele>
        <time>2024-01-01T19:04:54Z</time>
      </trkpt>
      <trkpt lat="-37.5940810" lon="-73.5859400">
        <ele>30.3</ele>
        <time>2024-01-01T19:05:27Z</time>
      </trkpt>
      <trkpt lat="-37.5938360" lon="-73.5863130">
        <ele>31.2</ele>
        <time>2024-01-01T19:05:39Z</time>
      </trkpt>
      <trkpt lat="-37.5936930" lon="-73.5867830">
        <ele>32.4</ele>
        <time>2024-01-01T19:06:03Z</time>
      </trkpt>
      <trkpt lat="-37.5931010" lon="-73.5878210">
        <ele>35.2</ele>
        <time>2024-01-01T19:08:18Z</time>
      </trkpt>
      <trkpt lat="-37.5931740" lon="-73.5883980">
        <ele>36.7</ele>
        <time>2024-01-01T19:09:36Z</time>
      </trkpt>
      <trkpt lat="-37.5930240" lon="-73.5890210">
        <ele>38.3</ele>
        <time>2024-01-01T19:11:06Z</time>
      </trkpt>
      <trkpt lat="-37.5924500" lon="-73.5904730">
        <ele>42.1</ele>
        <time>2024-01-01T19:14:18Z</time>
      </trkpt>
      <trkpt lat="-37.5922220" lon="-73.5905180">
        <ele>42.8</ele>
        <time>2024-01-01T19:14:54Z</time>
      </trkpt>
      <trkpt lat="-37.5918970" lon="-73.5903640">
        <ele>44.0</ele>
        <time>2024-01-01T19:15:42Z</time>
      </trkpt>
      <trkpt lat="-37.5915150" lon="-73.5904610">
        <ele>48.9</ele>
        <time>2024-01-01T19:16:27Z</time>
      </trkpt>
      <trkpt lat="-37.5914220" lon="-73.5906010">
        <ele>50.8</ele>
        <time>2024-01-01T19:16:45Z</time>
      </trkpt>
      <trkpt lat="-37.5914490" lon="-73.5909950">
        <ele>54.7</ele>
        <time>2024-01-01T19:17:27Z</time>
      </trkpt>
      <trkpt lat="-37.5907550" lon="-73.5911220">
        <ele>64.4</ele>
        <time>2024-01-01T19:19:12Z</time>
      </trkpt>
      <trkpt lat="-37.5904880" lon="-73.5910430">
        <ele>67.4</ele>
        <time>2024-01-01T19:19:39Z</time>
      </trkpt>
      <trkpt lat="-37.5902420" lon="-73.5908210">
        <ele>71.3</ele>
        <time>2024-01-01T19:20:09Z</time>
      </trkpt>
      <trkpt lat="-37.5897600" lon="-73.5907140">
        <ele>77.1</ele>
        <time>2024-01-01T19:21:00Z</time>
      </trkpt>
      <trkpt lat="-37.5893540" lon="-73.5905070">
        <ele>82.0</ele>
        <time>2024-01-01T19:21:48Z</time>
      </trkpt>
      <trkpt lat="-37.5891790" lon="-73.5905130">
        <ele>83.9</ele>
        <time>2024-01-01T19:22:06Z</time>
      </trkpt>
      <trkpt lat="-37.5890430" lon="-73.5903750">
        <ele>85.9</ele>
        <time>2024-01-01T19:22:27Z</time>
      </trkpt>
      <trkpt lat="-37.5887490" lon="-73.5896500">
        <ele>93.7</ele>
        <time>2024-01-01T19:24:00Z</time>
      </trkpt>
      <trkpt lat="-37.5885790" lon="-73.5894750">
        <ele>96.6</ele>
        <time>2024-01-01T19:24:30Z</time>
      </trkpt>
      <trkpt lat="-37.5880980" lon="-73.5894220">
        <ele>102.4</ele>
        <time>2024-01-01T19:25:39Z</time>
      </trkpt>
      <trkpt lat="-37.5877640" lon="-73.5890760">
        <ele>107.3</ele>
        <time>2024-01-01T19:26:27Z</time>
      </trkpt>
      <trkpt lat="-37.5874220" lon="-73.5889320">
        <ele>112.2</ele>
        <time>2024-01-01T19:27:03Z</time>
      </trkpt>
      <trkpt lat="-37.5872780" lon="-73.5889990">
        <ele>114.1</ele>
        <time>2024-01-01T19:27:15Z</time>
      </trkpt>
      <trkpt lat="-37.5870560" lon="-73.5893230">
        <ele>118.3</ele>
        <time>2024-01-01T19:27:57Z</time>
      </trkpt>
      <trkpt lat="-37.5870960" lon="-73.5884610">
        <ele>120.6</ele>
        <time>2024-01-01T19:29:24Z</time>
      </trkpt>
      <trkpt lat="-37.5873850" lon="-73.5883690">
        <ele>121.7</ele>
        <time>2024-01-01T19:30:12Z</time>
      </trkpt>
      <trkpt lat="-37.5878380" lon="-73.5884730">
        <ele>123.3</ele>
        <time>2024-01-01T19:31:15Z</time>
      </trkpt>
      <trkpt lat="-37.5880990" lon="-73.5883820">
        <ele>124.1</ele>
        <time>2024-01-01T19:31:51Z</time>
      </trkpt>
      <trkpt lat="-37.5882200" lon="-73.5880890">
        <ele>124.8</ele>
        <time>2024-01-01T19:32:18Z</time>
      </trkpt>
      <trkpt lat="-37.5880900" lon="-73.5877220">
        <ele>125.9</ele>
        <time>2024-01-01T19:32:48Z</time>
      </trkpt>
      <trkpt lat="-37.5877990" lon="-73.5875970">
        <ele>126.9</ele>
        <time>2024-01-01T19:33:18Z</time>
      </trkpt>
      <trkpt lat="-37.5869420" lon="-73.5874640">
        <ele>129.8</ele>
        <time>2024-01-01T19:34:42Z</time>
      </trkpt>
      <trkpt lat="-37.5866310" lon="-73.5875830">
        <ele>130.9</ele>
        <time>2024-01-01T19:35:12Z</time>
      </trkpt>
      <trkpt lat="-37.5860840" lon="-73.5880520">
        <ele>132.7</ele>
        <time>2024-01-01T19:36:06Z</time>
      </trkpt>
      <trkpt lat="-37.5856720" lon="-73.5886640">
        <ele>134.8</ele>
        <time>2024-01-01T19:36:54Z</time>
      </trkpt>
      <trkpt lat="-37.5851430" lon="-73.5891200">
        <ele>136.9</ele>
        <time>2024-01-01T19:37:54Z</time>
      </trkpt>
      <trkpt lat="-37.5848090" lon="-73.5898880">
        <ele>139.2</ele>
        <time>2024-01-01T19:39:18Z</time>
      </trkpt>
      <trkpt lat="-37.5845620" lon="-73.5902100">
        <ele>140.4</ele>
        <time>2024-01-01T19:40:06Z</time>
      </trkpt>
      <trkpt lat="-37.5845550" lon="-73.5905270">
        <ele>141.1</ele>
        <time>2024-01-01T19:40:33Z</time>
      </trkpt>
      <trkpt lat="-37.5843570" lon="-73.5908400">
        <ele>142.0</ele>
        <time>2024-01-01T19:41:12Z</time>
      </trkpt>
      <trkpt lat="-37.5838500" lon="-73.5910830">
        <ele>143.7</ele>
        <time>2024-01-01T19:42:15Z</time>
      </trkpt>
      <trkpt lat="-37.5836470" lon="-73.5910890">
        <ele>144.2</ele>
        <time>2024-01-01T19:42:27Z</time>
      </trkpt>
      <trkpt lat="-37.5833960" lon="-73.5914760">
        <ele>145.3</ele>
        <time>2024-01-01T19:43:03Z</time>
      </trkpt>
      <trkpt lat="-37.5833610" lon="-73.5917050">
        <ele>145.8</ele>
        <time>2024-01-01T19:43:24Z</time>
      </trkpt>
      <trkpt lat="-37.5836150" lon="-73.5925720">
        <ele>148.2</ele>
        <time>2024-01-01T19:45:15Z</time>
      </trkpt>
      <trkpt lat="-37.5834380" lon="-73.5939920">
        <ele>151.7</ele>
        <time>2024-01-01T19:47:54Z</time>
      </trkpt>
      <trkpt lat="-37.5837340" lon="-73.5945300">
        <ele>153.4</ele>
        <time>2024-01-01T19:49:09Z</time>
      </trkpt>
      <trkpt lat="-37.5839390" lon="-73.5952190">
        <ele>155.3</ele>
        <time>2024-01-01T19:50:57Z</time>
      </trkpt>
      <trkpt lat="-37.5841350" lon="-73.5964240">
        <ele>161.4</ele>
        <time>2024-01-01T19:53:18Z</time>
      </trkpt>
      <trkpt lat="-37.5843870" lon="-73.5969420">
        <ele>164.6</ele>
        <time>2024-01-01T19:54:09Z</time>
      </trkpt>
      <trkpt lat="-37.5844370" lon="-73.5972410">
        <ele>166.2</ele>
        <time>2024-01-01T19:54:36Z</time>
      </trkpt>
      <trkpt lat="-37.5843710" lon="-73.5973140">
        <ele>166.8</ele>
        <time>2024-01-01T19:54:48Z</time>
      </trkpt>
      <trkpt lat="-37.5839310" lon="-73.5970360">
        <ele>170.0</ele>
        <time>2024-01-01T19:55:42Z</time>
      </trkpt>
      <trkpt lat="-37.5834440" lon="-73.5968870">
        <ele>173.3</ele>
        <time>2024-01-01T19:56:18Z</time>
      </trkpt>
      <trkpt lat="-37.5825180" lon="-73.5968950">
        <ele>179.2</ele>
        <time>2024-01-01T19:56:54Z</time>
      </trkpt>
      <trkpt lat="-37.5823890" lon="-73.5967770">
        <ele>179.7</ele>
        <time>2024-01-01T19:57:00Z</time>
      </trkpt>
      <trkpt lat="-37.5822480" lon="-73.5963590">
        <ele>181.9</ele>
        <time>2024-01-01T19:57:12Z</time>
      </trkpt>
      <trkpt lat="-37.5820850" lon="-73.5962430">
        <ele>183.0</ele>
        <time>2024-01-01T19:57:18Z</time>
      </trkpt>
      <trkpt lat="-37.5818860" lon="-73.5962770">
        <ele>184.1</ele>
        <time>2024-01-01T19:57:27Z</time>
      </trkpt>
      <trkpt lat="-37.5815350" lon="-73.5967160">
        <ele>186.8</ele>
        <time>2024-01-01T19:57:57Z</time>
      </trkpt>
      <trkpt lat="-37.5813360" lon="-73.5968250">
        <ele>188.4</ele>
        <time>2024-01-01T19:58:15Z</time>
      </trkpt>
      <trkpt lat="-37.5810450" lon="-73.5968830">
        <ele>190.5</ele>
        <time>2024-01-01T19:58:42Z</time>
      </trkpt>
      <trkpt lat="-37.5802840" lon="-73.5968280">
        <ele>195.4</ele>
        <time>2024-01-01T19:59:39Z</time>
      </trkpt>
      <trkpt lat="-37.5790960" lon="-73.5962820">
        <ele>191.5</ele>
        <time>2024-01-01T20:02:03Z</time>
      </trkpt>
      <trkpt lat="-37.5780920" lon="-73.5953960">
        <ele>185.9</ele>
        <time>2024-01-01T20:02:54Z</time>
      </trkpt>
      <trkpt lat="-37.5772590" lon="-73.5952200">
        <ele>182.0</ele>
        <time>2024-01-01T20:03:33Z</time>
      </trkpt>
      <trkpt lat="-37.5770860" lon="-73.5950900">
        <ele>181.2</ele>
        <time>2024-01-01T20:03:45Z</time>
      </trkpt>
      <trkpt lat="-37.5768750" lon="-73.5947650">
        <ele>180.0</ele>
        <time>2024-01-01T20:04:03Z</time>
      </trkpt>
      <trkpt lat="-37.5767320" lon="-73.5942280">
        <ele>178.1</ele>
        <time>2024-01-01T20:04:24Z</time>
      </trkpt>
      <trkpt lat="-37.5766880" lon="-73.5929620">
        <ele>173.3</ele>
        <time>2024-01-01T20:05:00Z</time>
      </trkpt>
      <trkpt lat="-37.5765770" lon="-73.5924290">
        <ele>171.7</ele>
        <time>2024-01-01T20:05:12Z</time>
      </trkpt>
      <trkpt lat="-37.5762740" lon="-73.5920630">
        <ele>170.2</ele>
        <time>2024-01-01T20:05:24Z</time>
      </trkpt>
      <trkpt lat="-37.5754900" lon="-73.5914060">
        <ele>167.6</ele>
        <time>2024-01-01T20:05:54Z</time>
      </trkpt>
      <trkpt lat="-37.5750980" lon="-73.5909170">
        <ele>170.2</ele>
        <time>2024-01-01T20:06:18Z</time>
      </trkpt>
      <trkpt lat="-37.5747970" lon="-73.5908350">
        <ele>171.4</ele>
        <time>2024-01-01T20:06:30Z</time>
      </trkpt>
      <trkpt lat="-37.5726650" lon="-73.5907710">
        <ele>179.9</ele>
        <time>2024-01-01T20:10:51Z</time>
      </trkpt>
      <trkpt lat="-37.5723570" lon="-73.5906430">
        <ele>181.2</ele>
        <time>2024-01-01T20:11:33Z</time>
      </trkpt>
      <trkpt lat="-37.5719340" lon="-73.5902810">
        <ele>183.1</ele>
        <time>2024-01-01T20:12:45Z</time>
      </trkpt>
      <trkpt lat="-37.5716150" lon="-73.5902100">
        <ele>184.1</ele>
        <time>2024-01-01T20:13:03Z</time>
      </trkpt>
      <trkpt lat="-37.5710320" lon="-73.5902420">
        <ele>186.3</ele>
        <time>2024-01-01T20:13:45Z</time>
      </trkpt>
      <trkpt lat="-37.5705150" lon="-73.5900640">
        <ele>187.8</ele>
        <time>2024-01-01T20:14:15Z</time>
      </trkpt>
      <trkpt lat="-37.5701210" lon="-73.5897680">
        <ele>189.1</ele>
        <time>2024-01-01T20:14:39Z</time>
      </trkpt>
      <trkpt lat="-37.5689530" lon="-73.5882610">
        <ele>184.3</ele>
        <time>2024-01-01T20:16:06Z</time>
      </trkpt>
      <trkpt lat="-37.5683170" lon="-73.5878610">
        <ele>180.2</ele>
        <time>2024-01-01T20:16:30Z</time>
      </trkpt>
      <trkpt lat="-37.5675450" lon="-73.5876170">
        <ele>175.1</ele>
        <time>2024-01-01T20:17:27Z</time>
      </trkpt>
      <trkpt lat="-37.5656220" lon="-73.5860040">
        <ele>161.8</ele>
        <time>2024-01-01T20:20:06Z</time>
      </trkpt>
      <trkpt lat="-37.5656240" lon="-73.5857590">
        <ele>160.7</ele>
        <time>2024-01-01T20:20:18Z</time>
      </trkpt>
      <trkpt lat="-37.5658820" lon="-73.5853490">
        <ele>158.2</ele>
        <time>2024-01-01T20:20:36Z</time>
      </trkpt>
      <trkpt lat="-37.5664200" lon="-73.5849790">
        <ele>154.6</ele>
        <time>2024-01-01T20:21:00Z</time>
      </trkpt>
      <trkpt lat="-37.5669250" lon="-73.5849740">
        <ele>151.4</ele>
        <time>2024-01-01T20:21:18Z</time>
      </trkpt>
      <trkpt lat="-37.5674040" lon="-73.5855230">
        <ele>146.3</ele>
        <time>2024-01-01T20:21:42Z</time>
      </trkpt>
      <trkpt lat="-37.5675360" lon="-73.5855050">
        <ele>145.1</ele>
        <time>2024-01-01T20:21:48Z</time>
      </trkpt>
      <trkpt lat="-37.5676290" lon="-73.5853880">
        <ele>143.8</ele>
        <time>2024-01-01T20:21:54Z</time>
      </trkpt>
      <trkpt lat="-37.5676340" lon="-73.5850880">
        <ele>141.9</ele>
        <time>2024-01-01T20:22:03Z</time>
      </trkpt>
      <trkpt lat="-37.5674770" lon="-73.5846660">
        <ele>139.4</ele>
        <time>2024-01-01T20:22:15Z</time>
      </trkpt>
      <trkpt lat="-37.5672030" lon="-73.5843600">
        <ele>136.8</ele>
        <time>2024-01-01T20:22:27Z</time>
      </trkpt>
      <trkpt lat="-37.5667910" lon="-73.5840970">
        <ele>133.7</ele>
        <time>2024-01-01T20:22:42Z</time>
      </trkpt>
      <trkpt lat="-37.5667110" lon="-73.5838990">
        <ele>132.4</ele>
        <time>2024-01-01T20:22:51Z</time>
      </trkpt>
      <trkpt lat="-37.5670600" lon="-73.5835030">
        <ele>129.3</ele>
        <time>2024-01-01T20:23:12Z</time>
      </trkpt>
      <trkpt lat="-37.5671650" lon="-73.5829860">
        <ele>126.1</ele>
        <time>2024-01-01T20:23:27Z</time>
      </trkpt>
      <trkpt lat="-37.5671140" lon="-73.5826540">
        <ele>124.2</ele>
        <time>2024-01-01T20:23:36Z</time>
      </trkpt>
      <trkpt lat="-37.5668830" lon="-73.5821770">
        <ele>121.7</ele>
        <time>2024-01-01T20:23:48Z</time>
      </trkpt>
      <trkpt lat="-37.5668810" lon="-73.5818200">
        <ele>119.8</ele>
        <time>2024-01-01T20:23:57Z</time>
      </trkpt>
      <trkpt lat="-37.5670600" lon="-73.5815950">
        <ele>117.9</ele>
        <time>2024-01-01T20:24:06Z</time>
      </trkpt>
      <trkpt lat="-37.5675610" lon="-73.5819570">
        <ele>114.1</ele>
        <time>2024-01-01T20:24:33Z</time>
      </trkpt>
      <trkpt lat="-37.5679360" lon="-73.5819180">
        <ele>111.6</ele>
        <time>2024-01-01T20:24:45Z</time>
      </trkpt>
      <trkpt lat="-37.5682410" lon="-73.5816250">
        <ele>109.1</ele>
        <time>2024-01-01T20:24:57Z</time>
      </trkpt>
      <trkpt lat="-37.5686450" lon="-73.5814320">
        <ele>105.9</ele>
        <time>2024-01-01T20:25:12Z</time>
      </trkpt>
      <trkpt lat="-37.5689110" lon="-73.5810060">
        <ele>103.3</ele>
        <time>2024-01-01T20:25:27Z</time>
      </trkpt>
      <trkpt lat="-37.5692730" lon="-73.5808630">
        <ele>101.8</ele>
        <time>2024-01-01T20:25:39Z</time>
      </trkpt>
      <trkpt lat="-37.5693650" lon="-73.5805570">
        <ele>100.7</ele>
        <time>2024-01-01T20:25:48Z</time>
      </trkpt>
      <trkpt lat="-37.5689770" lon="-73.5798610">
        <ele>98.1</ele>
        <time>2024-01-01T20:26:09Z</time>
      </trkpt>
      <trkpt lat="-37.5690030" lon="-73.5794400">
        <ele>96.6</ele>
        <time>2024-01-01T20:26:21Z</time>
      </trkpt>
      <trkpt lat="-37.5692220" lon="-73.5789960">
        <ele>95.2</ele>
        <time>2024-01-01T20:26:33Z</time>
      </trkpt>
      <trkpt lat="-37.5698650" lon="-73.5786060">
        <ele>92.6</ele>
        <time>2024-01-01T20:26:54Z</time>
      </trkpt>
      <trkpt lat="-37.5700660" lon="-73.5783650">
        <ele>91.5</ele>
        <time>2024-01-01T20:27:03Z</time>
      </trkpt>
      <trkpt lat="-37.5701260" lon="-73.5780630">
        <ele>90.4</ele>
        <time>2024-01-01T20:27:12Z</time>
      </trkpt>
      <trkpt lat="-37.5700870" lon="-73.5774740">
        <ele>88.5</ele>
        <time>2024-01-01T20:27:27Z</time>
      </trkpt>
      <trkpt lat="-37.5703110" lon="-73.5769780">
        <ele>86.7</ele>
        <time>2024-01-01T20:27:42Z</time>
      </trkpt>
      <trkpt lat="-37.5705960" lon="-73.5766370">
        <ele>85.2</ele>
        <time>2024-01-01T20:27:54Z</time>
      </trkpt>
      <trkpt lat="-37.5708360" lon="-73.5764900">
        <ele>84.1</ele>
        <time>2024-01-01T20:28:03Z</time>
      </trkpt>
      <trkpt lat="-37.5716750" lon="-73.5766740">
        <ele>80.4</ele>
        <time>2024-01-01T20:28:33Z</time>
      </trkpt>
      <trkpt lat="-37.5719020" lon="-73.5765900">
        <ele>79.7</ele>
        <time>2024-01-01T20:28:45Z</time>
      </trkpt>
      <trkpt lat="-37.5719500" lon="-73.5764700">
        <ele>79.3</ele>
        <time>2024-01-01T20:28:51Z</time>
      </trkpt>
      <trkpt lat="-37.5717760" lon="-73.5761170">
        <ele>77.8</ele>
        <time>2024-01-01T20:29:06Z</time>
      </trkpt>
      <trkpt lat="-37.5717390" lon="-73.5757370">
        <ele>76.7</ele>
        <time>2024-01-01T20:29:18Z</time>
      </trkpt>
      <trkpt lat="-37.5718550" lon="-73.5753420">
        <ele>75.6</ele>
        <time>2024-01-01T20:29:30Z</time>
      </trkpt>
      <trkpt lat="-37.5720330" lon="-73.5751490">
        <ele>75.1</ele>
        <time>2024-01-01T20:29:39Z</time>
      </trkpt>
      <trkpt lat="-37.5724180" lon="-73.5751670">
        <ele>74.2</ele>
        <time>2024-01-01T20:29:54Z</time>
      </trkpt>
      <trkpt lat="-37.5730520" lon="-73.5757310">
        <ele>72.3</ele>
        <time>2024-01-01T20:30:27Z</time>
      </trkpt>
      <trkpt lat="-37.5731760" lon="-73.5757720">
        <ele>72.1</ele>
        <time>2024-01-01T20:30:33Z</time>
      </trkpt>
      <trkpt lat="-37.5733950" lon="-73.5756360">
        <ele>71.6</ele>
        <time>2024-01-01T20:30:42Z</time>
      </trkpt>
      <trkpt lat="-37.5734720" lon="-73.5754540">
        <ele>71.2</ele>
        <time>2024-01-01T20:30:48Z</time>
      </trkpt>
      <trkpt lat="-37.5734440" lon="-73.5751560">
        <ele>70.7</ele>
        <time>2024-01-01T20:30:57Z</time>
      </trkpt>
      <trkpt lat="-37.5731760" lon="-73.5749800">
        <ele>69.9</ele>
        <time>2024-01-01T20:31:09Z</time>
      </trkpt>
      <trkpt lat="-37.5730190" lon="-73.5747640">
        <ele>69.4</ele>
        <time>2024-01-01T20:31:18Z</time>
      </trkpt>
      <trkpt lat="-37.5725140" lon="-73.5736470">
        <ele>67.3</ele>
        <time>2024-01-01T20:31:54Z</time>
      </trkpt>
      <trkpt lat="-37.5727920" lon="-73.5723040">
        <ele>64.8</ele>
        <time>2024-01-01T20:33:30Z</time>
      </trkpt>
      <trkpt lat="-37.5733690" lon="-73.5711680">
        <ele>62.4</ele>
        <time>2024-01-01T20:35:33Z</time>
      </trkpt>
      <trkpt lat="-37.5739370" lon="-73.5706850">
        <ele>64.2</ele>
        <time>2024-01-01T20:36:54Z</time>
      </trkpt>
      <trkpt lat="-37.5742680" lon="-73.5706430">
        <ele>65.5</ele>
        <time>2024-01-01T20:37:33Z</time>
      </trkpt>
      <trkpt lat="-37.5743950" lon="-73.5711920">
        <ele>67.4</ele>
        <time>2024-01-01T20:38:18Z</time>
      </trkpt>
      <trkpt lat="-37.5748940" lon="-73.5725030">
        <ele>71.2</ele>
        <time>2024-01-01T20:39:27Z</time>
      </trkpt>
      <trkpt lat="-37.5753910" lon="-73.5728280">
        <ele>73.1</ele>
        <time>2024-01-01T20:40:03Z</time>
      </trkpt>
      <trkpt lat="-37.5757230" lon="-73.5731650">
        <ele>74.6</ele>
        <time>2024-01-01T20:40:33Z</time>
      </trkpt>
      <trkpt lat="-37.5760480" lon="-73.5730520">
        <ele>75.9</ele>
        <time>2024-01-01T20:40:57Z</time>
      </trkpt>
      <trkpt lat="-37.5764440" lon="-73.5730650">
        <ele>77.5</ele>
        <time>2024-01-01T20:41:45Z</time>
      </trkpt>
      <trkpt lat="-37.5771350" lon="-73.5723560">
        <ele>80.9</ele>
        <time>2024-01-01T20:43:21Z</time>
      </trkpt>
      <trkpt lat="-37.5772060" lon="-73.5720530">
        <ele>81.9</ele>
        <time>2024-01-01T20:43:57Z</time>
      </trkpt>
      <trkpt lat="-37.5770580" lon="-73.5718600">
        <ele>82.8</ele>
        <time>2024-01-01T20:44:33Z</time>
      </trkpt>
      <trkpt lat="-37.5768430" lon="-73.5718360">
        <ele>83.8</ele>
        <time>2024-01-01T20:45:00Z</time>
      </trkpt>
      <trkpt lat="-37.5762080" lon="-73.5720020">
        <ele>86.6</ele>
        <time>2024-01-01T20:46:09Z</time>
      </trkpt>
      <trkpt lat="-37.5759560" lon="-73.5717800">
        <ele>88.8</ele>
        <time>2024-01-01T20:46:42Z</time>
      </trkpt>
      <trkpt lat="-37.5757900" lon="-73.5704000">
        <ele>95.9</ele>
        <time>2024-01-01T20:49:00Z</time>
      </trkpt>
      <trkpt lat="-37.5758290" lon="-73.5699670">
        <ele>98.2</ele>
        <time>2024-01-01T20:49:36Z</time>
      </trkpt>
      <trkpt lat="-37.5760310" lon="-73.5692390">
        <ele>102.0</ele>
        <time>2024-01-01T20:50:36Z</time>
      </trkpt>
      <trkpt lat="-37.5762260" lon="-73.5688900">
        <ele>104.2</ele>
        <time>2024-01-01T20:51:15Z</time>
      </trkpt>
      <trkpt lat="-37.5770230" lon="-73.5687370">
        <ele>109.8</ele>
        <time>2024-01-01T20:52:51Z</time>
      </trkpt>
      <trkpt lat="-37.5777490" lon="-73.5680650">
        <ele>115.3</ele>
        <time>2024-01-01T20:54:51Z</time>
      </trkpt>
      <trkpt lat="-37.5784450" lon="-73.5681400">
        <ele>120.3</ele>
        <time>2024-01-01T20:56:24Z</time>
      </trkpt>
      <trkpt lat="-37.5787040" lon="-73.5679650">
        <ele>122.5</ele>
        <time>2024-01-01T20:57:00Z</time>
      </trkpt>
      <trkpt lat="-37.5792690" lon="-73.5662370">
        <ele>129.4</ele>
        <time>2024-01-01T20:59:21Z</time>
      </trkpt>
      <trkpt lat="-37.5792160" lon="-73.5660490">
        <ele>129.7</ele>
        <time>2024-01-01T20:59:33Z</time>
      </trkpt>
      <trkpt lat="-37.5790900" lon="-73.5659840">
        <ele>130.1</ele>
        <time>2024-01-01T20:59:51Z</time>
      </trkpt>
      <trkpt lat="-37.5788550" lon="-73.5660180">
        <ele>130.5</ele>
        <time>2024-01-01T21:00:27Z</time>
      </trkpt>
      <trkpt lat="-37.5787160" lon="-73.5658680">
        <ele>130.8</ele>
        <time>2024-01-01T21:00:51Z</time>
      </trkpt>
      <trkpt lat="-37.5789420" lon="-73.5649910">
        <ele>132.1</ele>
        <time>2024-01-01T21:01:42Z</time>
      </trkpt>
      <trkpt lat="-37.5786470" lon="-73.5641210">
        <ele>133.5</ele>
        <time>2024-01-01T21:02:48Z</time>
      </trkpt>
      <trkpt lat="-37.5788130" lon="-73.5637930">
        <ele>134.2</ele>
        <time>2024-01-01T21:03:15Z</time>
      </trkpt>
      <trkpt lat="-37.5793530" lon="-73.5636510">
        <ele>135.3</ele>
        <time>2024-01-01T21:04:39Z</time>
      </trkpt>
      <trkpt lat="-37.5795060" lon="-73.5637160">
        <ele>135.6</ele>
        <time>2024-01-01T21:04:54Z</time>
      </trkpt>
      <trkpt lat="-37.5798550" lon="-73.5641410">
        <ele>136.4</ele>
        <time>2024-01-01T21:05:21Z</time>
      </trkpt>
      <trkpt lat="-37.5804870" lon="-73.5650770">
        <ele>137.9</ele>
        <time>2024-01-01T21:06:24Z</time>
      </trkpt>
      <trkpt lat="-37.5815020" lon="-73.5660380">
        <ele>140.0</ele>
        <time>2024-01-01T21:07:42Z</time>
      </trkpt>
      <trkpt lat="-37.5819410" lon="-73.5661830">
        <ele>141.5</ele>
        <time>2024-01-01T21:08:12Z</time>
      </trkpt>
      <trkpt lat="-37.5821760" lon="-73.5661740">
        <ele>142.4</ele>
        <time>2024-01-01T21:08:33Z</time>
      </trkpt>
      <trkpt lat="-37.5835720" lon="-73.5668880">
        <ele>147.6</ele>
        <time>2024-01-01T21:09:51Z</time>
      </trkpt>
      <trkpt lat="-37.5843730" lon="-73.5670430">
        <ele>150.6</ele>
        <time>2024-01-01T21:11:06Z</time>
      </trkpt>
      <trkpt lat="-37.5848480" lon="-73.5674330">
        <ele>152.7</ele>
        <time>2024-01-01T21:12:03Z</time>
      </trkpt>
      <trkpt lat="-37.5860080" lon="-73.5695030">
        <ele>160.0</ele>
        <time>2024-01-01T21:14:54Z</time>
      </trkpt>
      <trkpt lat="-37.5863770" lon="-73.5710660">
        <ele>160.5</ele>
        <time>2024-01-01T21:16:33Z</time>
      </trkpt>
      <trkpt lat="-37.5865350" lon="-73.5724370">
        <ele>154.5</ele>
        <time>2024-01-01T21:17:27Z</time>
      </trkpt>
      <trkpt lat="-37.5864800" lon="-73.5735840">
        <ele>148.5</ele>
        <time>2024-01-01T21:18:03Z</time>
      </trkpt>
      <trkpt lat="-37.5862120" lon="-73.5749530">
        <ele>141.5</ele>
        <time>2024-01-01T21:18:51Z</time>
      </trkpt>
      <trkpt lat="-37.5862420" lon="-73.5754630">
        <ele>139.0</ele>
        <time>2024-01-01T21:19:06Z</time>
      </trkpt>
      <trkpt lat="-37.5863550" lon="-73.5757280">
        <ele>137.5</ele>
        <time>2024-01-01T21:19:15Z</time>
      </trkpt>
      <trkpt lat="-37.5871580" lon="-73.5764860">
        <ele>132.0</ele>
        <time>2024-01-01T21:19:48Z</time>
      </trkpt>
      <trkpt lat="-37.5874330" lon="-73.5766400">
        <ele>130.0</ele>
        <time>2024-01-01T21:20:00Z</time>
      </trkpt>
      <trkpt lat="-37.5877340" lon="-73.5766650">
        <ele>128.0</ele>
        <time>2024-01-01T21:20:12Z</time>
      </trkpt>
      <trkpt lat="-37.5886850" lon="-73.5763150">
        <ele>120.4</ele>
        <time>2024-01-01T21:20:42Z</time>
      </trkpt>
      <trkpt lat="-37.5888930" lon="-73.5763440">
        <ele>118.1</ele>
        <time>2024-01-01T21:20:48Z</time>
      </trkpt>
      <trkpt lat="-37.5890710" lon="-73.5764920">
        <ele>115.8</ele>
        <time>2024-01-01T21:20:54Z</time>
      </trkpt>
      <trkpt lat="-37.5906100" lon="-73.5793530">
        <ele>89.5</ele>
        <time>2024-01-01T21:22:03Z</time>
      </trkpt>
      <trkpt lat="-37.5911840" lon="-73.5813380">
        <ele>73.5</ele>
        <time>2024-01-01T21:22:45Z</time>
      </trkpt>
      <trkpt lat="-37.5913140" lon="-73.5815810">
        <ele>71.2</ele>
        <time>2024-01-01T21:22:51Z</time>
      </trkpt>
      <trkpt lat="-37.5919640" lon="-73.5820420">
        <ele>63.2</ele>
        <time>2024-01-01T21:23:12Z</time>
      </trkpt>
      <trkpt lat="-37.5922830" lon="-73.5829770">
        <ele>55.2</ele>
        <time>2024-01-01T21:23:33Z</time>
      </trkpt>
      <trkpt lat="-37.5931850" lon="-73.5842420">
        <ele>42.6</ele>
        <time>2024-01-01T21:24:06Z</time>
      </trkpt>
      <trkpt lat="-37.5936310" lon="-73.5847240">
        <ele>37.8</ele>
        <time>2024-01-01T21:24:27Z</time>
      </trkpt>
      <trkpt lat="-37.5946650" lon="-73.5854240">
        <ele>36.5</ele>
        <time>2024-01-01T21:25:18Z</time>
      </trkpt>
      <trkpt lat="-37.5951420" lon="-73.5854020">
        <ele>36.0</ele>
        <time>2024-01-01T21:25:36Z</time>
      </trkpt>
      <trkpt lat="-37.5953370" lon="-73.5854920">
        <ele>35.8</ele>
        <time>2024-01-01T21:25:45Z</time>
      </trkpt>
      <trkpt lat="-37.5954370" lon="-73.5858540">
        <ele>35.5</ele>
        <time>2024-01-01T21:25:57Z</time>
      </trkpt>
      <trkpt lat="-37.5954430" lon="-73.5864840">
        <ele>35.1</ele>
        <time>2024-01-01T21:26:27Z</time>
      </trkpt>
      <trkpt lat="-37.5958770" lon="-73.5873190">
        <ele>34.4</ele>
        <time>2024-01-01T21:27:06Z</time>
      </trkpt>
      <trkpt lat="-37.5960790" lon="-73.5875220">
        <ele>34.2</ele>
        <time>2024-01-01T21:27:18Z</time>
      </trkpt>
      <trkpt lat="-37.5966720" lon="-73.5877750">
        <ele>33.7</ele>
        <time>2024-01-01T21:27:39Z</time>
      </trkpt>
      <trkpt lat="-37.5969490" lon="-73.5881310">
        <ele>33.3</ele>
        <time>2024-01-01T21:27:54Z</time>
      </trkpt>
      <trkpt lat="-37.5970590" lon="-73.5884880">
        <ele>32.9</ele>
        <time>2024-01-01T21:28:12Z</time>
      </trkpt>
      <trkpt lat="-37.5970860" lon="-73.5889940">
        <ele>32.5</ele>
        <time>2024-01-01T21:29:30Z</time>
      </trkpt>
      <trkpt lat="-37.5973920" lon="-73.5897920">
        <ele>36.5</ele>
        <time>2024-01-01T21:32:18Z</time>
      </trkpt>
      <trkpt lat="-37.5973530" lon="-73.5900590">
        <ele>39.9</ele>
        <time>2024-01-01T21:33:06Z</time>
      </trkpt>
      <trkpt lat="-37.5972200" lon="-73.5902630">
        <ele>43.3</ele>
        <time>2024-01-01T21:33:54Z</time>
      </trkpt>
      <trkpt lat="-37.5968040" lon="-73.5904940">
        <ele>50.1</ele>
        <time>2024-01-01T21:35:12Z</time>
      </trkpt>
      <trkpt lat="-37.5963880" lon="-73.5909390">
        <ele>58.0</ele>
        <time>2024-01-01T21:36:36Z</time>
      </trkpt>
      <trkpt lat="-37.5957350" lon="-73.5913480">
        <ele>69.3</ele>
        <time>2024-01-01T21:38:36Z</time>
      </trkpt>
      <trkpt lat="-37.5951710" lon="-73.5921030">
        <ele>80.7</ele>
        <time>2024-01-01T21:40:33Z</time>
      </trkpt>
      <trkpt lat="-37.5951020" lon="-73.5925730">
        <ele>86.3</ele>
        <time>2024-01-01T21:41:33Z</time>
      </trkpt>
      <trkpt lat="-37.5954310" lon="-73.5934030">
        <ele>97.6</ele>
        <time>2024-01-01T21:43:30Z</time>
      </trkpt>
      <trkpt lat="-37.5956770" lon="-73.5937430">
        <ele>103.3</ele>
        <time>2024-01-01T21:44:42Z</time>
      </trkpt>
      <trkpt lat="-37.5966930" lon="-73.5943990">
        <ele>120.2</ele>
        <time>2024-01-01T21:47:51Z</time>
      </trkpt>
      <trkpt lat="-37.5976360" lon="-73.5951750">
        <ele>131.3</ele>
        <time>2024-01-01T21:51:06Z</time>
      </trkpt>
      <trkpt lat="-37.5993750" lon="-73.5958870">
        <ele>150.4</ele>
        <time>2024-01-01T21:56:57Z</time>
      </trkpt>
      <trkpt lat="-37.5996570" lon="-73.5960870">
        <ele>153.4</ele>
        <time>2024-01-01T21:57:42Z</time>
      </trkpt>
      <trkpt lat="-37.6002360" lon="-73.5968500">
        <ele>160.7</ele>
        <time>2024-01-01T21:59:39Z</time>
      </trkpt>
      <trkpt lat="-37.6005460" lon="-73.5975010">
        <ele>166.6</ele>
        <time>2024-01-01T22:01:21Z</time>
      </trkpt>
      <trkpt lat="-37.6012040" lon="-73.5996710">
        <ele>181.4</ele>
        <time>2024-01-01T22:07:18Z</time>
      </trkpt>
      <trkpt lat="-37.6014280" lon="-73.5998730">
        <ele>183.2</ele>
        <time>2024-01-01T22:07:54Z</time>
      </trkpt>
      <trkpt lat="-37.6020970" lon="-73.6000210">
        <ele>187.4</ele>
        <time>2024-01-01T22:09:12Z</time>
      </trkpt>
      <trkpt lat="-37.6025690" lon="-73.6002800">
        <ele>190.1</ele>
        <time>2024-01-01T22:10:24Z</time>
      </trkpt>
      <trkpt lat="-37.6032550" lon="-73.6009410">
        <ele>195.2</ele>
        <time>2024-01-01T22:12:21Z</time>
      </trkpt>
      <trkpt lat="-37.6033870" lon="-73.6011960">
        <ele>196.6</ele>
        <time>2024-01-01T22:13:06Z</time>
      </trkpt>
      <trkpt lat="-37.6034590" lon="-73.6032320">
        <ele>206.2</ele>
        <time>2024-01-01T22:17:00Z</time>
      </trkpt>
      <trkpt lat="-37.6028710" lon="-73.6045060">
        <ele>210.4</ele>
        <time>2024-01-01T22:19:00Z</time>
      </trkpt>
      <trkpt lat="-37.6029360" lon="-73.6053600">
        <ele>211.4</ele>
        <time>2024-01-01T22:19:36Z</time>
      </trkpt>
      <trkpt lat="-37.6025900" lon="-73.6065480">
        <ele>213.6</ele>
        <time>2024-01-01T22:20:54Z</time>
      </trkpt>
      <trkpt lat="-37.6022670" lon="-73.6081090">
        <ele>216.2</ele>
        <time>2024-01-01T22:22:00Z</time>
      </trkpt>
      <trkpt lat="-37.6021550" lon="-73.6098770">
        <ele>218.9</ele>
        <time>2024-01-01T22:23:09Z</time>
      </trkpt>
      <trkpt lat="-37.6023900" lon="-73.6103090">
        <ele>219.8</ele>
        <time>2024-01-01T22:23:39Z</time>
      </trkpt>
      <trkpt lat="-37.6029270" lon="-73.6109740">
        <ele>221.3</ele>
        <time>2024-01-01T22:24:36Z</time>
      </trkpt>
      <trkpt lat="-37.6029700" lon="-73.6112030">
        <ele>221.7</ele>
        <time>2024-01-01T22:24:48Z</time>
      </trkpt>
      <trkpt lat="-37.6035300" lon="-73.6123540">
        <ele>222.9</ele>
        <time>2024-01-01T22:26:06Z</time>
      </trkpt>
      <trkpt lat="-37.6038960" lon="-73.6134660">
        <ele>224.0</ele>
        <time>2024-01-01T22:28:09Z</time>
      </trkpt>
      <trkpt lat="-37.6046640" lon="-73.6148760">
        <ele>225.7</ele>
        <time>2024-01-01T22:30:12Z</time>
      </trkpt>
      <trkpt lat="-37.6048360" lon="-73.6158720">
        <ele>226.5</ele>
        <time>2024-01-01T22:31:06Z</time>
      </trkpt>
      <trkpt lat="-37.6053590" lon="-73.6178440">
        <ele>228.2</ele>
        <time>2024-01-01T22:32:36Z</time>
      </trkpt>
      <trkpt lat="-37.6054440" lon="-73.6194900">
        <ele>226.9</ele>
        <time>2024-01-01T22:33:48Z</time>
      </trkpt>
      <trkpt lat="-37.6053750" lon="-73.6210200">
        <ele>221.9</ele>
        <time>2024-01-01T22:35:15Z</time>
      </trkpt>
      <trkpt lat="-37.6054530" lon="-73.6210050">
        <ele>221.5</ele>
        <time>2024-01-01T22:36:00Z</time>
      </trkpt>
      <trkpt lat="-37.6055690" lon="-73.6216290">
        <ele>219.4</ele>
        <time>2024-01-01T22:37:09Z</time>
      </trkpt>
      <trkpt lat="-37.6059200" lon="-73.6223160">
        <ele>216.9</ele>
        <time>2024-01-01T22:37:45Z</time>
      </trkpt>
      <trkpt lat="-37.6061820" lon="-73.6233350">
        <ele>213.7</ele>
        <time>2024-01-01T22:38:24Z</time>
      </trkpt>
      <trkpt lat="-37.6063560" lon="-73.6249110">
        <ele>208.8</ele>
        <time>2024-01-01T22:39:27Z</time>
      </trkpt>
      <trkpt lat="-37.6067210" lon="-73.6254920">
        <ele>206.3</ele>
        <time>2024-01-01T22:39:54Z</time>
      </trkpt>
      <trkpt lat="-37.6070050" lon="-73.6262570">
        <ele>203.8</ele>
        <time>2024-01-01T22:40:15Z</time>
      </trkpt>
      <trkpt lat="-37.6080130" lon="-73.6267670">
        <ele>199.5</ele>
        <time>2024-01-01T22:41:03Z</time>
      </trkpt>
      <trkpt lat="-37.6083740" lon="-73.6273390">
        <ele>197.3</ele>
        <time>2024-01-01T22:41:48Z</time>
      </trkpt>
      <trkpt lat="-37.6087210" lon="-73.6276890">
        <ele>195.7</ele>
        <time>2024-01-01T22:42:09Z</time>
      </trkpt>
      <trkpt lat="-37.6092650" lon="-73.6278430">
        <ele>193.5</ele>
        <time>2024-01-01T22:42:30Z</time>
      </trkpt>
      <trkpt lat="-37.6097870" lon="-73.6282050">
        <ele>191.6</ele>
        <time>2024-01-01T22:42:57Z</time>
      </trkpt>
      <trkpt lat="-37.6100550" lon="-73.6285920">
        <ele>190.3</ele>
        <time>2024-01-01T22:43:21Z</time>
      </trkpt>
      <trkpt lat="-37.6100930" lon="-73.6288670">
        <ele>189.7</ele>
        <time>2024-01-01T22:43:33Z</time>
      </trkpt>
      <trkpt lat="-37.6101570" lon="-73.6300680">
        <ele>185.6</ele>
        <time>2024-01-01T22:44:15Z</time>
      </trkpt>
      <trkpt lat="-37.6101020" lon="-73.6305940">
        <ele>184.0</ele>
        <time>2024-01-01T22:44:30Z</time>
      </trkpt>
      <trkpt lat="-37.6097660" lon="-73.6315330">
        <ele>180.8</ele>
        <time>2024-01-01T22:45:00Z</time>
      </trkpt>
      <trkpt lat="-37.6092680" lon="-73.6320280">
        <ele>178.0</ele>
        <time>2024-01-01T22:45:27Z</time>
      </trkpt>
      <trkpt lat="-37.6089870" lon="-73.6320810">
        <ele>176.5</ele>
        <time>2024-01-01T22:45:39Z</time>
      </trkpt>
      <trkpt lat="-37.6080940" lon="-73.6317290">
        <ele>171.9</ele>
        <time>2024-01-01T22:46:18Z</time>
      </trkpt>
      <trkpt lat="-37.6075530" lon="-73.6317920">
        <ele>170.0</ele>
        <time>2024-01-01T22:46:48Z</time>
      </trkpt>
      <trkpt lat="-37.6069360" lon="-73.6315250">
        <ele>167.3</ele>
        <time>2024-01-01T22:47:21Z</time>
      </trkpt>
      <trkpt lat="-37.6063960" lon="-73.6316060">
        <ele>164.6</ele>
        <time>2024-01-01T22:47:42Z</time>
      </trkpt>
      <trkpt lat="-37.6051730" lon="-73.6310500">
        <ele>158.9</ele>
        <time>2024-01-01T22:49:12Z</time>
      </trkpt>
      <trkpt lat="-37.6046750" lon="-73.6310040">
        <ele>156.6</ele>
        <time>2024-01-01T22:49:30Z</time>
      </trkpt>
      <trkpt lat="-37.6044160" lon="-73.6311190">
        <ele>155.5</ele>
        <time>2024-01-01T22:49:39Z</time>
      </trkpt>
      <trkpt lat="-37.6041420" lon="-73.6314240">
        <ele>154.0</ele>
        <time>2024-01-01T22:49:51Z</time>
      </trkpt>
      <trkpt lat="-37.6040550" lon="-73.6316990">
        <ele>152.8</ele>
        <time>2024-01-01T22:50:00Z</time>
      </trkpt>
      <trkpt lat="-37.6041160" lon="-73.6320850">
        <ele>151.3</ele>
        <time>2024-01-01T22:50:21Z</time>
      </trkpt>
      <trkpt lat="-37.6040150" lon="-73.6322360">
        <ele>150.5</ele>
        <time>2024-01-01T22:50:30Z</time>
      </trkpt>
      <trkpt lat="-37.6036110" lon="-73.6324860">
        <ele>149.0</ele>
        <time>2024-01-01T22:50:54Z</time>
      </trkpt>
      <trkpt lat="-37.6035340" lon="-73.6327040">
        <ele>147.2</ele>
        <time>2024-01-01T22:51:06Z</time>
      </trkpt>
      <trkpt lat="-37.6032150" lon="-73.6326450">
        <ele>143.6</ele>
        <time>2024-01-01T22:51:30Z</time>
      </trkpt>
      <trkpt lat="-37.6021710" lon="-73.6328870">
        <ele>133.8</ele>
        <time>2024-01-01T22:52:24Z</time>
      </trkpt>
      <trkpt lat="-37.6018820" lon="-73.6327950">
        <ele>130.2</ele>
        <time>2024-01-01T22:52:39Z</time>
      </trkpt>
      <trkpt lat="-37.6015300" lon="-73.6330080">
        <ele>125.7</ele>
        <time>2024-01-01T22:53:06Z</time>
      </trkpt>
      <trkpt lat="-37.6015170" lon="-73.6332420">
        <ele>123.9</ele>
        <time>2024-01-01T22:53:18Z</time>
      </trkpt>
      <trkpt lat="-37.6017680" lon="-73.6334100">
        <ele>120.4</ele>
        <time>2024-01-01T22:53:48Z</time>
      </trkpt>
      <trkpt lat="-37.6017770" lon="-73.6335010">
        <ele>119.5</ele>
        <time>2024-01-01T22:53:57Z</time>
      </trkpt>
      <trkpt lat="-37.6016780" lon="-73.6336270">
        <ele>117.7</ele>
        <time>2024-01-01T22:54:12Z</time>
      </trkpt>
      <trkpt lat="-37.6013730" lon="-73.6336950">
        <ele>114.1</ele>
        <time>2024-01-01T22:54:36Z</time>
      </trkpt>
      <trkpt lat="-37.6013240" lon="-73.6340990">
        <ele>110.5</ele>
        <time>2024-01-01T22:55:06Z</time>
      </trkpt>
      <trkpt lat="-37.6014510" lon="-73.6340360">
        <ele>108.7</ele>
        <time>2024-01-01T22:55:24Z</time>
      </trkpt>
      <trkpt lat="-37.6015900" lon="-73.6341360">
        <ele>106.9</ele>
        <time>2024-01-01T22:55:33Z</time>
      </trkpt>
      <trkpt lat="-37.6017660" lon="-73.6346350">
        <ele>101.6</ele>
        <time>2024-01-01T22:57:03Z</time>
      </trkpt>
      <trkpt lat="-37.6019130" lon="-73.6346960">
        <ele>99.8</ele>
        <time>2024-01-01T22:57:15Z</time>
      </trkpt>
      <trkpt lat="-37.6020900" lon="-73.6349180">
        <ele>97.1</ele>
        <time>2024-01-01T22:57:33Z</time>
      </trkpt>
      <trkpt lat="-37.6022570" lon="-73.6353950">
        <ele>92.6</ele>
        <time>2024-01-01T22:58:06Z</time>
      </trkpt>
      <trkpt lat="-37.6021640" lon="-73.6356320">
        <ele>90.8</ele>
        <time>2024-01-01T22:58:15Z</time>
      </trkpt>
      <trkpt lat="-37.6022340" lon="-73.6357930">
        <ele>89.1</ele>
        <time>2024-01-01T22:58:30Z</time>
      </trkpt>
      <trkpt lat="-37.6024370" lon="-73.6357900">
        <ele>87.3</ele>
        <time>2024-01-01T22:58:42Z</time>
      </trkpt>
      <trkpt lat="-37.6024860" lon="-73.6360030">
        <ele>86.4</ele>
        <time>2024-01-01T22:58:54Z</time>
      </trkpt>
      <trkpt lat="-37.6030640" lon="-73.6362590">
        <ele>80.8</ele>
        <time>2024-01-01T22:59:21Z</time>
      </trkpt>
      <trkpt lat="-37.6039870" lon="-73.6371000">
        <ele>78.8</ele>
        <time>2024-01-01T23:01:00Z</time>
      </trkpt>
      <trkpt lat="-37.6041550" lon="-73.6383440">
        <ele>76.7</ele>
        <time>2024-01-01T23:02:12Z</time>
      </trkpt>
      <trkpt lat="-37.6040400" lon="-73.6393280">
        <ele>75.3</ele>
        <time>2024-01-01T23:02:54Z</time>
      </trkpt>
      <trkpt lat="-37.6041720" lon="-73.6399860">
        <ele>74.2</ele>
        <time>2024-01-01T23:03:57Z</time>
      </trkpt>
      <trkpt lat="-37.6039320" lon="-73.6405220">
        <ele>73.3</ele>
        <time>2024-01-01T23:04:54Z</time>
      </trkpt>
      <trkpt lat="-37.6039300" lon="-73.6411300">
        <ele>72.3</ele>
        <time>2024-01-01T23:05:54Z</time>
      </trkpt>
      <trkpt lat="-37.6037730" lon="-73.6414430">
        <ele>71.7</ele>
        <time>2024-01-01T23:06:33Z</time>
      </trkpt>
      <trkpt lat="-37.6033770" lon="-73.6413540">
        <ele>70.9</ele>
        <time>2024-01-01T23:07:03Z</time>
      </trkpt>
      <trkpt lat="-37.6028880" lon="-73.6409930">
        <ele>69.8</ele>
        <time>2024-01-01T23:07:45Z</time>
      </trkpt>
      <trkpt lat="-37.6023430" lon="-73.6408230">
        <ele>68.7</ele>
        <time>2024-01-01T23:08:15Z</time>
      </trkpt>
      <trkpt lat="-37.6021230" lon="-73.6404370">
        <ele>67.4</ele>
        <time>2024-01-01T23:08:39Z</time>
      </trkpt>
      <trkpt lat="-37.6015510" lon="-73.6401240">
        <ele>64.7</ele>
        <time>2024-01-01T23:09:27Z</time>
      </trkpt>
      <trkpt lat="-37.6007040" lon="-73.6393130">
        <ele>60.1</ele>
        <time>2024-01-01T23:11:30Z</time>
      </trkpt>
      <trkpt lat="-37.5996430" lon="-73.6388170">
        <ele>55.5</ele>
        <time>2024-01-01T23:12:54Z</time>
      </trkpt>
      <trkpt lat="-37.5991210" lon="-73.6383300">
        <ele>53.5</ele>
        <time>2024-01-01T23:13:30Z</time>
      </trkpt>
      <trkpt lat="-37.5982250" lon="-73.6378880">
        <ele>50.2</ele>
        <time>2024-01-01T23:14:30Z</time>
      </trkpt>
      <trkpt lat="-37.5974970" lon="-73.6378150">
        <ele>47.3</ele>
        <time>2024-01-01T23:15:03Z</time>
      </trkpt>
      <trkpt lat="-37.5972870" lon="-73.6378560">
        <ele>46.3</ele>
        <time>2024-01-01T23:15:12Z</time>
      </trkpt>
      <trkpt lat="-37.5968220" lon="-73.6381720">
        <ele>44.7</ele>
        <time>2024-01-01T23:15:39Z</time>
      </trkpt>
      <trkpt lat="-37.5960970" lon="-73.6382360">
        <ele>43.1</ele>
        <time>2024-01-01T23:16:18Z</time>
      </trkpt>
      <trkpt lat="-37.5956850" lon="-73.6381790">
        <ele>42.5</ele>
        <time>2024-01-01T23:16:42Z</time>
      </trkpt>
      <trkpt lat="-37.5950880" lon="-73.6377770">
        <ele>41.1</ele>
        <time>2024-01-01T23:17:33Z</time>
      </trkpt>
      <trkpt lat="-37.5949220" lon="-73.6373440">
        <ele>40.2</ele>
        <time>2024-01-01T23:18:09Z</time>
      </trkpt>
      <trkpt lat="-37.5945160" lon="-73.6370770">
        <ele>39.2</ele>
        <time>2024-01-01T23:19:00Z</time>
      </trkpt>
      <trkpt lat="-37.5939730" lon="-73.6370360">
        <ele>38.0</ele>
        <time>2024-01-01T23:20:06Z</time>
      </trkpt>
      <trkpt lat="-37.5935630" lon="-73.6367220">
        <ele>37.2</ele>
        <time>2024-01-01T23:20:27Z</time>
      </trkpt>
      <trkpt lat="-37.5934490" lon="-73.6371870">
        <ele>36.5</ele>
        <time>2024-01-01T23:20:51Z</time>
      </trkpt>
      <trkpt lat="-37.5935830" lon="-73.6374140">
        <ele>36.0</ele>
        <time>2024-01-01T23:21:09Z</time>
      </trkpt>
      <trkpt lat="-37.5938020" lon="-73.6375710">
        <ele>35.4</ele>
        <time>2024-01-01T23:21:24Z</time>
      </trkpt>
      <trkpt lat="-37.5945000" lon="-73.6375270">
        <ele>34.2</ele>
        <time>2024-01-01T23:22:03Z</time>
      </trkpt>
      <trkpt lat="-37.5946340" lon="-73.6375900">
        <ele>33.9</ele>
        <time>2024-01-01T23:22:15Z</time>
      </trkpt>
      <trkpt lat="-37.5946770" lon="-73.6384200">
        <ele>32.5</ele>
        <time>2024-01-01T23:23:03Z</time>
      </trkpt>
      <trkpt lat="-37.5944110" lon="-73.6384840">
        <ele>32.0</ele>
        <time>2024-01-01T23:23:18Z</time>
      </trkpt>
      <trkpt lat="-37.5943900" lon="-73.6387100">
        <ele>31.7</ele>
        <time>2024-01-01T23:23:30Z</time>
      </trkpt>
      <trkpt lat="-37.5948650" lon="-73.6391430">
        <ele>31.1</ele>
        <time>2024-01-01T23:24:15Z</time>
      </trkpt>
      <trkpt lat="-37.5945140" lon="-73.6390820">
        <ele>31.2</ele>
        <time>2024-01-01T23:24:45Z</time>
      </trkpt>
      <trkpt lat="-37.5924010" lon="-73.6385180">
        <ele>31.7</ele>
        <time>2024-01-01T23:26:45Z</time>
      </trkpt>
      <trkpt lat="-37.5916090" lon="-73.6381950">
        <ele>31.9</ele>
        <time>2024-01-01T23:27:30Z</time>
      </trkpt>
      <trkpt lat="-37.5900860" lon="-73.6372970">
        <ele>32.4</ele>
        <time>2024-01-01T23:29:03Z</time>
      </trkpt>
      <trkpt lat="-37.5883510" lon="-73.6358240">
        <ele>33.6</ele>
        <time>2024-01-01T23:32:00Z</time>
      </trkpt>
      <trkpt lat="-37.5880050" lon="-73.6360790">
        <ele>36.6</ele>
        <time>2024-01-01T23:32:33Z</time>
      </trkpt>
      <trkpt lat="-37.5877790" lon="-73.6361360">
        <ele>37.8</ele>
        <time>2024-01-01T23:32:45Z</time>
      </trkpt>
      <trkpt lat="-37.5865830" lon="-73.6357860">
        <ele>45.1</ele>
        <time>2024-01-01T23:33:51Z</time>
      </trkpt>
      <trkpt lat="-37.5862730" lon="-73.6358800">
        <ele>46.9</ele>
        <time>2024-01-01T23:34:09Z</time>
      </trkpt>
      <trkpt lat="-37.5860160" lon="-73.6361400">
        <ele>48.7</ele>
        <time>2024-01-01T23:34:27Z</time>
      </trkpt>
      <trkpt lat="-37.5856070" lon="-73.6371580">
        <ele>53.6</ele>
        <time>2024-01-01T23:35:15Z</time>
      </trkpt>
      <trkpt lat="-37.5855100" lon="-73.6371930">
        <ele>54.2</ele>
        <time>2024-01-01T23:35:21Z</time>
      </trkpt>
      <trkpt lat="-37.5850410" lon="-73.6370680">
        <ele>57.8</ele>
        <time>2024-01-01T23:36:15Z</time>
      </trkpt>
      <trkpt lat="-37.5844630" lon="-73.6366780">
        <ele>63.3</ele>
        <time>2024-01-01T23:38:15Z</time>
      </trkpt>
      <trkpt lat="-37.5838290" lon="-73.6365960">
        <ele>68.7</ele>
        <time>2024-01-01T23:40:18Z</time>
      </trkpt>
      <trkpt lat="-37.5836240" lon="-73.6364970">
        <ele>70.5</ele>
        <time>2024-01-01T23:40:54Z</time>
      </trkpt>
      <trkpt lat="-37.5835430" lon="-73.6363680">
        <ele>71.7</ele>
        <time>2024-01-01T23:41:18Z</time>
      </trkpt>
      <trkpt lat="-37.5829350" lon="-73.6363940">
        <ele>76.6</ele>
        <time>2024-01-01T23:43:12Z</time>
      </trkpt>
      <trkpt lat="-37.5826440" lon="-73.6366370">
        <ele>79.3</ele>
        <time>2024-01-01T23:44:33Z</time>
      </trkpt>
      <trkpt lat="-37.5823820" lon="-73.6366980">
        <ele>80.6</ele>
        <time>2024-01-01T23:45:30Z</time>
      </trkpt>
      <trkpt lat="-37.5819010" lon="-73.6363340">
        <ele>83.1</ele>
        <time>2024-01-01T23:47:33Z</time>
      </trkpt>
      <trkpt lat="-37.5818880" lon="-73.6365000">
        <ele>83.7</ele>
        <time>2024-01-01T23:48:00Z</time>
      </trkpt>
      <trkpt lat="-37.5821980" lon="-73.6371690">
        <ele>86.3</ele>
        <time>2024-01-01T23:49:51Z</time>
      </trkpt>
      <trkpt lat="-37.5823510" lon="-73.6383680">
        <ele>90.7</ele>
        <time>2024-01-01T23:52:57Z</time>
      </trkpt>
      <trkpt lat="-37.5822880" lon="-73.6387090">
        <ele>91.9</ele>
        <time>2024-01-01T23:54:00Z</time>
      </trkpt>
      <trkpt lat="-37.5821110" lon="-73.6388940">
        <ele>92.9</ele>
        <time>2024-01-01T23:54:42Z</time>
      </trkpt>
      <trkpt lat="-37.5819080" lon="-73.6389780">
        <ele>93.8</ele>
        <time>2024-01-01T23:55:15Z</time>
      </trkpt>
      <trkpt lat="-37.5803800" lon="-73.6391630">
        <ele>99.5</ele>
        <time>2024-01-01T23:56:30Z</time>
      </trkpt>
      <trkpt lat="-37.5799220" lon="-73.6390830">
        <ele>101.1</ele>
        <time>2024-01-01T23:56:54Z</time>
      </trkpt>
      <trkpt lat="-37.5792120" lon="-73.6387010">
        <ele>99.4</ele>
        <time>2024-01-01T23:57:21Z</time>
      </trkpt>
      <trkpt lat="-37.5780750" lon="-73.6386790">
        <ele>83.6</ele>
        <time>2024-01-01T23:58:03Z</time>
      </trkpt>
      <trkpt lat="-37.5780260" lon="-73.6387750">
        <ele>82.4</ele>
        <time>2024-01-01T23:58:09Z</time>
      </trkpt>
      <trkpt lat="-37.5781090" lon="-73.6389070">
        <ele>80.0</ele>
        <time>2024-01-01T23:58:15Z</time>
      </trkpt>
      <trkpt lat="-37.5788070" lon="-73.6391830">
        <ele>69.1</ele>
        <time>2024-01-01T23:58:45Z</time>
      </trkpt>
      <trkpt lat="-37.5796760" lon="-73.6398930">
        <ele>54.6</ele>
        <time>2024-01-01T23:59:21Z</time>
      </trkpt>
      <trkpt lat="-37.5797630" lon="-73.6414720">
        <ele>37.6</ele>
        <time>2024-01-02T00:00:15Z</time>
      </trkpt>
      <trkpt lat="-37.5797270" lon="-73.6416020">
        <ele>36.4</ele>
        <time>2024-01-02T00:00:21Z</time>
      </trkpt>
      <trkpt lat="-37.5794610" lon="-73.6418070">
        <ele>32.8</ele>
        <time>2024-01-02T00:00:36Z</time>
      </trkpt>
      <trkpt lat="-37.5792610" lon="-73.6417450">
        <ele>30.4</ele>
        <time>2024-01-02T00:00:48Z</time>
      </trkpt>
      <trkpt lat="-37.5790870" lon="-73.6415030">
        <ele>26.7</ele>
        <time>2024-01-02T00:01:00Z</time>
      </trkpt>
      <trkpt lat="-37.5790530" lon="-73.6405440">
        <ele>15.8</ele>
        <time>2024-01-02T00:01:27Z</time>
      </trkpt>
      <trkpt lat="-37.5786530" lon="-73.6401840">
        <ele>11.7</ele>
        <time>2024-01-02T00:01:45Z</time>
      </trkpt>
      <trkpt lat="-37.5785050" lon="-73.6401990">
        <ele>12.3</ele>
        <time>2024-01-02T00:01:57Z</time>
      </trkpt>
      <trkpt lat="-37.5786680" lon="-73.6406780">
        <ele>13.6</ele>
        <time>2024-01-02T00:02:24Z</time>
      </trkpt>
      <trkpt lat="-37.5787590" lon="-73.6413040">
        <ele>15.3</ele>
        <time>2024-01-02T00:02:54Z</time>
      </trkpt>
      <trkpt lat="-37.5795750" lon="-73.6427100">
        <ele>16.6</ele>
        <time>2024-01-02T00:03:54Z</time>
      </trkpt>
      <trkpt lat="-37.5797140" lon="-73.6425030">
        <ele>17.6</ele>
        <time>2024-01-02T00:04:39Z</time>
      </trkpt>
      <trkpt lat="-37.5803330" lon="-73.6425160">
        <ele>20.2</ele>
        <time>2024-01-02T00:05:27Z</time>
      </trkpt>
      <trkpt lat="-37.5805840" lon="-73.6424750">
        <ele>21.2</ele>
        <time>2024-01-02T00:05:51Z</time>
      </trkpt>
      <trkpt lat="-37.5807920" lon="-73.6423190">
        <ele>22.2</ele>
        <time>2024-01-02T00:06:18Z</time>
      </trkpt>
      <trkpt lat="-37.5813190" lon="-73.6423740">
        <ele>24.5</ele>
        <time>2024-01-02T00:07:21Z</time>
      </trkpt>
      <trkpt lat="-37.5818310" lon="-73.6422400">
        <ele>26.8</ele>
        <time>2024-01-02T00:08:12Z</time>
      </trkpt>
      <trkpt lat="-37.5833850" lon="-73.6415740">
        <ele>33.7</ele>
        <time>2024-01-02T00:10:42Z</time>
      </trkpt>
      <trkpt lat="-37.5840140" lon="-73.6411110">
        <ele>36.0</ele>
        <time>2024-01-02T00:12:15Z</time>
      </trkpt>
    </trkseg>
  </trk>
</gpx>