<?xml version='1.0' encoding='UTF-8'?>
<gpx xmlns="http://www.topografix.com/GPX/1/1" xmlns:xsi="http://www.w3.org/2001/XMLSchema-instance" version="1.1" creator="Bosque Abierto MTB - Guardianes del Bosque" xsi:schemaLocation="http://www.topografix.com/GPX/1/1 http://www.topografix.com/GPX/1/1/gpx.xsd">
  <metadata>
    <name>Los Alamos Xc Azul</name>
    <desc>Ruta MTB Bosque Abierto - ARAUCO Renovables</desc>
    <author>
      <name>Guardianes del Bosque MTB</name>
    </author>
    <time>2024-01-01T10:00:00Z</time>
  </metadata>
  <trk>
    <name>Los Alamos Xc Azul</name>
    <type>cycling</type>
    <trkseg>
      <trkpt lat="-37.6204657" lon="-73.4691562">
        <ele>179.0</ele>
        <time>2024-01-01T10:00:00Z</time>
      </trkpt>
      <trkpt lat="-37.6206034" lon="-73.4668169">
        <ele>176.7</ele>
        <time>2024-01-01T10:00:06Z</time>
      </trkpt>
      <trkpt lat="-37.6195544" lon="-73.4661152">
        <ele>175.6</ele>
        <time>2024-01-01T10:00:09Z</time>
      </trkpt>
      <trkpt lat="-37.6172089" lon="-73.4651930">
        <ele>174.5</ele>
        <time>2024-01-01T10:00:15Z</time>
      </trkpt>
      <trkpt lat="-37.6164377" lon="-73.4661369">
        <ele>173.3</ele>
        <time>2024-01-01T10:00:18Z</time>
      </trkpt>
      <trkpt lat="-37.6151916" lon="-73.4666490">
        <ele>172.2</ele>
        <time>2024-01-01T10:00:21Z</time>
      </trkpt>
      <trkpt lat="-37.6137786" lon="-73.4666530">
        <ele>171.1</ele>
        <time>2024-01-01T10:00:27Z</time>
      </trkpt>
      <trkpt lat="-37.6125260" lon="-73.4668147">
        <ele>169.9</ele>
        <time>2024-01-01T10:00:30Z</time>
      </trkpt>
      <trkpt lat="-37.6094796" lon="-73.4674975">
        <ele>167.7</ele>
        <time>2024-01-01T10:00:36Z</time>
      </trkpt>
      <trkpt lat="-37.6082027" lon="-73.4679786">
        <ele>166.6</ele>
        <time>2024-01-01T10:00:39Z</time>
      </trkpt>
      <trkpt lat="-37.6073847" lon="-73.4689660">
        <ele>165.4</ele>
        <time>2024-01-01T10:00:42Z</time>
      </trkpt>
      <trkpt lat="-37.6073787" lon="-73.4699135">
        <ele>164.3</ele>
        <time>2024-01-01T10:00:45Z</time>
      </trkpt>
      <trkpt lat="-37.6074927" lon="-73.4710607">
        <ele>163.2</ele>
        <time>2024-01-01T10:00:48Z</time>
      </trkpt>
      <trkpt lat="-37.6078657" lon="-73.4721638">
        <ele>162.0</ele>
        <time>2024-01-01T10:00:51Z</time>
      </trkpt>
      <trkpt lat="-37.6086243" lon="-73.4727601">
        <ele>159.8</ele>
        <time>2024-01-01T10:00:57Z</time>
      </trkpt>
      <trkpt lat="-37.6115193" lon="-73.4727963">
        <ele>158.6</ele>
        <time>2024-01-01T10:01:00Z</time>
      </trkpt>
      <trkpt lat="-37.6139247" lon="-73.4721096">
        <ele>157.5</ele>
        <time>2024-01-01T10:01:03Z</time>
      </trkpt>
      <trkpt lat="-37.6152045" lon="-73.4719322">
        <ele>156.4</ele>
        <time>2024-01-01T10:01:06Z</time>
      </trkpt>
      <trkpt lat="-37.6161685" lon="-73.4720675">
        <ele>155.2</ele>
        <time>2024-01-01T10:01:09Z</time>
      </trkpt>
      <trkpt lat="-37.6177328" lon="-73.4724343">
        <ele>154.1</ele>
        <time>2024-01-01T10:01:12Z</time>
      </trkpt>
      <trkpt lat="-37.6191794" lon="-73.4722605">
        <ele>153.0</ele>
        <time>2024-01-01T10:01:15Z</time>
      </trkpt>
      <trkpt lat="-37.6205690" lon="-73.4717438">
        <ele>151.8</ele>
        <time>2024-01-01T10:01:21Z</time>
      </trkpt>
      <trkpt lat="-37.6208805" lon="-73.4711181">
        <ele>150.7</ele>
        <time>2024-01-01T10:01:24Z</time>
      </trkpt>
      <trkpt lat="-37.6204657" lon="-73.4691562">
        <ele>149.6</ele>
        <time>2024-01-01T10:01:27Z</time>
      </trkpt>
      <trkpt lat="-37.6004793" lon="-73.3980645">
        <ele>148.4</ele>
        <time>2024-01-01T10:01:30Z</time>
      </trkpt>
      <trkpt lat="-37.5995023" lon="-73.3980372">
        <ele>147.3</ele>
        <time>2024-01-01T10:01:33Z</time>
      </trkpt>
      <trkpt lat="-37.5983852" lon="-73.3977128">
        <ele>146.2</ele>
        <time>2024-01-01T10:01:36Z</time>
      </trkpt>
      <trkpt lat="-37.5968781" lon="-73.3974012">
        <ele>145.0</ele>
        <time>2024-01-01T10:01:39Z</time>
      </trkpt>
      <trkpt lat="-37.5954246" lon="-73.3973884">
        <ele>143.9</ele>
        <time>2024-01-01T10:01:42Z</time>
      </trkpt>
      <trkpt lat="-37.5941335" lon="-73.3970274">
        <ele>142.8</ele>
        <time>2024-01-01T10:01:45Z</time>
      </trkpt>
      <trkpt lat="-37.5939766" lon="-73.3964261">
        <ele>141.7</ele>
        <time>2024-01-01T10:01:48Z</time>
      </trkpt>
      <trkpt lat="-37.5941839" lon="-73.3954936">
        <ele>140.5</ele>
        <time>2024-01-01T10:01:51Z</time>
      </trkpt>
      <trkpt lat="-37.5946508" lon="-73.3944667">
        <ele>138.3</ele>
        <time>2024-01-01T10:01:57Z</time>
      </trkpt>
      <trkpt lat="-37.5945937" lon="-73.3937040">
        <ele>137.1</ele>
        <time>2024-01-01T10:02:00Z</time>
      </trkpt>
      <trkpt lat="-37.5946664" lon="-73.3924885">
        <ele>134.9</ele>
        <time>2024-01-01T10:02:06Z</time>
      </trkpt>
      <trkpt lat="-37.5952880" lon="-73.3911838">
        <ele>132.6</ele>
        <time>2024-01-01T10:02:12Z</time>
      </trkpt>
      <trkpt lat="-37.5963712" lon="-73.3902080">
        <ele>131.5</ele>
        <time>2024-01-01T10:02:15Z</time>
      </trkpt>
      <trkpt lat="-37.5978272" lon="-73.3896140">
        <ele>130.3</ele>
        <time>2024-01-01T10:02:18Z</time>
      </trkpt>
      <trkpt lat="-37.5985771" lon="-73.3885857">
        <ele>129.2</ele>
        <time>2024-01-01T10:02:21Z</time>
      </trkpt>
      <trkpt lat="-37.6004781" lon="-73.3865146">
        <ele>128.1</ele>
        <time>2024-01-01T10:02:24Z</time>
      </trkpt>
      <trkpt lat="-37.6014462" lon="-73.3856751">
        <ele>126.9</ele>
        <time>2024-01-01T10:02:27Z</time>
      </trkpt>
      <trkpt lat="-37.6027425" lon="-73.3847295">
        <ele>125.8</ele>
        <time>2024-01-01T10:02:30Z</time>
      </trkpt>
      <trkpt lat="-37.6052622" lon="-73.3927659">
        <ele>124.7</ele>
        <time>2024-01-01T10:02:33Z</time>
      </trkpt>
      <trkpt lat="-37.6043980" lon="-73.3954325">
        <ele>123.5</ele>
        <time>2024-01-01T10:02:36Z</time>
      </trkpt>
      <trkpt lat="-37.6026222" lon="-73.3957111">
        <ele>122.4</ele>
        <time>2024-01-01T10:02:39Z</time>
      </trkpt>
      <trkpt lat="-37.6004793" lon="-73.3980645">
        <ele>121.3</ele>
        <time>2024-01-01T10:02:42Z</time>
      </trkpt>
      <trkpt lat="-37.5840890" lon="-73.6410980">
        <ele>120.1</ele>
        <time>2024-01-01T10:02:45Z</time>
      </trkpt>
      <trkpt lat="-37.5840680" lon="-73.6410160">
        <ele>119.0</ele>
        <time>2024-01-01T10:03:18Z</time>
      </trkpt>
      <trkpt lat="-37.5843710" lon="-73.6406450">
        <ele>113.4</ele>
        <time>2024-01-01T10:03:51Z</time>
      </trkpt>
      <trkpt lat="-37.5850860" lon="-73.6400790">
        <ele>103.2</ele>
        <time>2024-01-01T10:04:33Z</time>
      </trkpt>
      <trkpt lat="-37.5855460" lon="-73.6394960">
        <ele>95.2</ele>
        <time>2024-01-01T10:05:12Z</time>
      </trkpt>
      <trkpt lat="-37.5856640" lon="-73.6370500">
        <ele>67.0</ele>
        <time>2024-01-01T10:08:00Z</time>
      </trkpt>
      <trkpt lat="-37.5861060" lon="-73.6360470">
        <ele>54.5</ele>
        <time>2024-01-01T10:09:15Z</time>
      </trkpt>
      <trkpt lat="-37.5865280" lon="-73.6358300">
        <ele>47.7</ele>
        <time>2024-01-01T10:09:51Z</time>
      </trkpt>
      <trkpt lat="-37.5867600" lon="-73.6358370">
        <ele>44.3</ele>
        <time>2024-01-01T10:10:09Z</time>
      </trkpt>
      <trkpt lat="-37.5877280" lon="-73.6361420">
        <ele>33.3</ele>
        <time>2024-01-01T10:11:27Z</time>
      </trkpt>
      <trkpt lat="-37.5879470" lon="-73.6361160">
        <ele>33.7</ele>
        <time>2024-01-01T10:11:48Z</time>
      </trkpt>
      <trkpt lat="-37.5882910" lon="-73.6359090">
        <ele>34.2</ele>
        <time>2024-01-01T10:12:24Z</time>
      </trkpt>
      <trkpt lat="-37.5901460" lon="-73.6373690">
        <ele>36.8</ele>
        <time>2024-01-01T10:13:54Z</time>
      </trkpt>
      <trkpt lat="-37.5915190" lon="-73.6381950">
        <ele>38.9</ele>
        <time>2024-01-01T10:14:57Z</time>
      </trkpt>
      <trkpt lat="-37.5932350" lon="-73.6387830">
        <ele>40.8</ele>
        <time>2024-01-01T10:16:45Z</time>
      </trkpt>
      <trkpt lat="-37.5946520" lon="-73.6391530">
        <ele>42.6</ele>
        <time>2024-01-01T10:18:18Z</time>
      </trkpt>
      <trkpt lat="-37.5948850" lon="-73.6391280">
        <ele>42.9</ele>
        <time>2024-01-01T10:18:36Z</time>
      </trkpt>
      <trkpt lat="-37.5948720" lon="-73.6390170">
        <ele>43.0</ele>
        <time>2024-01-01T10:18:45Z</time>
      </trkpt>
      <trkpt lat="-37.5942760" lon="-73.6384950">
        <ele>44.1</ele>
        <time>2024-01-01T10:20:00Z</time>
      </trkpt>
      <trkpt lat="-37.5931840" lon="-73.6378720">
        <ele>45.8</ele>
        <time>2024-01-01T10:22:00Z</time>
      </trkpt>
      <trkpt lat="-37.5924670" lon="-73.6372740">
        <ele>46.9</ele>
        <time>2024-01-01T10:23:21Z</time>
      </trkpt>
      <trkpt lat="-37.5922610" lon="-73.6369440">
        <ele>49.9</ele>
        <time>2024-01-01T10:23:54Z</time>
      </trkpt>
      <trkpt lat="-37.5922560" lon="-73.6364070">
        <ele>54.4</ele>
        <time>2024-01-01T10:25:12Z</time>
      </trkpt>
      <trkpt lat="-37.5925290" lon="-73.6361630">
        <ele>58.0</ele>
        <time>2024-01-01T10:26:27Z</time>
      </trkpt>
      <trkpt lat="-37.5930220" lon="-73.6348970">
        <ele>69.8</ele>
        <time>2024-01-01T10:30:39Z</time>
      </trkpt>
      <trkpt lat="-37.5931420" lon="-73.6348440">
        <ele>71.3</ele>
        <time>2024-01-01T10:31:15Z</time>
      </trkpt>
      <trkpt lat="-37.5931910" lon="-73.6351580">
        <ele>74.2</ele>
        <time>2024-01-01T10:32:09Z</time>
      </trkpt>
      <trkpt lat="-37.5936240" lon="-73.6358710">
        <ele>81.6</ele>
        <time>2024-01-01T10:34:27Z</time>
      </trkpt>
      <trkpt lat="-37.5939980" lon="-73.6355090">
        <ele>86.0</ele>
        <time>2024-01-01T10:35:51Z</time>
      </trkpt>
      <trkpt lat="-37.5942660" lon="-73.6345580">
        <ele>94.1</ele>
        <time>2024-01-01T10:38:24Z</time>
      </trkpt>
      <trkpt lat="-37.5943790" lon="-73.6344530">
        <ele>95.6</ele>
        <time>2024-01-01T10:38:51Z</time>
      </trkpt>
      <trkpt lat="-37.5947260" lon="-73.6344440">
        <ele>99.3</ele>
        <time>2024-01-01T10:40:06Z</time>
      </trkpt>
      <trkpt lat="-37.5950020" lon="-73.6345460">
        <ele>102.2</ele>
        <time>2024-01-01T10:41:09Z</time>
      </trkpt>
      <trkpt lat="-37.5953340" lon="-73.6344240">
        <ele>105.9</ele>
        <time>2024-01-01T10:42:33Z</time>
      </trkpt>
      <trkpt lat="-37.5962950" lon="-73.6349360">
        <ele>117.0</ele>
        <time>2024-01-01T10:46:27Z</time>
      </trkpt>
      <trkpt lat="-37.5965160" lon="-73.6345790">
        <ele>120.6</ele>
        <time>2024-01-01T10:47:36Z</time>
      </trkpt>
      <trkpt lat="-37.5966520" lon="-73.6345300">
        <ele>122.1</ele>
        <time>2024-01-01T10:48:00Z</time>
      </trkpt>
      <trkpt lat="-37.5967430" lon="-73.6346480">
        <ele>123.6</ele>
        <time>2024-01-01T10:48:24Z</time>
      </trkpt>
      <trkpt lat="-37.5967070" lon="-73.6350230">
        <ele>126.5</ele>
        <time>2024-01-01T10:49:21Z</time>
      </trkpt>
      <trkpt lat="-37.5965000" lon="-73.6356850">
        <ele>132.4</ele>
        <time>2024-01-01T10:50:57Z</time>
      </trkpt>
      <trkpt lat="-37.5965780" lon="-73.6358370">
        <ele>133.9</ele>
        <time>2024-01-01T10:51:18Z</time>
      </trkpt>
      <trkpt lat="-37.5967240" lon="-73.6359010">
        <ele>135.4</ele>
        <time>2024-01-01T10:51:39Z</time>
      </trkpt>
      <trkpt lat="-37.5970630" lon="-73.6355020">
        <ele>139.8</ele>
        <time>2024-01-01T10:52:42Z</time>
      </trkpt>
      <trkpt lat="-37.5972750" lon="-73.6349380">
        <ele>143.3</ele>
        <time>2024-01-01T10:53:54Z</time>
      </trkpt>
      <trkpt lat="-37.5974580" lon="-73.6347090">
        <ele>144.5</ele>
        <time>2024-01-01T10:54:30Z</time>
      </trkpt>
      <trkpt lat="-37.5977940" lon="-73.6345720">
        <ele>146.6</ele>
        <time>2024-01-01T10:55:21Z</time>
      </trkpt>
      <trkpt lat="-37.5982880" lon="-73.6346020">
        <ele>149.5</ele>
        <time>2024-01-01T10:56:27Z</time>
      </trkpt>
      <trkpt lat="-37.5984710" lon="-73.6347170">
        <ele>150.8</ele>
        <time>2024-01-01T10:56:54Z</time>
      </trkpt>
      <trkpt lat="-37.5987760" lon="-73.6347170">
        <ele>152.5</ele>
        <time>2024-01-01T10:57:39Z</time>
      </trkpt>
      <trkpt lat="-37.5988940" lon="-73.6346270">
        <ele>153.3</ele>
        <time>2024-01-01T10:57:57Z</time>
      </trkpt>
      <trkpt lat="-37.5987670" lon="-73.6338240">
        <ele>156.7</ele>
        <time>2024-01-01T10:59:33Z</time>
      </trkpt>
      <trkpt lat="-37.5985690" lon="-73.6332590">
        <ele>159.2</ele>
        <time>2024-01-01T11:00:30Z</time>
      </trkpt>
      <trkpt lat="-37.5981750" lon="-73.6327260">
        <ele>162.1</ele>
        <time>2024-01-01T11:01:39Z</time>
      </trkpt>
      <trkpt lat="-37.5971590" lon="-73.6317840">
        <ele>168.4</ele>
        <time>2024-01-01T11:03:51Z</time>
      </trkpt>
      <trkpt lat="-37.5960810" lon="-73.6315220">
        <ele>173.4</ele>
        <time>2024-01-01T11:04:54Z</time>
      </trkpt>
      <trkpt lat="-37.5957700" lon="-73.6315330">
        <ele>174.7</ele>
        <time>2024-01-01T11:05:12Z</time>
      </trkpt>
      <trkpt lat="-37.5954600" lon="-73.6314070">
        <ele>176.3</ele>
        <time>2024-01-01T11:05:36Z</time>
      </trkpt>
      <trkpt lat="-37.5952070" lon="-73.6310890">
        <ele>178.4</ele>
        <time>2024-01-01T11:06:06Z</time>
      </trkpt>
      <trkpt lat="-37.5944790" lon="-73.6296620">
        <ele>185.5</ele>
        <time>2024-01-01T11:08:27Z</time>
      </trkpt>
      <trkpt lat="-37.5945110" lon="-73.6293070">
        <ele>187.2</ele>
        <time>2024-01-01T11:09:00Z</time>
      </trkpt>
      <trkpt lat="-37.5949020" lon="-73.6284780">
        <ele>191.4</ele>
        <time>2024-01-01T11:10:21Z</time>
      </trkpt>
      <trkpt lat="-37.5956740" lon="-73.6278170">
        <ele>196.0</ele>
        <time>2024-01-01T11:11:39Z</time>
      </trkpt>
      <trkpt lat="-37.5962910" lon="-73.6270200">
        <ele>198.2</ele>
        <time>2024-01-01T11:12:48Z</time>
      </trkpt>
      <trkpt lat="-37.5967790" lon="-73.6261410">
        <ele>200.1</ele>
        <time>2024-01-01T11:13:36Z</time>
      </trkpt>
      <trkpt lat="-37.5969700" lon="-73.6252130">
        <ele>202.3</ele>
        <time>2024-01-01T11:14:57Z</time>
      </trkpt>
      <trkpt lat="-37.5972590" lon="-73.6244520">
        <ele>204.0</ele>
        <time>2024-01-01T11:16:00Z</time>
      </trkpt>
      <trkpt lat="-37.5972920" lon="-73.6235180">
        <ele>206.0</ele>
        <time>2024-01-01T11:17:03Z</time>
      </trkpt>
      <trkpt lat="-37.5974850" lon="-73.6226950">
        <ele>207.9</ele>
        <time>2024-01-01T11:17:39Z</time>
      </trkpt>
      <trkpt lat="-37.5976440" lon="-73.6223760">
        <ele>208.8</ele>
        <time>2024-01-01T11:17:51Z</time>
      </trkpt>
      <trkpt lat="-37.5982590" lon="-73.6218960">
        <ele>210.8</ele>
        <time>2024-01-01T11:18:21Z</time>
      </trkpt>
      <trkpt lat="-37.5990790" lon="-73.6216770">
        <ele>213.1</ele>
        <time>2024-01-01T11:18:57Z</time>
      </trkpt>
      <trkpt lat="-37.5999830" lon="-73.6216650">
        <ele>215.1</ele>
        <time>2024-01-01T11:19:39Z</time>
      </trkpt>
      <trkpt lat="-37.6007920" lon="-73.6218340">
        <ele>216.8</ele>
        <time>2024-01-01T11:20:24Z</time>
      </trkpt>
      <trkpt lat="-37.6011720" lon="-73.6216980">
        <ele>217.5</ele>
        <time>2024-01-01T11:20:39Z</time>
      </trkpt>
      <trkpt lat="-37.6017450" lon="-73.6217970">
        <ele>218.6</ele>
        <time>2024-01-01T11:21:09Z</time>
      </trkpt>
      <trkpt lat="-37.6029390" lon="-73.6225300">
        <ele>221.4</ele>
        <time>2024-01-01T11:22:21Z</time>
      </trkpt>
      <trkpt lat="-37.6034600" lon="-73.6226670">
        <ele>222.5</ele>
        <time>2024-01-01T11:22:51Z</time>
      </trkpt>
      <trkpt lat="-37.6050150" lon="-73.6223450">
        <ele>222.8</ele>
        <time>2024-01-01T11:24:33Z</time>
      </trkpt>
      <trkpt lat="-37.6055650" lon="-73.6217150">
        <ele>221.7</ele>
        <time>2024-01-01T11:25:36Z</time>
      </trkpt>
      <trkpt lat="-37.6053890" lon="-73.6207050">
        <ele>220.5</ele>
        <time>2024-01-01T11:26:33Z</time>
      </trkpt>
      <trkpt lat="-37.6054380" lon="-73.6205090">
        <ele>220.3</ele>
        <time>2024-01-01T11:26:51Z</time>
      </trkpt>
      <trkpt lat="-37.6053730" lon="-73.6200200">
        <ele>219.8</ele>
        <time>2024-01-01T11:27:18Z</time>
      </trkpt>
      <trkpt lat="-37.6054970" lon="-73.6194400">
        <ele>219.1</ele>
        <time>2024-01-01T11:27:36Z</time>
      </trkpt>
      <trkpt lat="-37.6053970" lon="-73.6179110">
        <ele>217.6</ele>
        <time>2024-01-01T11:28:39Z</time>
      </trkpt>
      <trkpt lat="-37.6053130" lon="-73.6174390">
        <ele>217.1</ele>
        <time>2024-01-01T11:29:03Z</time>
      </trkpt>
      <trkpt lat="-37.6049260" lon="-73.6163410">
        <ele>215.9</ele>
        <time>2024-01-01T11:30:30Z</time>
      </trkpt>
      <trkpt lat="-37.6049150" lon="-73.6159170">
        <ele>215.5</ele>
        <time>2024-01-01T11:30:45Z</time>
      </trkpt>
      <trkpt lat="-37.6047210" lon="-73.6151560">
        <ele>214.7</ele>
        <time>2024-01-01T11:31:33Z</time>
      </trkpt>
      <trkpt lat="-37.6044770" lon="-73.6144980">
        <ele>213.9</ele>
        <time>2024-01-01T11:31:54Z</time>
      </trkpt>
      <trkpt lat="-37.6038300" lon="-73.6133000">
        <ele>212.4</ele>
        <time>2024-01-01T11:32:45Z</time>
      </trkpt>
      <trkpt lat="-37.6034350" lon="-73.6120660">
        <ele>211.1</ele>
        <time>2024-01-01T11:33:21Z</time>
      </trkpt>
      <trkpt lat="-37.6029040" lon="-73.6109070">
        <ele>209.8</ele>
        <time>2024-01-01T11:34:00Z</time>
      </trkpt>
      <trkpt lat="-37.6028970" lon="-73.6107450">
        <ele>209.7</ele>
        <time>2024-01-01T11:34:06Z</time>
      </trkpt>
      <trkpt lat="-37.6026530" lon="-73.6104140">
        <ele>209.2</ele>
        <time>2024-01-01T11:34:24Z</time>
      </trkpt>
      <trkpt lat="-37.6023950" lon="-73.6102960">
        <ele>208.5</ele>
        <time>2024-01-01T11:34:36Z</time>
      </trkpt>
      <trkpt lat="-37.6021320" lon="-73.6097950">
        <ele>205.9</ele>
        <time>2024-01-01T11:35:00Z</time>
      </trkpt>
      <trkpt lat="-37.6022940" lon="-73.6088030">
        <ele>201.2</ele>
        <time>2024-01-01T11:35:57Z</time>
      </trkpt>
      <trkpt lat="-37.6022100" lon="-73.6083500">
        <ele>199.1</ele>
        <time>2024-01-01T11:36:21Z</time>
      </trkpt>
      <trkpt lat="-37.6029420" lon="-73.6053680">
        <ele>184.6</ele>
        <time>2024-01-01T11:38:48Z</time>
      </trkpt>
      <trkpt lat="-37.6029150" lon="-73.6043330">
        <ele>179.9</ele>
        <time>2024-01-01T11:39:24Z</time>
      </trkpt>
      <trkpt lat="-37.6033200" lon="-73.6036550">
        <ele>176.3</ele>
        <time>2024-01-01T11:40:00Z</time>
      </trkpt>
      <trkpt lat="-37.6034770" lon="-73.6032060">
        <ele>173.7</ele>
        <time>2024-01-01T11:40:15Z</time>
      </trkpt>
      <trkpt lat="-37.6034380" lon="-73.6012360">
        <ele>163.8</ele>
        <time>2024-01-01T11:41:18Z</time>
      </trkpt>
      <trkpt lat="-37.6031790" lon="-73.6007960">
        <ele>161.7</ele>
        <time>2024-01-01T11:41:30Z</time>
      </trkpt>
      <trkpt lat="-37.6025800" lon="-73.6002750">
        <ele>158.6</ele>
        <time>2024-01-01T11:41:48Z</time>
      </trkpt>
      <trkpt lat="-37.6020460" lon="-73.6000030">
        <ele>156.0</ele>
        <time>2024-01-01T11:42:03Z</time>
      </trkpt>
      <trkpt lat="-37.6012830" lon="-73.5997580">
        <ele>151.9</ele>
        <time>2024-01-01T11:42:27Z</time>
      </trkpt>
      <trkpt lat="-37.6010770" lon="-73.5993180">
        <ele>149.3</ele>
        <time>2024-01-01T11:42:45Z</time>
      </trkpt>
      <trkpt lat="-37.6008880" lon="-73.5983480">
        <ele>144.1</ele>
        <time>2024-01-01T11:43:15Z</time>
      </trkpt>
      <trkpt lat="-37.6005320" lon="-73.5973870">
        <ele>138.7</ele>
        <time>2024-01-01T11:43:45Z</time>
      </trkpt>
      <trkpt lat="-37.6003080" lon="-73.5969850">
        <ele>136.0</ele>
        <time>2024-01-01T11:44:03Z</time>
      </trkpt>
      <trkpt lat="-37.5996070" lon="-73.5965020">
        <ele>131.1</ele>
        <time>2024-01-01T11:44:33Z</time>
      </trkpt>
      <trkpt lat="-37.5994210" lon="-73.5961390">
        <ele>129.0</ele>
        <time>2024-01-01T11:44:48Z</time>
      </trkpt>
      <trkpt lat="-37.5989910" lon="-73.5962030">
        <ele>126.8</ele>
        <time>2024-01-01T11:45:15Z</time>
      </trkpt>
      <trkpt lat="-37.5985670" lon="-73.5959580">
        <ele>123.6</ele>
        <time>2024-01-01T11:46:30Z</time>
      </trkpt>
      <trkpt lat="-37.5977890" lon="-73.5957720">
        <ele>118.7</ele>
        <time>2024-01-01T11:46:57Z</time>
      </trkpt>
      <trkpt lat="-37.5975230" lon="-73.5954660">
        <ele>116.5</ele>
        <time>2024-01-01T11:47:09Z</time>
      </trkpt>
      <trkpt lat="-37.5972460" lon="-73.5952970">
        <ele>114.9</ele>
        <time>2024-01-01T11:47:18Z</time>
      </trkpt>
      <trkpt lat="-37.5969790" lon="-73.5948650">
        <ele>112.7</ele>
        <time>2024-01-01T11:47:30Z</time>
      </trkpt>
      <trkpt lat="-37.5966800" lon="-73.5945660">
        <ele>110.5</ele>
        <time>2024-01-01T11:47:42Z</time>
      </trkpt>
      <trkpt lat="-37.5965010" lon="-73.5944410">
        <ele>109.4</ele>
        <time>2024-01-01T11:47:48Z</time>
      </trkpt>
      <trkpt lat="-37.5960900" lon="-73.5943810">
        <ele>107.3</ele>
        <time>2024-01-01T11:48:00Z</time>
      </trkpt>
      <trkpt lat="-37.5956340" lon="-73.5938270">
        <ele>103.5</ele>
        <time>2024-01-01T11:48:21Z</time>
      </trkpt>
      <trkpt lat="-37.5949820" lon="-73.5935570">
        <ele>99.1</ele>
        <time>2024-01-01T11:48:45Z</time>
      </trkpt>
      <trkpt lat="-37.5949100" lon="-73.5934390">
        <ele>98.6</ele>
        <time>2024-01-01T11:48:51Z</time>
      </trkpt>
      <trkpt lat="-37.5950580" lon="-73.5930550">
        <ele>96.4</ele>
        <time>2024-01-01T11:49:06Z</time>
      </trkpt>
      <trkpt lat="-37.5948000" lon="-73.5923620">
        <ele>92.1</ele>
        <time>2024-01-01T11:49:30Z</time>
      </trkpt>
      <trkpt lat="-37.5950790" lon="-73.5915720">
        <ele>87.7</ele>
        <time>2024-01-01T11:49:54Z</time>
      </trkpt>
      <trkpt lat="-37.5949880" lon="-73.5913640">
        <ele>86.7</ele>
        <time>2024-01-01T11:50:06Z</time>
      </trkpt>
      <trkpt lat="-37.5946380" lon="-73.5911440">
        <ele>84.5</ele>
        <time>2024-01-01T11:50:30Z</time>
      </trkpt>
      <trkpt lat="-37.5946280" lon="-73.5907450">
        <ele>82.9</ele>
        <time>2024-01-01T11:50:48Z</time>
      </trkpt>
      <trkpt lat="-37.5947880" lon="-73.5906170">
        <ele>81.2</ele>
        <time>2024-01-01T11:50:57Z</time>
      </trkpt>
      <trkpt lat="-37.5952150" lon="-73.5906730">
        <ele>78.0</ele>
        <time>2024-01-01T11:51:15Z</time>
      </trkpt>
      <trkpt lat="-37.5957140" lon="-73.5902930">
        <ele>74.2</ele>
        <time>2024-01-01T11:51:36Z</time>
      </trkpt>
      <trkpt lat="-37.5961010" lon="-73.5902340">
        <ele>71.8</ele>
        <time>2024-01-01T11:51:54Z</time>
      </trkpt>
      <trkpt lat="-37.5960130" lon="-73.5899520">
        <ele>71.1</ele>
        <time>2024-01-01T11:52:21Z</time>
      </trkpt>
      <trkpt lat="-37.5955990" lon="-73.5894380">
        <ele>69.6</ele>
        <time>2024-01-01T11:53:21Z</time>
      </trkpt>
      <trkpt lat="-37.5957850" lon="-73.5893160">
        <ele>69.0</ele>
        <time>2024-01-01T11:54:12Z</time>
      </trkpt>
      <trkpt lat="-37.5962230" lon="-73.5892990">
        <ele>67.7</ele>
        <time>2024-01-01T11:54:57Z</time>
      </trkpt>
      <trkpt lat="-37.5970880" lon="-73.5889960">
        <ele>65.3</ele>
        <time>2024-01-01T11:56:18Z</time>
      </trkpt>
      <trkpt lat="-37.5969240" lon="-73.5881230">
        <ele>63.5</ele>
        <time>2024-01-01T11:56:51Z</time>
      </trkpt>
      <trkpt lat="-37.5967120" lon="-73.5878510">
        <ele>62.7</ele>
        <time>2024-01-01T11:57:03Z</time>
      </trkpt>
      <trkpt lat="-37.5959690" lon="-73.5874240">
        <ele>60.5</ele>
        <time>2024-01-01T11:57:57Z</time>
      </trkpt>
      <trkpt lat="-37.5955620" lon="-73.5865660">
        <ele>58.3</ele>
        <time>2024-01-01T11:59:12Z</time>
      </trkpt>
      <trkpt lat="-37.5955170" lon="-73.5859500">
        <ele>57.2</ele>
        <time>2024-01-01T11:59:54Z</time>
      </trkpt>
      <trkpt lat="-37.5954060" lon="-73.5857080">
        <ele>56.8</ele>
        <time>2024-01-01T12:00:06Z</time>
      </trkpt>
      <trkpt lat="-37.5952730" lon="-73.5856730">
        <ele>56.4</ele>
        <time>2024-01-01T12:00:12Z</time>
      </trkpt>
      <trkpt lat="-37.5948090" lon="-73.5858760">
        <ele>55.3</ele>
        <time>2024-01-01T12:00:33Z</time>
      </trkpt>
      <trkpt lat="-37.5941480" lon="-73.5859040">
        <ele>53.3</ele>
        <time>2024-01-01T12:01:00Z</time>
      </trkpt>
      <trkpt lat="-37.5939540" lon="-73.5861190">
        <ele>52.7</ele>
        <time>2024-01-01T12:01:09Z</time>
      </trkpt>
      <trkpt lat="-37.5936450" lon="-73.5868790">
        <ele>50.9</ele>
        <time>2024-01-01T12:01:42Z</time>
      </trkpt>
      <trkpt lat="-37.5931180" lon="-73.5877060">
        <ele>49.0</ele>
        <time>2024-01-01T12:02:36Z</time>
      </trkpt>
      <trkpt lat="-37.5931200" lon="-73.5882360">
        <ele>47.9</ele>
        <time>2024-01-01T12:03:09Z</time>
      </trkpt>
      <trkpt lat="-37.5929720" lon="-73.5891270">
        <ele>46.2</ele>
        <time>2024-01-01T12:04:21Z</time>
      </trkpt>
      <trkpt lat="-37.5925400" lon="-73.5903560">
        <ele>45.7</ele>
        <time>2024-01-01T12:06:06Z</time>
      </trkpt>
      <trkpt lat="-37.5923560" lon="-73.5905000">
        <ele>47.4</ele>
        <time>2024-01-01T12:06:33Z</time>
      </trkpt>
      <trkpt lat="-37.5919940" lon="-73.5903310">
        <ele>50.3</ele>
        <time>2024-01-01T12:07:21Z</time>
      </trkpt>
      <trkpt lat="-37.5916860" lon="-73.5903800">
        <ele>52.6</ele>
        <time>2024-01-01T12:08:00Z</time>
      </trkpt>
      <trkpt lat="-37.5915150" lon="-73.5909400">
        <ele>56.0</ele>
        <time>2024-01-01T12:08:51Z</time>
      </trkpt>
      <trkpt lat="-37.5912120" lon="-73.5910820">
        <ele>58.3</ele>
        <time>2024-01-01T12:09:27Z</time>
      </trkpt>
      <trkpt lat="-37.5906580" lon="-73.5910200">
        <ele>62.4</ele>
        <time>2024-01-01T12:10:45Z</time>
      </trkpt>
      <trkpt lat="-37.5898060" lon="-73.5905580">
        <ele>68.7</ele>
        <time>2024-01-01T12:12:21Z</time>
      </trkpt>
      <trkpt lat="-37.5894670" lon="-73.5904910">
        <ele>71.0</ele>
        <time>2024-01-01T12:13:00Z</time>
      </trkpt>
      <trkpt lat="-37.5889590" lon="-73.5901100">
        <ele>75.6</ele>
        <time>2024-01-01T12:13:54Z</time>
      </trkpt>
      <trkpt lat="-37.5886160" lon="-73.5895240">
        <ele>80.1</ele>
        <time>2024-01-01T12:15:57Z</time>
      </trkpt>
      <trkpt lat="-37.5882310" lon="-73.5894040">
        <ele>83.0</ele>
        <time>2024-01-01T12:16:54Z</time>
      </trkpt>
      <trkpt lat="-37.5878200" lon="-73.5890650">
        <ele>86.4</ele>
        <time>2024-01-01T12:17:45Z</time>
      </trkpt>
      <trkpt lat="-37.5875580" lon="-73.5889780">
        <ele>88.2</ele>
        <time>2024-01-01T12:18:12Z</time>
      </trkpt>
      <trkpt lat="-37.5873340" lon="-73.5892420">
        <ele>90.5</ele>
        <time>2024-01-01T12:18:45Z</time>
      </trkpt>
      <trkpt lat="-37.5871320" lon="-73.5892490">
        <ele>92.2</ele>
        <time>2024-01-01T12:19:00Z</time>
      </trkpt>
      <trkpt lat="-37.5870280" lon="-73.5887690">
        <ele>95.1</ele>
        <time>2024-01-01T12:19:48Z</time>
      </trkpt>
      <trkpt lat="-37.5871160" lon="-73.5885000">
        <ele>96.8</ele>
        <time>2024-01-01T12:20:15Z</time>
      </trkpt>
      <trkpt lat="-37.5873890" lon="-73.5883850">
        <ele>99.1</ele>
        <time>2024-01-01T12:20:54Z</time>
      </trkpt>
      <trkpt lat="-37.5876660" lon="-73.5884680">
        <ele>101.4</ele>
        <time>2024-01-01T12:21:27Z</time>
      </trkpt>
      <trkpt lat="-37.5879280" lon="-73.5884090">
        <ele>103.1</ele>
        <time>2024-01-01T12:21:57Z</time>
      </trkpt>
      <trkpt lat="-37.5881310" lon="-73.5881410">
        <ele>105.4</ele>
        <time>2024-01-01T12:22:33Z</time>
      </trkpt>
      <trkpt lat="-37.5881200" lon="-73.5878380">
        <ele>107.1</ele>
        <time>2024-01-01T12:23:03Z</time>
      </trkpt>
      <trkpt lat="-37.5879260" lon="-73.5876870">
        <ele>108.8</ele>
        <time>2024-01-01T12:23:24Z</time>
      </trkpt>
      <trkpt lat="-37.5872590" lon="-73.5874920">
        <ele>113.4</ele>
        <time>2024-01-01T12:24:51Z</time>
      </trkpt>
      <trkpt lat="-37.5868620" lon="-73.5875820">
        <ele>116.3</ele>
        <time>2024-01-01T12:25:36Z</time>
      </trkpt>
      <trkpt lat="-37.5854230" lon="-73.5891010">
        <ele>130.1</ele>
        <time>2024-01-01T12:28:24Z</time>
      </trkpt>
      <trkpt lat="-37.5844960" lon="-73.5906460">
        <ele>142.2</ele>
        <time>2024-01-01T12:30:45Z</time>
      </trkpt>
      <trkpt lat="-37.5838490" lon="-73.5911330">
        <ele>148.2</ele>
        <time>2024-01-01T12:32:12Z</time>
      </trkpt>
      <trkpt lat="-37.5835000" lon="-73.5915740">
        <ele>151.9</ele>
        <time>2024-01-01T12:32:48Z</time>
      </trkpt>
      <trkpt lat="-37.5834400" lon="-73.5919220">
        <ele>154.3</ele>
        <time>2024-01-01T12:33:30Z</time>
      </trkpt>
      <trkpt lat="-37.5835970" lon="-73.5926730">
        <ele>159.1</ele>
        <time>2024-01-01T12:34:48Z</time>
      </trkpt>
      <trkpt lat="-37.5833930" lon="-73.5940480">
        <ele>168.2</ele>
        <time>2024-01-01T12:37:12Z</time>
      </trkpt>
      <trkpt lat="-37.5836700" lon="-73.5945120">
        <ele>171.8</ele>
        <time>2024-01-01T12:38:09Z</time>
      </trkpt>
      <trkpt lat="-37.5840820" lon="-73.5963960">
        <ele>183.9</ele>
        <time>2024-01-01T12:41:30Z</time>
      </trkpt>
      <trkpt lat="-37.5844470" lon="-73.5973090">
        <ele>190.6</ele>
        <time>2024-01-01T12:43:00Z</time>
      </trkpt>
      <trkpt lat="-37.5846200" lon="-73.5975490">
        <ele>192.4</ele>
        <time>2024-01-01T12:43:18Z</time>
      </trkpt>
      <trkpt lat="-37.5854260" lon="-73.5981980">
        <ele>196.2</ele>
        <time>2024-01-01T12:44:00Z</time>
      </trkpt>
      <trkpt lat="-37.5864310" lon="-73.5995820">
        <ele>196.9</ele>
        <time>2024-01-01T12:46:12Z</time>
      </trkpt>
      <trkpt lat="-37.5870520" lon="-73.6000280">
        <ele>197.2</ele>
        <time>2024-01-01T12:46:45Z</time>
      </trkpt>
      <trkpt lat="-37.5881030" lon="-73.6005580">
        <ele>197.6</ele>
        <time>2024-01-01T12:47:45Z</time>
      </trkpt>
      <trkpt lat="-37.5886080" lon="-73.6010960">
        <ele>197.9</ele>
        <time>2024-01-01T12:48:21Z</time>
      </trkpt>
      <trkpt lat="-37.5890540" lon="-73.6018030">
        <ele>198.2</ele>
        <time>2024-01-01T12:49:09Z</time>
      </trkpt>
      <trkpt lat="-37.5894770" lon="-73.6028200">
        <ele>198.6</ele>
        <time>2024-01-01T12:50:09Z</time>
      </trkpt>
      <trkpt lat="-37.5904690" lon="-73.6046810">
        <ele>199.4</ele>
        <time>2024-01-01T12:51:36Z</time>
      </trkpt>
      <trkpt lat="-37.5909530" lon="-73.6063140">
        <ele>200.0</ele>
        <time>2024-01-01T12:52:57Z</time>
      </trkpt>
      <trkpt lat="-37.5913720" lon="-73.6072630">
        <ele>200.3</ele>
        <time>2024-01-01T12:53:42Z</time>
      </trkpt>
      <trkpt lat="-37.5915690" lon="-73.6074820">
        <ele>200.4</ele>
        <time>2024-01-01T12:53:51Z</time>
      </trkpt>
      <trkpt lat="-37.5928650" lon="-73.6082150">
        <ele>201.1</ele>
        <time>2024-01-01T12:54:48Z</time>
      </trkpt>
      <trkpt lat="-37.5932470" lon="-73.6086430">
        <ele>201.6</ele>
        <time>2024-01-01T12:55:18Z</time>
      </trkpt>
      <trkpt lat="-37.5935290" lon="-73.6093190">
        <ele>202.1</ele>
        <time>2024-01-01T12:55:54Z</time>
      </trkpt>
      <trkpt lat="-37.5936480" lon="-73.6106710">
        <ele>203.4</ele>
        <time>2024-01-01T12:57:30Z</time>
      </trkpt>
      <trkpt lat="-37.5937710" lon="-73.6108790">
        <ele>203.7</ele>
        <time>2024-01-01T12:57:57Z</time>
      </trkpt>
      <trkpt lat="-37.5945860" lon="-73.6110100">
        <ele>204.4</ele>
        <time>2024-01-01T12:58:39Z</time>
      </trkpt>
      <trkpt lat="-37.5948640" lon="-73.6109790">
        <ele>204.7</ele>
        <time>2024-01-01T12:58:48Z</time>
      </trkpt>
      <trkpt lat="-37.5952400" lon="-73.6108240">
        <ele>205.1</ele>
        <time>2024-01-01T12:59:00Z</time>
      </trkpt>
      <trkpt lat="-37.5956580" lon="-73.6104800">
        <ele>205.6</ele>
        <time>2024-01-01T12:59:15Z</time>
      </trkpt>
      <trkpt lat="-37.5959130" lon="-73.6104050">
        <ele>205.8</ele>
        <time>2024-01-01T12:59:24Z</time>
      </trkpt>
      <trkpt lat="-37.5973040" lon="-73.6105750">
        <ele>207.4</ele>
        <time>2024-01-01T13:00:45Z</time>
      </trkpt>
      <trkpt lat="-37.5975910" lon="-73.6104310">
        <ele>207.8</ele>
        <time>2024-01-01T13:01:21Z</time>
      </trkpt>
      <trkpt lat="-37.5979790" lon="-73.6100600">
        <ele>208.3</ele>
        <time>2024-01-01T13:02:15Z</time>
      </trkpt>
      <trkpt lat="-37.5982140" lon="-73.6100170">
        <ele>208.6</ele>
        <time>2024-01-01T13:02:39Z</time>
      </trkpt>
      <trkpt lat="-37.5986320" lon="-73.6101260">
        <ele>209.1</ele>
        <time>2024-01-01T13:03:27Z</time>
      </trkpt>
      <trkpt lat="-37.5993700" lon="-73.6107620">
        <ele>210.0</ele>
        <time>2024-01-01T13:04:18Z</time>
      </trkpt>
      <trkpt lat="-37.5997850" lon="-73.6107860">
        <ele>210.5</ele>
        <time>2024-01-01T13:04:36Z</time>
      </trkpt>
      <trkpt lat="-37.6000730" lon="-73.6106320">
        <ele>210.8</ele>
        <time>2024-01-01T13:04:54Z</time>
      </trkpt>
      <trkpt lat="-37.6010470" lon="-73.6097060">
        <ele>212.2</ele>
        <time>2024-01-01T13:06:24Z</time>
      </trkpt>
      <trkpt lat="-37.6018970" lon="-73.6086870">
        <ele>213.6</ele>
        <time>2024-01-01T13:08:03Z</time>
      </trkpt>
      <trkpt lat="-37.6020560" lon="-73.6086010">
        <ele>213.8</ele>
        <time>2024-01-01T13:08:15Z</time>
      </trkpt>
      <trkpt lat="-37.6022010" lon="-73.6086390">
        <ele>213.9</ele>
        <time>2024-01-01T13:08:27Z</time>
      </trkpt>
      <trkpt lat="-37.6022640" lon="-73.6088170">
        <ele>214.1</ele>
        <time>2024-01-01T13:08:39Z</time>
      </trkpt>
      <trkpt lat="-37.6021200" lon="-73.6096510">
        <ele>214.8</ele>
        <time>2024-01-01T13:09:30Z</time>
      </trkpt>
      <trkpt lat="-37.6021670" lon="-73.6101180">
        <ele>215.1</ele>
        <time>2024-01-01T13:09:45Z</time>
      </trkpt>
      <trkpt lat="-37.6023470" lon="-73.6104650">
        <ele>215.4</ele>
        <time>2024-01-01T13:10:00Z</time>
      </trkpt>
      <trkpt lat="-37.6026150" lon="-73.6106390">
        <ele>215.6</ele>
        <time>2024-01-01T13:10:18Z</time>
      </trkpt>
      <trkpt lat="-37.6029360" lon="-73.6110760">
        <ele>216.1</ele>
        <time>2024-01-01T13:10:48Z</time>
      </trkpt>
      <trkpt lat="-37.6030690" lon="-73.6117000">
        <ele>216.5</ele>
        <time>2024-01-01T13:11:18Z</time>
      </trkpt>
      <trkpt lat="-37.6032300" lon="-73.6120040">
        <ele>216.8</ele>
        <time>2024-01-01T13:11:48Z</time>
      </trkpt>
      <trkpt lat="-37.6033720" lon="-73.6120900">
        <ele>216.9</ele>
        <time>2024-01-01T13:11:54Z</time>
      </trkpt>
      <trkpt lat="-37.6037170" lon="-73.6131180">
        <ele>217.8</ele>
        <time>2024-01-01T13:13:03Z</time>
      </trkpt>
      <trkpt lat="-37.6040150" lon="-73.6136770">
        <ele>218.3</ele>
        <time>2024-01-01T13:14:03Z</time>
      </trkpt>
      <trkpt lat="-37.6040710" lon="-73.6139810">
        <ele>218.5</ele>
        <time>2024-01-01T13:14:30Z</time>
      </trkpt>
      <trkpt lat="-37.6045260" lon="-73.6148070">
        <ele>219.3</ele>
        <time>2024-01-01T13:15:12Z</time>
      </trkpt>
      <trkpt lat="-37.6046780" lon="-73.6156610">
        <ele>219.9</ele>
        <time>2024-01-01T13:15:48Z</time>
      </trkpt>
      <trkpt lat="-37.6051990" lon="-73.6172760">
        <ele>221.2</ele>
        <time>2024-01-01T13:17:06Z</time>
      </trkpt>
      <trkpt lat="-37.6053910" lon="-73.6186890">
        <ele>222.4</ele>
        <time>2024-01-01T13:17:48Z</time>
      </trkpt>
      <trkpt lat="-37.6053130" lon="-73.6193130">
        <ele>222.8</ele>
        <time>2024-01-01T13:18:12Z</time>
      </trkpt>
      <trkpt lat="-37.6054020" lon="-73.6200750">
        <ele>223.3</ele>
        <time>2024-01-01T13:18:33Z</time>
      </trkpt>
      <trkpt lat="-37.6053680" lon="-73.6208800">
        <ele>223.8</ele>
        <time>2024-01-01T13:19:06Z</time>
      </trkpt>
      <trkpt lat="-37.6055400" lon="-73.6215320">
        <ele>223.8</ele>
        <time>2024-01-01T13:19:33Z</time>
      </trkpt>
      <trkpt lat="-37.6054870" lon="-73.6218520">
        <ele>223.6</ele>
        <time>2024-01-01T13:19:45Z</time>
      </trkpt>
      <trkpt lat="-37.6051090" lon="-73.6222770">
        <ele>223.2</ele>
        <time>2024-01-01T13:20:06Z</time>
      </trkpt>
      <trkpt lat="-37.6045650" lon="-73.6225680">
        <ele>222.8</ele>
        <time>2024-01-01T13:20:27Z</time>
      </trkpt>
      <trkpt lat="-37.6036830" lon="-73.6227030">
        <ele>222.1</ele>
        <time>2024-01-01T13:21:03Z</time>
      </trkpt>
      <trkpt lat="-37.6033710" lon="-73.6225850">
        <ele>221.9</ele>
        <time>2024-01-01T13:21:18Z</time>
      </trkpt>
      <trkpt lat="-37.6030400" lon="-73.6225700">
        <ele>221.6</ele>
        <time>2024-01-01T13:21:39Z</time>
      </trkpt>
      <trkpt lat="-37.6021920" lon="-73.6220060">
        <ele>221.0</ele>
        <time>2024-01-01T13:22:33Z</time>
      </trkpt>
      <trkpt lat="-37.6021820" lon="-73.6218710">
        <ele>220.9</ele>
        <time>2024-01-01T13:22:36Z</time>
      </trkpt>
      <trkpt lat="-37.6016870" lon="-73.6216620">
        <ele>220.5</ele>
        <time>2024-01-01T13:23:00Z</time>
      </trkpt>
      <trkpt lat="-37.6010030" lon="-73.6216210">
        <ele>220.0</ele>
        <time>2024-01-01T13:23:30Z</time>
      </trkpt>
      <trkpt lat="-37.6004340" lon="-73.6217920">
        <ele>219.5</ele>
        <time>2024-01-01T13:23:57Z</time>
      </trkpt>
      <trkpt lat="-37.5997560" lon="-73.6216960">
        <ele>219.1</ele>
        <time>2024-01-01T13:24:30Z</time>
      </trkpt>
      <trkpt lat="-37.5990110" lon="-73.6217240">
        <ele>218.7</ele>
        <time>2024-01-01T13:25:06Z</time>
      </trkpt>
      <trkpt lat="-37.5981970" lon="-73.6219480">
        <ele>218.2</ele>
        <time>2024-01-01T13:25:51Z</time>
      </trkpt>
      <trkpt lat="-37.5977600" lon="-73.6221440">
        <ele>217.9</ele>
        <time>2024-01-01T13:26:21Z</time>
      </trkpt>
      <trkpt lat="-37.5975690" lon="-73.6223320">
        <ele>217.7</ele>
        <time>2024-01-01T13:26:39Z</time>
      </trkpt>
      <trkpt lat="-37.5973920" lon="-73.6227020">
        <ele>217.4</ele>
        <time>2024-01-01T13:27:03Z</time>
      </trkpt>
      <trkpt lat="-37.5972270" lon="-73.6233740">
        <ele>217.0</ele>
        <time>2024-01-01T13:27:45Z</time>
      </trkpt>
      <trkpt lat="-37.5972740" lon="-73.6244190">
        <ele>216.4</ele>
        <time>2024-01-01T13:28:30Z</time>
      </trkpt>
      <trkpt lat="-37.5969870" lon="-73.6252980">
        <ele>215.6</ele>
        <time>2024-01-01T13:29:03Z</time>
      </trkpt>
      <trkpt lat="-37.5968520" lon="-73.6260600">
        <ele>212.6</ele>
        <time>2024-01-01T13:29:24Z</time>
      </trkpt>
      <trkpt lat="-37.5961370" lon="-73.6272630">
        <ele>206.6</ele>
        <time>2024-01-01T13:30:09Z</time>
      </trkpt>
      <trkpt lat="-37.5956860" lon="-73.6277510">
        <ele>203.6</ele>
        <time>2024-01-01T13:30:39Z</time>
      </trkpt>
      <trkpt lat="-37.5950420" lon="-73.6282280">
        <ele>199.8</ele>
        <time>2024-01-01T13:31:06Z</time>
      </trkpt>
      <trkpt lat="-37.5948210" lon="-73.6287480">
        <ele>197.2</ele>
        <time>2024-01-01T13:31:27Z</time>
      </trkpt>
      <trkpt lat="-37.5943780" lon="-73.6293610">
        <ele>193.8</ele>
        <time>2024-01-01T13:31:54Z</time>
      </trkpt>
      <trkpt lat="-37.5943370" lon="-73.6296640">
        <ele>192.6</ele>
        <time>2024-01-01T13:32:03Z</time>
      </trkpt>
      <trkpt lat="-37.5945660" lon="-73.6299390">
        <ele>190.8</ele>
        <time>2024-01-01T13:32:15Z</time>
      </trkpt>
      <trkpt lat="-37.5953320" lon="-73.6313870">
        <ele>184.4</ele>
        <time>2024-01-01T13:33:00Z</time>
      </trkpt>
      <trkpt lat="-37.5955790" lon="-73.6315270">
        <ele>183.2</ele>
        <time>2024-01-01T13:33:09Z</time>
      </trkpt>
      <trkpt lat="-37.5959570" lon="-73.6315330">
        <ele>181.0</ele>
        <time>2024-01-01T13:33:24Z</time>
      </trkpt>
      <trkpt lat="-37.5970820" lon="-73.6318910">
        <ele>174.6</ele>
        <time>2024-01-01T13:34:21Z</time>
      </trkpt>
      <trkpt lat="-37.5984040" lon="-73.6329670">
        <ele>166.1</ele>
        <time>2024-01-01T13:35:33Z</time>
      </trkpt>
      <trkpt lat="-37.5987660" lon="-73.6338460">
        <ele>161.4</ele>
        <time>2024-01-01T13:36:06Z</time>
      </trkpt>
      <trkpt lat="-37.5988990" lon="-73.6347010">
        <ele>153.9</ele>
        <time>2024-01-01T13:36:39Z</time>
      </trkpt>
      <trkpt lat="-37.5986990" lon="-73.6347770">
        <ele>152.2</ele>
        <time>2024-01-01T13:36:51Z</time>
      </trkpt>
      <trkpt lat="-37.5981230" lon="-73.6345700">
        <ele>146.0</ele>
        <time>2024-01-01T13:37:12Z</time>
      </trkpt>
      <trkpt lat="-37.5975730" lon="-73.6345530">
        <ele>139.8</ele>
        <time>2024-01-01T13:37:36Z</time>
      </trkpt>
      <trkpt lat="-37.5972650" lon="-73.6348720">
        <ele>135.4</ele>
        <time>2024-01-01T13:37:51Z</time>
      </trkpt>
      <trkpt lat="-37.5969960" lon="-73.6356010">
        <ele>129.2</ele>
        <time>2024-01-01T13:38:12Z</time>
      </trkpt>
      <trkpt lat="-37.5966750" lon="-73.6359070">
        <ele>124.8</ele>
        <time>2024-01-01T13:38:30Z</time>
      </trkpt>
      <trkpt lat="-37.5965050" lon="-73.6356120">
        <ele>122.1</ele>
        <time>2024-01-01T13:38:45Z</time>
      </trkpt>
      <trkpt lat="-37.5967170" lon="-73.6351820">
        <ele>116.8</ele>
        <time>2024-01-01T13:39:03Z</time>
      </trkpt>
      <trkpt lat="-37.5967350" lon="-73.6346460">
        <ele>113.3</ele>
        <time>2024-01-01T13:39:24Z</time>
      </trkpt>
      <trkpt lat="-37.5966470" lon="-73.6344970">
        <ele>111.5</ele>
        <time>2024-01-01T13:39:36Z</time>
      </trkpt>
      <trkpt lat="-37.5964990" lon="-73.6345950">
        <ele>109.7</ele>
        <time>2024-01-01T13:39:48Z</time>
      </trkpt>
      <trkpt lat="-37.5962930" lon="-73.6349390">
        <ele>107.1</ele>
        <time>2024-01-01T13:40:06Z</time>
      </trkpt>
      <trkpt lat="-37.5956190" lon="-73.6345410">
        <ele>100.0</ele>
        <time>2024-01-01T13:41:00Z</time>
      </trkpt>
      <trkpt lat="-37.5953200" lon="-73.6344770">
        <ele>97.4</ele>
        <time>2024-01-01T13:41:18Z</time>
      </trkpt>
      <trkpt lat="-37.5949050" lon="-73.6345260">
        <ele>93.8</ele>
        <time>2024-01-01T13:41:45Z</time>
      </trkpt>
      <trkpt lat="-37.5943430" lon="-73.6344230">
        <ele>88.5</ele>
        <time>2024-01-01T13:42:15Z</time>
      </trkpt>
      <trkpt lat="-37.5941070" lon="-73.6348950">
        <ele>84.1</ele>
        <time>2024-01-01T13:42:36Z</time>
      </trkpt>
      <trkpt lat="-37.5939650" lon="-73.6355840">
        <ele>78.8</ele>
        <time>2024-01-01T13:43:03Z</time>
      </trkpt>
      <trkpt lat="-37.5936390" lon="-73.6358640">
        <ele>74.4</ele>
        <time>2024-01-01T13:43:27Z</time>
      </trkpt>
      <trkpt lat="-37.5931990" lon="-73.6351290">
        <ele>65.6</ele>
        <time>2024-01-01T13:44:09Z</time>
      </trkpt>
      <trkpt lat="-37.5931760" lon="-73.6348330">
        <ele>62.9</ele>
        <time>2024-01-01T13:44:21Z</time>
      </trkpt>
      <trkpt lat="-37.5931270" lon="-73.6347640">
        <ele>62.0</ele>
        <time>2024-01-01T13:44:27Z</time>
      </trkpt>
      <trkpt lat="-37.5930240" lon="-73.6347940">
        <ele>61.1</ele>
        <time>2024-01-01T13:44:33Z</time>
      </trkpt>
      <trkpt lat="-37.5925150" lon="-73.6360290">
        <ele>49.7</ele>
        <time>2024-01-01T13:45:24Z</time>
      </trkpt>
      <trkpt lat="-37.5922620" lon="-73.6363290">
        <ele>46.8</ele>
        <time>2024-01-01T13:45:48Z</time>
      </trkpt>
      <trkpt lat="-37.5921940" lon="-73.6368630">
        <ele>46.1</ele>
        <time>2024-01-01T13:46:03Z</time>
      </trkpt>
      <trkpt lat="-37.5922380" lon="-73.6372230">
        <ele>45.6</ele>
        <time>2024-01-01T13:46:15Z</time>
      </trkpt>
      <trkpt lat="-37.5931850" lon="-73.6380100">
        <ele>43.1</ele>
        <time>2024-01-01T13:47:03Z</time>
      </trkpt>
      <trkpt lat="-37.5936720" lon="-73.6381730">
        <ele>42.0</ele>
        <time>2024-01-01T13:47:24Z</time>
      </trkpt>
      <trkpt lat="-37.5943700" lon="-73.6385730">
        <ele>40.8</ele>
        <time>2024-01-01T13:48:03Z</time>
      </trkpt>
      <trkpt lat="-37.5948560" lon="-73.6390590">
        <ele>39.9</ele>
        <time>2024-01-01T13:48:36Z</time>
      </trkpt>
      <trkpt lat="-37.5948240" lon="-73.6391410">
        <ele>39.7</ele>
        <time>2024-01-01T13:48:45Z</time>
      </trkpt>
      <trkpt lat="-37.5922650" lon="-73.6384020">
        <ele>35.8</ele>
        <time>2024-01-01T13:51:15Z</time>
      </trkpt>
      <trkpt lat="-37.5912800" lon="-73.6379870">
        <ele>34.4</ele>
        <time>2024-01-01T13:52:09Z</time>
      </trkpt>
      <trkpt lat="-37.5900900" lon="-73.6372490">
        <ele>32.6</ele>
        <time>2024-01-01T13:53:21Z</time>
      </trkpt>
      <trkpt lat="-37.5885230" lon="-73.6359140">
        <ele>29.2</ele>
        <time>2024-01-01T13:55:48Z</time>
      </trkpt>
      <trkpt lat="-37.5882730" lon="-73.6359080">
        <ele>28.7</ele>
        <time>2024-01-01T13:56:12Z</time>
      </trkpt>
      <trkpt lat="-37.5877760" lon="-73.6360860">
        <ele>27.9</ele>
        <time>2024-01-01T13:56:42Z</time>
      </trkpt>
      <trkpt lat="-37.5866040" lon="-73.6357190">
        <ele>29.9</ele>
        <time>2024-01-01T13:57:48Z</time>
      </trkpt>
      <trkpt lat="-37.5862970" lon="-73.6357920">
        <ele>31.7</ele>
        <time>2024-01-01T13:58:06Z</time>
      </trkpt>
      <trkpt lat="-37.5860320" lon="-73.6360510">
        <ele>33.5</ele>
        <time>2024-01-01T13:58:24Z</time>
      </trkpt>
      <trkpt lat="-37.5856270" lon="-73.6371030">
        <ele>38.8</ele>
        <time>2024-01-01T13:59:18Z</time>
      </trkpt>
      <trkpt lat="-37.5855500" lon="-73.6371490">
        <ele>39.4</ele>
        <time>2024-01-01T13:59:24Z</time>
      </trkpt>
      <trkpt lat="-37.5850280" lon="-73.6370110">
        <ele>43.5</ele>
        <time>2024-01-01T14:00:15Z</time>
      </trkpt>
      <trkpt lat="-37.5844340" lon="-73.6366020">
        <ele>48.8</ele>
        <time>2024-01-01T14:02:00Z</time>
      </trkpt>
      <trkpt lat="-37.5839300" lon="-73.6365990">
        <ele>52.9</ele>
        <time>2024-01-01T14:03:21Z</time>
      </trkpt>
      <trkpt lat="-37.5833840" lon="-73.6362680">
        <ele>57.6</ele>
        <time>2024-01-01T14:04:57Z</time>
      </trkpt>
      <trkpt lat="-37.5830030" lon="-73.6363280">
        <ele>60.6</ele>
        <time>2024-01-01T14:06:03Z</time>
      </trkpt>
      <trkpt lat="-37.5823990" lon="-73.6367080">
        <ele>65.9</ele>
        <time>2024-01-01T14:08:15Z</time>
      </trkpt>
      <trkpt lat="-37.5820430" lon="-73.6363610">
        <ele>69.4</ele>
        <time>2024-01-01T14:09:48Z</time>
      </trkpt>
      <trkpt lat="-37.5819080" lon="-73.6363260">
        <ele>70.6</ele>
        <time>2024-01-01T14:10:15Z</time>
      </trkpt>
      <trkpt lat="-37.5818770" lon="-73.6364720">
        <ele>71.8</ele>
        <time>2024-01-01T14:10:42Z</time>
      </trkpt>
      <trkpt lat="-37.5821890" lon="-73.6370690">
        <ele>76.5</ele>
        <time>2024-01-01T14:12:12Z</time>
      </trkpt>
      <trkpt lat="-37.5823430" lon="-73.6383380">
        <ele>84.7</ele>
        <time>2024-01-01T14:15:09Z</time>
      </trkpt>
      <trkpt lat="-37.5822400" lon="-73.6387390">
        <ele>87.7</ele>
        <time>2024-01-01T14:16:15Z</time>
      </trkpt>
      <trkpt lat="-37.5820080" lon="-73.6389140">
        <ele>90.0</ele>
        <time>2024-01-01T14:17:03Z</time>
      </trkpt>
      <trkpt lat="-37.5810830" lon="-73.6390840">
        <ele>95.9</ele>
        <time>2024-01-01T14:18:09Z</time>
      </trkpt>
      <trkpt lat="-37.5803440" lon="-73.6391030">
        <ele>101.2</ele>
        <time>2024-01-01T14:18:36Z</time>
      </trkpt>
      <trkpt lat="-37.5799920" lon="-73.6390670">
        <ele>102.2</ele>
        <time>2024-01-01T14:18:48Z</time>
      </trkpt>
      <trkpt lat="-37.5793230" lon="-73.6387200">
        <ele>96.2</ele>
        <time>2024-01-01T14:19:12Z</time>
      </trkpt>
      <trkpt lat="-37.5781650" lon="-73.6386430">
        <ele>86.5</ele>
        <time>2024-01-01T14:19:51Z</time>
      </trkpt>
      <trkpt lat="-37.5780710" lon="-73.6387030">
        <ele>85.7</ele>
        <time>2024-01-01T14:19:57Z</time>
      </trkpt>
      <trkpt lat="-37.5781430" lon="-73.6388890">
        <ele>84.2</ele>
        <time>2024-01-01T14:20:06Z</time>
      </trkpt>
      <trkpt lat="-37.5787990" lon="-73.6391500">
        <ele>77.4</ele>
        <time>2024-01-01T14:20:33Z</time>
      </trkpt>
      <trkpt lat="-37.5796830" lon="-73.6398940">
        <ele>69.2</ele>
        <time>2024-01-01T14:21:09Z</time>
      </trkpt>
      <trkpt lat="-37.5797530" lon="-73.6414780">
        <ele>57.1</ele>
        <time>2024-01-01T14:21:57Z</time>
      </trkpt>
      <trkpt lat="-37.5796410" lon="-73.6416730">
        <ele>55.6</ele>
        <time>2024-01-01T14:22:06Z</time>
      </trkpt>
      <trkpt lat="-37.5794330" lon="-73.6417950">
        <ele>54.1</ele>
        <time>2024-01-01T14:22:18Z</time>
      </trkpt>
      <trkpt lat="-37.5791010" lon="-73.6414800">
        <ele>50.4</ele>
        <time>2024-01-01T14:22:39Z</time>
      </trkpt>
      <trkpt lat="-37.5790740" lon="-73.6405540">
        <ele>43.6</ele>
        <time>2024-01-01T14:23:06Z</time>
      </trkpt>
      <trkpt lat="-37.5787080" lon="-73.6401970">
        <ele>39.1</ele>
        <time>2024-01-01T14:23:24Z</time>
      </trkpt>
      <trkpt lat="-37.5786120" lon="-73.6401420">
        <ele>38.3</ele>
        <time>2024-01-01T14:23:30Z</time>
      </trkpt>
      <trkpt lat="-37.5785330" lon="-73.6402110">
        <ele>37.6</ele>
        <time>2024-01-01T14:23:36Z</time>
      </trkpt>
      <trkpt lat="-37.5787620" lon="-73.6412300">
        <ele>30.1</ele>
        <time>2024-01-01T14:24:18Z</time>
      </trkpt>
      <trkpt lat="-37.5795410" lon="-73.6425910">
        <ele>27.1</ele>
        <time>2024-01-01T14:25:06Z</time>
      </trkpt>
      <trkpt lat="-37.5798980" lon="-73.6424790">
        <ele>24.0</ele>
        <time>2024-01-01T14:25:36Z</time>
      </trkpt>
      <trkpt lat="-37.5805040" lon="-73.6425220">
        <ele>19.5</ele>
        <time>2024-01-01T14:26:09Z</time>
      </trkpt>
      <trkpt lat="-37.5808700" lon="-73.6423370">
        <ele>15.8</ele>
        <time>2024-01-01T14:26:39Z</time>
      </trkpt>
      <trkpt lat="-37.5812580" lon="-73.6423550">
        <ele>12.8</ele>
        <time>2024-01-01T14:27:15Z</time>
      </trkpt>
      <trkpt lat="-37.5819350" lon="-73.6421900">
        <ele>6.0</ele>
        <time>2024-01-01T14:28:15Z</time>
      </trkpt>
      <trkpt lat="-37.5833660" lon="-73.6415230">
        <ele>7.8</ele>
        <time>2024-01-01T14:30:18Z</time>
      </trkpt>
      <trkpt lat="-37.5839220" lon="-73.6410530">
        <ele>8.6</ele>
        <time>2024-01-01T14:31:36Z</time>
      </trkpt>
      <trkpt lat="-37.5842900" lon="-73.6414590">
        <ele>8.7</ele>
        <time>2024-01-01T14:31:42Z</time>
      </trkpt>
      <trkpt lat="-37.5842430" lon="-73.6414050">
        <ele>8.8</ele>
        <time>2024-01-01T14:31:48Z</time>
      </trkpt>
      <trkpt lat="-37.5856030" lon="-73.6390990">
        <ele>8.9</ele>
        <time>2024-01-01T14:31:54Z</time>
      </trkpt>
      <trkpt lat="-37.5856060" lon="-73.6377820">
        <ele>10.1</ele>
        <time>2024-01-01T14:33:18Z</time>
      </trkpt>
      <trkpt lat="-37.5856970" lon="-73.6369940">
        <ele>10.7</ele>
        <time>2024-01-01T14:34:00Z</time>
      </trkpt>
      <trkpt lat="-37.5860190" lon="-73.6361950">
        <ele>11.6</ele>
        <time>2024-01-01T14:34:54Z</time>
      </trkpt>
      <trkpt lat="-37.5861860" lon="-73.6359790">
        <ele>11.9</ele>
        <time>2024-01-01T14:35:12Z</time>
      </trkpt>
      <trkpt lat="-37.5864880" lon="-73.6358240">
        <ele>12.2</ele>
        <time>2024-01-01T14:35:36Z</time>
      </trkpt>
      <trkpt lat="-37.5867490" lon="-73.6358360">
        <ele>12.5</ele>
        <time>2024-01-01T14:35:54Z</time>
      </trkpt>
      <trkpt lat="-37.5877790" lon="-73.6361650">
        <ele>13.6</ele>
        <time>2024-01-01T14:37:06Z</time>
      </trkpt>
      <trkpt lat="-37.5879510" lon="-73.6361400">
        <ele>13.8</ele>
        <time>2024-01-01T14:37:18Z</time>
      </trkpt>
      <trkpt lat="-37.5882810" lon="-73.6358900">
        <ele>14.3</ele>
        <time>2024-01-01T14:37:48Z</time>
      </trkpt>
      <trkpt lat="-37.5883650" lon="-73.6359110">
        <ele>14.4</ele>
        <time>2024-01-01T14:37:54Z</time>
      </trkpt>
      <trkpt lat="-37.5894970" lon="-73.6369050">
        <ele>16.0</ele>
        <time>2024-01-01T14:38:57Z</time>
      </trkpt>
      <trkpt lat="-37.5911060" lon="-73.6380110">
        <ele>18.2</ele>
        <time>2024-01-01T14:40:21Z</time>
      </trkpt>
      <trkpt lat="-37.5922910" lon="-73.6385400">
        <ele>20.9</ele>
        <time>2024-01-01T14:41:27Z</time>
      </trkpt>
      <trkpt lat="-37.5946650" lon="-73.6392090">
        <ele>26.3</ele>
        <time>2024-01-01T14:43:51Z</time>
      </trkpt>
      <trkpt lat="-37.5948250" lon="-73.6391930">
        <ele>26.8</ele>
        <time>2024-01-01T14:44:03Z</time>
      </trkpt>
      <trkpt lat="-37.5948540" lon="-73.6390410">
        <ele>27.2</ele>
        <time>2024-01-01T14:44:15Z</time>
      </trkpt>
      <trkpt lat="-37.5943550" lon="-73.6385600">
        <ele>29.0</ele>
        <time>2024-01-01T14:45:03Z</time>
      </trkpt>
      <trkpt lat="-37.5939090" lon="-73.6382790">
        <ele>30.4</ele>
        <time>2024-01-01T14:45:39Z</time>
      </trkpt>
      <trkpt lat="-37.5931980" lon="-73.6380010">
        <ele>32.4</ele>
        <time>2024-01-01T14:46:33Z</time>
      </trkpt>
      <trkpt lat="-37.5922230" lon="-73.6372110">
        <ele>35.8</ele>
        <time>2024-01-01T14:48:03Z</time>
      </trkpt>
      <trkpt lat="-37.5922310" lon="-73.6364420">
        <ele>37.6</ele>
        <time>2024-01-01T14:49:39Z</time>
      </trkpt>
      <trkpt lat="-37.5926450" lon="-73.6358470">
        <ele>39.6</ele>
        <time>2024-01-01T14:51:51Z</time>
      </trkpt>
      <trkpt lat="-37.5930410" lon="-73.6348340">
        <ele>42.5</ele>
        <time>2024-01-01T14:54:45Z</time>
      </trkpt>
      <trkpt lat="-37.5931200" lon="-73.6348250">
        <ele>42.7</ele>
        <time>2024-01-01T14:55:00Z</time>
      </trkpt>
      <trkpt lat="-37.5932380" lon="-73.6353380">
        <ele>44.1</ele>
        <time>2024-01-01T14:56:27Z</time>
      </trkpt>
      <trkpt lat="-37.5935610" lon="-73.6359150">
        <ele>45.9</ele>
        <time>2024-01-01T14:58:03Z</time>
      </trkpt>
      <trkpt lat="-37.5934540" lon="-73.6365480">
        <ele>49.0</ele>
        <time>2024-01-01T14:59:27Z</time>
      </trkpt>
      <trkpt lat="-37.5935960" lon="-73.6368560">
        <ele>53.0</ele>
        <time>2024-01-01T15:00:15Z</time>
      </trkpt>
      <trkpt lat="-37.5936640" lon="-73.6364270">
        <ele>58.0</ele>
        <time>2024-01-01T15:01:27Z</time>
      </trkpt>
      <trkpt lat="-37.5937870" lon="-73.6363410">
        <ele>60.0</ele>
        <time>2024-01-01T15:02:09Z</time>
      </trkpt>
      <trkpt lat="-37.5939940" lon="-73.6363350">
        <ele>63.0</ele>
        <time>2024-01-01T15:03:03Z</time>
      </trkpt>
      <trkpt lat="-37.5941060" lon="-73.6366330">
        <ele>67.0</ele>
        <time>2024-01-01T15:04:09Z</time>
      </trkpt>
      <trkpt lat="-37.5942960" lon="-73.6366360">
        <ele>70.0</ele>
        <time>2024-01-01T15:05:03Z</time>
      </trkpt>
      <trkpt lat="-37.5945710" lon="-73.6362860">
        <ele>76.0</ele>
        <time>2024-01-01T15:06:18Z</time>
      </trkpt>
      <trkpt lat="-37.5947820" lon="-73.6362760">
        <ele>79.0</ele>
        <time>2024-01-01T15:06:57Z</time>
      </trkpt>
      <trkpt lat="-37.5948870" lon="-73.6361750">
        <ele>81.0</ele>
        <time>2024-01-01T15:07:21Z</time>
      </trkpt>
      <trkpt lat="-37.5951660" lon="-73.6362130">
        <ele>85.0</ele>
        <time>2024-01-01T15:08:45Z</time>
      </trkpt>
      <trkpt lat="-37.5952740" lon="-73.6361150">
        <ele>87.0</ele>
        <time>2024-01-01T15:09:21Z</time>
      </trkpt>
      <trkpt lat="-37.5953660" lon="-73.6357480">
        <ele>92.0</ele>
        <time>2024-01-01T15:11:18Z</time>
      </trkpt>
      <trkpt lat="-37.5956870" lon="-73.6356180">
        <ele>97.0</ele>
        <time>2024-01-01T15:12:51Z</time>
      </trkpt>
      <trkpt lat="-37.5959010" lon="-73.6356310">
        <ele>100.0</ele>
        <time>2024-01-01T15:13:27Z</time>
      </trkpt>
      <trkpt lat="-37.5959390" lon="-73.6355500">
        <ele>101.0</ele>
        <time>2024-01-01T15:13:39Z</time>
      </trkpt>
      <trkpt lat="-37.5962330" lon="-73.6356190">
        <ele>105.0</ele>
        <time>2024-01-01T15:14:30Z</time>
      </trkpt>
      <trkpt lat="-37.5966260" lon="-73.6359420">
        <ele>111.0</ele>
        <time>2024-01-01T15:15:24Z</time>
      </trkpt>
      <trkpt lat="-37.5967790" lon="-73.6359210">
        <ele>113.0</ele>
        <time>2024-01-01T15:15:45Z</time>
      </trkpt>
      <trkpt lat="-37.5970450" lon="-73.6355780">
        <ele>118.0</ele>
        <time>2024-01-01T15:16:36Z</time>
      </trkpt>
      <trkpt lat="-37.5974340" lon="-73.6347330">
        <ele>128.0</ele>
        <time>2024-01-01T15:18:24Z</time>
      </trkpt>
      <trkpt lat="-37.5979200" lon="-73.6345480">
        <ele>135.0</ele>
        <time>2024-01-01T15:19:36Z</time>
      </trkpt>
      <trkpt lat="-37.5981460" lon="-73.6342660">
        <ele>140.0</ele>
        <time>2024-01-01T15:21:15Z</time>
      </trkpt>
      <trkpt lat="-37.5985580" lon="-73.6333810">
        <ele>151.0</ele>
        <time>2024-01-01T15:23:42Z</time>
      </trkpt>
      <trkpt lat="-37.5984010" lon="-73.6328820">
        <ele>157.0</ele>
        <time>2024-01-01T15:24:54Z</time>
      </trkpt>
      <trkpt lat="-37.5979580" lon="-73.6321970">
        <ele>167.0</ele>
        <time>2024-01-01T15:27:12Z</time>
      </trkpt>
      <trkpt lat="-37.5974740" lon="-73.6318900">
        <ele>174.0</ele>
        <time>2024-01-01T15:28:33Z</time>
      </trkpt>
      <trkpt lat="-37.5973030" lon="-73.6316810">
        <ele>176.3</ele>
        <time>2024-01-01T15:29:00Z</time>
      </trkpt>
      <trkpt lat="-37.5969290" lon="-73.6317820">
        <ele>177.7</ele>
        <time>2024-01-01T15:29:18Z</time>
      </trkpt>
      <trkpt lat="-37.5966280" lon="-73.6317010">
        <ele>179.1</ele>
        <time>2024-01-01T15:29:36Z</time>
      </trkpt>
      <trkpt lat="-37.5966240" lon="-73.6311610">
        <ele>181.1</ele>
        <time>2024-01-01T15:30:24Z</time>
      </trkpt>
      <trkpt lat="-37.5970660" lon="-73.6302300">
        <ele>185.2</ele>
        <time>2024-01-01T15:32:36Z</time>
      </trkpt>
      <trkpt lat="-37.5972340" lon="-73.6301060">
        <ele>185.9</ele>
        <time>2024-01-01T15:33:54Z</time>
      </trkpt>
      <trkpt lat="-37.5975180" lon="-73.6301270">
        <ele>187.3</ele>
        <time>2024-01-01T15:35:12Z</time>
      </trkpt>
      <trkpt lat="-37.5975410" lon="-73.6295900">
        <ele>189.3</ele>
        <time>2024-01-01T15:37:36Z</time>
      </trkpt>
      <trkpt lat="-37.5976760" lon="-73.6295690">
        <ele>190.0</ele>
        <time>2024-01-01T15:38:15Z</time>
      </trkpt>
      <trkpt lat="-37.5978930" lon="-73.6293610">
        <ele>191.0</ele>
        <time>2024-01-01T15:39:27Z</time>
      </trkpt>
      <trkpt lat="-37.5982600" lon="-73.6293120">
        <ele>192.7</ele>
        <time>2024-01-01T15:42:18Z</time>
      </trkpt>
      <trkpt lat="-37.5983400" lon="-73.6289320">
        <ele>194.4</ele>
        <time>2024-01-01T15:43:12Z</time>
      </trkpt>
      <trkpt lat="-37.5985800" lon="-73.6287650">
        <ele>195.8</ele>
        <time>2024-01-01T15:44:27Z</time>
      </trkpt>
      <trkpt lat="-37.5986220" lon="-73.6284950">
        <ele>196.8</ele>
        <time>2024-01-01T15:45:12Z</time>
      </trkpt>
      <trkpt lat="-37.5985540" lon="-73.6280800">
        <ele>198.5</ele>
        <time>2024-01-01T15:46:24Z</time>
      </trkpt>
      <trkpt lat="-37.5981270" lon="-73.6278040">
        <ele>200.9</ele>
        <time>2024-01-01T15:47:57Z</time>
      </trkpt>
      <trkpt lat="-37.5978980" lon="-73.6265510">
        <ele>206.0</ele>
        <time>2024-01-01T15:53:09Z</time>
      </trkpt>
      <trkpt lat="-37.5978640" lon="-73.6263050">
        <ele>207.0</ele>
        <time>2024-01-01T15:54:30Z</time>
      </trkpt>
      <trkpt lat="-37.5979640" lon="-73.6264300">
        <ele>207.7</ele>
        <time>2024-01-01T15:55:30Z</time>
      </trkpt>
      <trkpt lat="-37.5981280" lon="-73.6260460">
        <ele>209.4</ele>
        <time>2024-01-01T15:57:03Z</time>
      </trkpt>
      <trkpt lat="-37.5980610" lon="-73.6258060">
        <ele>210.4</ele>
        <time>2024-01-01T15:57:39Z</time>
      </trkpt>
      <trkpt lat="-37.5981450" lon="-73.6257720">
        <ele>210.8</ele>
        <time>2024-01-01T15:57:48Z</time>
      </trkpt>
      <trkpt lat="-37.5981420" lon="-73.6256860">
        <ele>211.1</ele>
        <time>2024-01-01T15:58:27Z</time>
      </trkpt>
      <trkpt lat="-37.5980660" lon="-73.6255420">
        <ele>211.8</ele>
        <time>2024-01-01T15:59:30Z</time>
      </trkpt>
      <trkpt lat="-37.5981680" lon="-73.6252400">
        <ele>213.2</ele>
        <time>2024-01-01T16:00:09Z</time>
      </trkpt>
      <trkpt lat="-37.5977590" lon="-73.6245890">
        <ele>215.9</ele>
        <time>2024-01-01T16:01:09Z</time>
      </trkpt>
      <trkpt lat="-37.5978540" lon="-73.6242380">
        <ele>217.3</ele>
        <time>2024-01-01T16:01:33Z</time>
      </trkpt>
      <trkpt lat="-37.5977470" lon="-73.6240590">
        <ele>218.0</ele>
        <time>2024-01-01T16:01:48Z</time>
      </trkpt>
      <trkpt lat="-37.5974740" lon="-73.6239410">
        <ele>219.3</ele>
        <time>2024-01-01T16:02:27Z</time>
      </trkpt>
      <trkpt lat="-37.5972720" lon="-73.6233910">
        <ele>220.3</ele>
        <time>2024-01-01T16:03:06Z</time>
      </trkpt>
      <trkpt lat="-37.5973870" lon="-73.6228710">
        <ele>220.6</ele>
        <time>2024-01-01T16:03:30Z</time>
      </trkpt>
      <trkpt lat="-37.5975840" lon="-73.6224260">
        <ele>221.0</ele>
        <time>2024-01-01T16:03:45Z</time>
      </trkpt>
      <trkpt lat="-37.5979050" lon="-73.6220740">
        <ele>221.4</ele>
        <time>2024-01-01T16:04:03Z</time>
      </trkpt>
      <trkpt lat="-37.5982390" lon="-73.6219100">
        <ele>221.7</ele>
        <time>2024-01-01T16:04:18Z</time>
      </trkpt>
      <trkpt lat="-37.5994950" lon="-73.6216340">
        <ele>222.8</ele>
        <time>2024-01-01T16:05:15Z</time>
      </trkpt>
      <trkpt lat="-37.6005530" lon="-73.6218010">
        <ele>223.6</ele>
        <time>2024-01-01T16:06:06Z</time>
      </trkpt>
      <trkpt lat="-37.6013510" lon="-73.6217230">
        <ele>224.1</ele>
        <time>2024-01-01T16:06:54Z</time>
      </trkpt>
      <trkpt lat="-37.6017400" lon="-73.6218180">
        <ele>224.5</ele>
        <time>2024-01-01T16:07:27Z</time>
      </trkpt>
      <trkpt lat="-37.6029870" lon="-73.6225780">
        <ele>225.7</ele>
        <time>2024-01-01T16:09:15Z</time>
      </trkpt>
      <trkpt lat="-37.6034380" lon="-73.6226890">
        <ele>226.1</ele>
        <time>2024-01-01T16:09:54Z</time>
      </trkpt>
      <trkpt lat="-37.6048530" lon="-73.6224660">
        <ele>227.3</ele>
        <time>2024-01-01T16:12:00Z</time>
      </trkpt>
      <trkpt lat="-37.6055150" lon="-73.6219190">
        <ele>228.1</ele>
        <time>2024-01-01T16:13:09Z</time>
      </trkpt>
      <trkpt lat="-37.6055800" lon="-73.6217310">
        <ele>228.2</ele>
        <time>2024-01-01T16:13:24Z</time>
      </trkpt>
      <trkpt lat="-37.6054380" lon="-73.6210750">
        <ele>228.7</ele>
        <time>2024-01-01T16:14:09Z</time>
      </trkpt>
      <trkpt lat="-37.6054590" lon="-73.6183780">
        <ele>226.4</ele>
        <time>2024-01-01T16:16:24Z</time>
      </trkpt>
      <trkpt lat="-37.6051600" lon="-73.6168930">
        <ele>224.5</ele>
        <time>2024-01-01T16:17:51Z</time>
      </trkpt>
      <trkpt lat="-37.6047970" lon="-73.6158240">
        <ele>223.2</ele>
        <time>2024-01-01T16:18:51Z</time>
      </trkpt>
      <trkpt lat="-37.6045920" lon="-73.6148490">
        <ele>222.1</ele>
        <time>2024-01-01T16:19:36Z</time>
      </trkpt>
      <trkpt lat="-37.6037940" lon="-73.6132060">
        <ele>220.0</ele>
        <time>2024-01-01T16:20:54Z</time>
      </trkpt>
      <trkpt lat="-37.6035150" lon="-73.6122840">
        <ele>218.9</ele>
        <time>2024-01-01T16:21:21Z</time>
      </trkpt>
      <trkpt lat="-37.6028960" lon="-73.6108930">
        <ele>217.0</ele>
        <time>2024-01-01T16:22:09Z</time>
      </trkpt>
      <trkpt lat="-37.6022640" lon="-73.6101380">
        <ele>215.4</ele>
        <time>2024-01-01T16:22:48Z</time>
      </trkpt>
      <trkpt lat="-37.6020950" lon="-73.6096090">
        <ele>214.9</ele>
        <time>2024-01-01T16:23:06Z</time>
      </trkpt>
      <trkpt lat="-37.6022820" lon="-73.6087520">
        <ele>213.8</ele>
        <time>2024-01-01T16:23:51Z</time>
      </trkpt>
      <trkpt lat="-37.6022710" lon="-73.6082010">
        <ele>213.2</ele>
        <time>2024-01-01T16:24:21Z</time>
      </trkpt>
      <trkpt lat="-37.6029460" lon="-73.6053980">
        <ele>203.8</ele>
        <time>2024-01-01T16:26:48Z</time>
      </trkpt>
      <trkpt lat="-37.6028980" lon="-73.6044140">
        <ele>199.7</ele>
        <time>2024-01-01T16:27:24Z</time>
      </trkpt>
      <trkpt lat="-37.6034320" lon="-73.6033740">
        <ele>194.2</ele>
        <time>2024-01-01T16:28:18Z</time>
      </trkpt>
      <trkpt lat="-37.6033950" lon="-73.6021690">
        <ele>189.1</ele>
        <time>2024-01-01T16:28:57Z</time>
      </trkpt>
      <trkpt lat="-37.6034720" lon="-73.6014730">
        <ele>186.4</ele>
        <time>2024-01-01T16:29:15Z</time>
      </trkpt>
      <trkpt lat="-37.6034020" lon="-73.6011530">
        <ele>185.0</ele>
        <time>2024-01-01T16:29:24Z</time>
      </trkpt>
      <trkpt lat="-37.6031170" lon="-73.6007460">
        <ele>183.2</ele>
        <time>2024-01-01T16:29:36Z</time>
      </trkpt>
      <trkpt lat="-37.6025220" lon="-73.6002510">
        <ele>180.4</ele>
        <time>2024-01-01T16:29:54Z</time>
      </trkpt>
      <trkpt lat="-37.6021170" lon="-73.6000290">
        <ele>178.6</ele>
        <time>2024-01-01T16:30:06Z</time>
      </trkpt>
      <trkpt lat="-37.6015120" lon="-73.5998900">
        <ele>175.9</ele>
        <time>2024-01-01T16:30:24Z</time>
      </trkpt>
      <trkpt lat="-37.6012910" lon="-73.5997560">
        <ele>174.5</ele>
        <time>2024-01-01T16:30:33Z</time>
      </trkpt>
      <trkpt lat="-37.6010590" lon="-73.5992370">
        <ele>172.2</ele>
        <time>2024-01-01T16:30:57Z</time>
      </trkpt>
      <trkpt lat="-37.6008950" lon="-73.5984400">
        <ele>168.6</ele>
        <time>2024-01-01T16:31:21Z</time>
      </trkpt>
      <trkpt lat="-37.6003940" lon="-73.5971070">
        <ele>162.6</ele>
        <time>2024-01-01T16:32:00Z</time>
      </trkpt>
      <trkpt lat="-37.6002190" lon="-73.5968960">
        <ele>161.2</ele>
        <time>2024-01-01T16:32:12Z</time>
      </trkpt>
      <trkpt lat="-37.5996580" lon="-73.5965490">
        <ele>158.0</ele>
        <time>2024-01-01T16:32:42Z</time>
      </trkpt>
      <trkpt lat="-37.5994250" lon="-73.5961460">
        <ele>155.7</ele>
        <time>2024-01-01T16:33:00Z</time>
      </trkpt>
      <trkpt lat="-37.5990720" lon="-73.5961910">
        <ele>153.5</ele>
        <time>2024-01-01T16:33:33Z</time>
      </trkpt>
      <trkpt lat="-37.5986390" lon="-73.5959380">
        <ele>148.3</ele>
        <time>2024-01-01T16:34:21Z</time>
      </trkpt>
      <trkpt lat="-37.5978630" lon="-73.5958140">
        <ele>138.9</ele>
        <time>2024-01-01T16:35:24Z</time>
      </trkpt>
      <trkpt lat="-37.5976020" lon="-73.5955080">
        <ele>135.2</ele>
        <time>2024-01-01T16:35:39Z</time>
      </trkpt>
      <trkpt lat="-37.5972740" lon="-73.5952880">
        <ele>131.4</ele>
        <time>2024-01-01T16:35:51Z</time>
      </trkpt>
      <trkpt lat="-37.5968800" lon="-73.5947280">
        <ele>125.8</ele>
        <time>2024-01-01T16:36:09Z</time>
      </trkpt>
      <trkpt lat="-37.5965050" lon="-73.5944610">
        <ele>121.1</ele>
        <time>2024-01-01T16:36:24Z</time>
      </trkpt>
      <trkpt lat="-37.5960030" lon="-73.5943200">
        <ele>115.5</ele>
        <time>2024-01-01T16:36:42Z</time>
      </trkpt>
      <trkpt lat="-37.5957110" lon="-73.5938970">
        <ele>109.9</ele>
        <time>2024-01-01T16:37:00Z</time>
      </trkpt>
      <trkpt lat="-37.5949970" lon="-73.5935800">
        <ele>101.4</ele>
        <time>2024-01-01T16:37:27Z</time>
      </trkpt>
      <trkpt lat="-37.5949260" lon="-73.5934670">
        <ele>100.5</ele>
        <time>2024-01-01T16:37:33Z</time>
      </trkpt>
      <trkpt lat="-37.5949240" lon="-73.5933250">
        <ele>99.5</ele>
        <time>2024-01-01T16:37:39Z</time>
      </trkpt>
      <trkpt lat="-37.5950780" lon="-73.5930490">
        <ele>96.7</ele>
        <time>2024-01-01T16:37:51Z</time>
      </trkpt>
      <trkpt lat="-37.5948120" lon="-73.5924150">
        <ele>90.2</ele>
        <time>2024-01-01T16:38:15Z</time>
      </trkpt>
      <trkpt lat="-37.5950820" lon="-73.5915910">
        <ele>81.7</ele>
        <time>2024-01-01T16:38:42Z</time>
      </trkpt>
      <trkpt lat="-37.5949870" lon="-73.5913690">
        <ele>79.8</ele>
        <time>2024-01-01T16:38:54Z</time>
      </trkpt>
      <trkpt lat="-37.5945930" lon="-73.5910850">
        <ele>75.1</ele>
        <time>2024-01-01T16:39:24Z</time>
      </trkpt>
      <trkpt lat="-37.5945970" lon="-73.5908310">
        <ele>73.3</ele>
        <time>2024-01-01T16:39:36Z</time>
      </trkpt>
      <trkpt lat="-37.5947540" lon="-73.5906410">
        <ele>71.4</ele>
        <time>2024-01-01T16:39:48Z</time>
      </trkpt>
      <trkpt lat="-37.5951620" lon="-73.5907070">
        <ele>66.7</ele>
        <time>2024-01-01T16:40:06Z</time>
      </trkpt>
      <trkpt lat="-37.5957600" lon="-73.5903300">
        <ele>59.2</ele>
        <time>2024-01-01T16:40:30Z</time>
      </trkpt>
      <trkpt lat="-37.5961570" lon="-73.5902170">
        <ele>54.5</ele>
        <time>2024-01-01T16:40:57Z</time>
      </trkpt>
      <trkpt lat="-37.5955960" lon="-73.5894140">
        <ele>44.2</ele>
        <time>2024-01-01T16:42:15Z</time>
      </trkpt>
      <trkpt lat="-37.5958550" lon="-73.5893200">
        <ele>40.4</ele>
        <time>2024-01-01T16:43:06Z</time>
      </trkpt>
      <trkpt lat="-37.5962340" lon="-73.5893450">
        <ele>35.8</ele>
        <time>2024-01-01T16:43:57Z</time>
      </trkpt>
      <trkpt lat="-37.5971060" lon="-73.5889980">
        <ele>32.7</ele>
        <time>2024-01-01T16:45:27Z</time>
      </trkpt>
      <trkpt lat="-37.5968570" lon="-73.5879440">
        <ele>33.7</ele>
        <time>2024-01-01T16:46:06Z</time>
      </trkpt>
      <trkpt lat="-37.5960940" lon="-73.5875410">
        <ele>34.7</ele>
        <time>2024-01-01T16:47:09Z</time>
      </trkpt>
      <trkpt lat="-37.5959500" lon="-73.5873930">
        <ele>34.9</ele>
        <time>2024-01-01T16:47:27Z</time>
      </trkpt>
      <trkpt lat="-37.5954390" lon="-73.5863700">
        <ele>36.1</ele>
        <time>2024-01-01T16:48:57Z</time>
      </trkpt>
      <trkpt lat="-37.5953880" lon="-73.5857630">
        <ele>36.7</ele>
        <time>2024-01-01T16:49:33Z</time>
      </trkpt>
      <trkpt lat="-37.5952950" lon="-73.5855480">
        <ele>36.8</ele>
        <time>2024-01-01T16:49:48Z</time>
      </trkpt>
      <trkpt lat="-37.5951370" lon="-73.5855430">
        <ele>37.0</ele>
        <time>2024-01-01T16:50:06Z</time>
      </trkpt>
      <trkpt lat="-37.5948220" lon="-73.5858070">
        <ele>37.4</ele>
        <time>2024-01-01T16:50:33Z</time>
      </trkpt>
      <trkpt lat="-37.5941440" lon="-73.5859050">
        <ele>38.1</ele>
        <time>2024-01-01T16:51:21Z</time>
      </trkpt>
      <trkpt lat="-37.5938430" lon="-73.5863050">
        <ele>38.6</ele>
        <time>2024-01-01T16:51:51Z</time>
      </trkpt>
      <trkpt lat="-37.5936610" lon="-73.5868650">
        <ele>39.3</ele>
        <time>2024-01-01T16:52:36Z</time>
      </trkpt>
      <trkpt lat="-37.5931380" lon="-73.5877010">
        <ele>40.3</ele>
        <time>2024-01-01T16:54:21Z</time>
      </trkpt>
      <trkpt lat="-37.5931400" lon="-73.5884800">
        <ele>41.0</ele>
        <time>2024-01-01T16:55:57Z</time>
      </trkpt>
      <trkpt lat="-37.5929480" lon="-73.5892720">
        <ele>41.9</ele>
        <time>2024-01-01T16:57:48Z</time>
      </trkpt>
      <trkpt lat="-37.5927240" lon="-73.5896620">
        <ele>42.3</ele>
        <time>2024-01-01T16:58:30Z</time>
      </trkpt>
      <trkpt lat="-37.5925170" lon="-73.5904050">
        <ele>43.1</ele>
        <time>2024-01-01T16:59:36Z</time>
      </trkpt>
      <trkpt lat="-37.5923410" lon="-73.5905690">
        <ele>43.3</ele>
        <time>2024-01-01T17:00:03Z</time>
      </trkpt>
      <trkpt lat="-37.5919170" lon="-73.5903800">
        <ele>43.9</ele>
        <time>2024-01-01T17:01:00Z</time>
      </trkpt>
      <trkpt lat="-37.5914660" lon="-73.5904910">
        <ele>46.3</ele>
        <time>2024-01-01T17:01:54Z</time>
      </trkpt>
      <trkpt lat="-37.5914680" lon="-73.5910110">
        <ele>49.7</ele>
        <time>2024-01-01T17:03:00Z</time>
      </trkpt>
      <trkpt lat="-37.5913650" lon="-73.5911340">
        <ele>50.9</ele>
        <time>2024-01-01T17:03:21Z</time>
      </trkpt>
      <trkpt lat="-37.5906120" lon="-73.5911440">
        <ele>56.0</ele>
        <time>2024-01-01T17:05:09Z</time>
      </trkpt>
      <trkpt lat="-37.5903970" lon="-73.5910650">
        <ele>57.8</ele>
        <time>2024-01-01T17:05:36Z</time>
      </trkpt>
      <trkpt lat="-37.5901470" lon="-73.5907870">
        <ele>60.6</ele>
        <time>2024-01-01T17:06:12Z</time>
      </trkpt>
      <trkpt lat="-37.5898920" lon="-73.5907740">
        <ele>62.9</ele>
        <time>2024-01-01T17:06:36Z</time>
      </trkpt>
      <trkpt lat="-37.5895030" lon="-73.5905410">
        <ele>66.4</ele>
        <time>2024-01-01T17:07:33Z</time>
      </trkpt>
      <trkpt lat="-37.5890930" lon="-73.5905080">
        <ele>69.2</ele>
        <time>2024-01-01T17:08:09Z</time>
      </trkpt>
      <trkpt lat="-37.5887640" lon="-73.5897260">
        <ele>75.0</ele>
        <time>2024-01-01T17:09:48Z</time>
      </trkpt>
      <trkpt lat="-37.5885530" lon="-73.5894960">
        <ele>77.3</ele>
        <time>2024-01-01T17:10:33Z</time>
      </trkpt>
      <trkpt lat="-37.5882450" lon="-73.5894960">
        <ele>79.6</ele>
        <time>2024-01-01T17:11:18Z</time>
      </trkpt>
      <trkpt lat="-37.5878080" lon="-73.5891520">
        <ele>83.6</ele>
        <time>2024-01-01T17:12:18Z</time>
      </trkpt>
      <trkpt lat="-37.5873920" lon="-73.5889830">
        <ele>87.0</ele>
        <time>2024-01-01T17:12:54Z</time>
      </trkpt>
      <trkpt lat="-37.5871680" lon="-73.5893110">
        <ele>89.9</ele>
        <time>2024-01-01T17:13:21Z</time>
      </trkpt>
      <trkpt lat="-37.5870340" lon="-73.5893330">
        <ele>91.0</ele>
        <time>2024-01-01T17:13:39Z</time>
      </trkpt>
      <trkpt lat="-37.5870740" lon="-73.5884910">
        <ele>96.2</ele>
        <time>2024-01-01T17:14:57Z</time>
      </trkpt>
      <trkpt lat="-37.5874440" lon="-73.5883910">
        <ele>99.1</ele>
        <time>2024-01-01T17:15:45Z</time>
      </trkpt>
      <trkpt lat="-37.5875640" lon="-73.5885030">
        <ele>100.2</ele>
        <time>2024-01-01T17:16:06Z</time>
      </trkpt>
      <trkpt lat="-37.5879860" lon="-73.5884760">
        <ele>103.1</ele>
        <time>2024-01-01T17:16:51Z</time>
      </trkpt>
      <trkpt lat="-37.5881570" lon="-73.5882940">
        <ele>104.8</ele>
        <time>2024-01-01T17:17:15Z</time>
      </trkpt>
      <trkpt lat="-37.5882010" lon="-73.5880250">
        <ele>106.5</ele>
        <time>2024-01-01T17:17:42Z</time>
      </trkpt>
      <trkpt lat="-37.5880640" lon="-73.5877890">
        <ele>108.2</ele>
        <time>2024-01-01T17:18:06Z</time>
      </trkpt>
      <trkpt lat="-37.5877730" lon="-73.5876610">
        <ele>110.5</ele>
        <time>2024-01-01T17:18:33Z</time>
      </trkpt>
      <trkpt lat="-37.5871920" lon="-73.5875370">
        <ele>115.1</ele>
        <time>2024-01-01T17:19:48Z</time>
      </trkpt>
      <trkpt lat="-37.5866340" lon="-73.5875930">
        <ele>119.2</ele>
        <time>2024-01-01T17:20:48Z</time>
      </trkpt>
      <trkpt lat="-37.5852360" lon="-73.5890760">
        <ele>132.5</ele>
        <time>2024-01-01T17:23:24Z</time>
      </trkpt>
      <trkpt lat="-37.5845140" lon="-73.5906390">
        <ele>143.4</ele>
        <time>2024-01-01T17:26:15Z</time>
      </trkpt>
      <trkpt lat="-37.5843220" lon="-73.5908210">
        <ele>145.2</ele>
        <time>2024-01-01T17:26:42Z</time>
      </trkpt>
      <trkpt lat="-37.5835530" lon="-73.5911730">
        <ele>151.3</ele>
        <time>2024-01-01T17:28:09Z</time>
      </trkpt>
      <trkpt lat="-37.5834330" lon="-73.5914150">
        <ele>153.1</ele>
        <time>2024-01-01T17:28:27Z</time>
      </trkpt>
      <trkpt lat="-37.5834230" lon="-73.5917860">
        <ele>155.5</ele>
        <time>2024-01-01T17:29:00Z</time>
      </trkpt>
      <trkpt lat="-37.5836780" lon="-73.5925470">
        <ele>160.9</ele>
        <time>2024-01-01T17:30:48Z</time>
      </trkpt>
      <trkpt lat="-37.5833780" lon="-73.5938740">
        <ele>170.0</ele>
        <time>2024-01-01T17:33:39Z</time>
      </trkpt>
      <trkpt lat="-37.5839490" lon="-73.5953790">
        <ele>179.7</ele>
        <time>2024-01-01T17:36:21Z</time>
      </trkpt>
      <trkpt lat="-37.5840700" lon="-73.5961240">
        <ele>183.9</ele>
        <time>2024-01-01T17:37:33Z</time>
      </trkpt>
      <trkpt lat="-37.5844570" lon="-73.5970300">
        <ele>190.6</ele>
        <time>2024-01-01T17:39:27Z</time>
      </trkpt>
      <trkpt lat="-37.5844450" lon="-73.5973220">
        <ele>192.4</ele>
        <time>2024-01-01T17:40:06Z</time>
      </trkpt>
      <trkpt lat="-37.5834770" lon="-73.5968240">
        <ele>194.7</ele>
        <time>2024-01-01T17:42:33Z</time>
      </trkpt>
      <trkpt lat="-37.5825470" lon="-73.5968880">
        <ele>192.4</ele>
        <time>2024-01-01T17:43:12Z</time>
      </trkpt>
      <trkpt lat="-37.5822360" lon="-73.5962750">
        <ele>190.6</ele>
        <time>2024-01-01T17:43:36Z</time>
      </trkpt>
      <trkpt lat="-37.5820950" lon="-73.5961940">
        <ele>190.2</ele>
        <time>2024-01-01T17:43:42Z</time>
      </trkpt>
      <trkpt lat="-37.5817780" lon="-73.5964060">
        <ele>189.3</ele>
        <time>2024-01-01T17:44:09Z</time>
      </trkpt>
      <trkpt lat="-37.5813990" lon="-73.5968200">
        <ele>187.9</ele>
        <time>2024-01-01T17:45:06Z</time>
      </trkpt>
      <trkpt lat="-37.5810280" lon="-73.5968950">
        <ele>186.8</ele>
        <time>2024-01-01T17:45:48Z</time>
      </trkpt>
      <trkpt lat="-37.5803060" lon="-73.5968100">
        <ele>185.2</ele>
        <time>2024-01-01T17:46:45Z</time>
      </trkpt>
      <trkpt lat="-37.5793720" lon="-73.5963890">
        <ele>183.0</ele>
        <time>2024-01-01T17:47:45Z</time>
      </trkpt>
      <trkpt lat="-37.5780790" lon="-73.5954030">
        <ele>178.7</ele>
        <time>2024-01-01T17:48:57Z</time>
      </trkpt>
      <trkpt lat="-37.5771710" lon="-73.5951640">
        <ele>176.2</ele>
        <time>2024-01-01T17:49:42Z</time>
      </trkpt>
      <trkpt lat="-37.5769280" lon="-73.5948580">
        <ele>175.5</ele>
        <time>2024-01-01T17:50:00Z</time>
      </trkpt>
      <trkpt lat="-37.5767320" lon="-73.5943060">
        <ele>174.2</ele>
        <time>2024-01-01T17:50:21Z</time>
      </trkpt>
      <trkpt lat="-37.5766690" lon="-73.5927790">
        <ele>171.5</ele>
        <time>2024-01-01T17:50:57Z</time>
      </trkpt>
      <trkpt lat="-37.5765540" lon="-73.5923900">
        <ele>170.8</ele>
        <time>2024-01-01T17:51:06Z</time>
      </trkpt>
      <trkpt lat="-37.5754380" lon="-73.5913580">
        <ele>167.7</ele>
        <time>2024-01-01T17:51:48Z</time>
      </trkpt>
      <trkpt lat="-37.5750280" lon="-73.5908510">
        <ele>168.0</ele>
        <time>2024-01-01T17:52:09Z</time>
      </trkpt>
      <trkpt lat="-37.5748630" lon="-73.5907890">
        <ele>168.4</ele>
        <time>2024-01-01T17:52:15Z</time>
      </trkpt>
      <trkpt lat="-37.5728160" lon="-73.5907470">
        <ele>174.4</ele>
        <time>2024-01-01T17:54:51Z</time>
      </trkpt>
      <trkpt lat="-37.5719770" lon="-73.5902530">
        <ele>177.3</ele>
        <time>2024-01-01T17:56:24Z</time>
      </trkpt>
      <trkpt lat="-37.5716550" lon="-73.5901990">
        <ele>178.1</ele>
        <time>2024-01-01T17:56:42Z</time>
      </trkpt>
      <trkpt lat="-37.5709620" lon="-73.5902440">
        <ele>180.0</ele>
        <time>2024-01-01T17:57:30Z</time>
      </trkpt>
      <trkpt lat="-37.5704430" lon="-73.5900430">
        <ele>181.2</ele>
        <time>2024-01-01T17:58:00Z</time>
      </trkpt>
      <trkpt lat="-37.5700340" lon="-73.5896780">
        <ele>182.4</ele>
        <time>2024-01-01T17:58:27Z</time>
      </trkpt>
      <trkpt lat="-37.5689940" lon="-73.5882560">
        <ele>186.7</ele>
        <time>2024-01-01T17:59:51Z</time>
      </trkpt>
      <trkpt lat="-37.5683700" lon="-73.5878470">
        <ele>188.6</ele>
        <time>2024-01-01T18:00:15Z</time>
      </trkpt>
      <trkpt lat="-37.5673200" lon="-73.5874310">
        <ele>191.8</ele>
        <time>2024-01-01T18:01:21Z</time>
      </trkpt>
      <trkpt lat="-37.5656470" lon="-73.5859430">
        <ele>197.0</ele>
        <time>2024-01-01T18:03:39Z</time>
      </trkpt>
      <trkpt lat="-37.5656770" lon="-73.5856940">
        <ele>197.5</ele>
        <time>2024-01-01T18:03:51Z</time>
      </trkpt>
      <trkpt lat="-37.5658750" lon="-73.5853730">
        <ele>196.4</ele>
        <time>2024-01-01T18:04:06Z</time>
      </trkpt>
      <trkpt lat="-37.5664520" lon="-73.5849360">
        <ele>189.8</ele>
        <time>2024-01-01T18:04:33Z</time>
      </trkpt>
      <trkpt lat="-37.5669100" lon="-73.5849480">
        <ele>185.7</ele>
        <time>2024-01-01T18:04:48Z</time>
      </trkpt>
      <trkpt lat="-37.5671340" lon="-73.5851230">
        <ele>183.2</ele>
        <time>2024-01-01T18:04:57Z</time>
      </trkpt>
      <trkpt lat="-37.5673920" lon="-73.5854870">
        <ele>179.1</ele>
        <time>2024-01-01T18:05:12Z</time>
      </trkpt>
      <trkpt lat="-37.5675290" lon="-73.5855080">
        <ele>177.5</ele>
        <time>2024-01-01T18:05:18Z</time>
      </trkpt>
      <trkpt lat="-37.5676520" lon="-73.5854150">
        <ele>175.8</ele>
        <time>2024-01-01T18:05:24Z</time>
      </trkpt>
      <trkpt lat="-37.5676800" lon="-73.5851600">
        <ele>173.3</ele>
        <time>2024-01-01T18:05:33Z</time>
      </trkpt>
      <trkpt lat="-37.5674980" lon="-73.5846650">
        <ele>169.2</ele>
        <time>2024-01-01T18:05:48Z</time>
      </trkpt>
      <trkpt lat="-37.5673200" lon="-73.5844200">
        <ele>166.8</ele>
        <time>2024-01-01T18:05:57Z</time>
      </trkpt>
      <trkpt lat="-37.5668440" lon="-73.5841390">
        <ele>161.8</ele>
        <time>2024-01-01T18:06:15Z</time>
      </trkpt>
      <trkpt lat="-37.5667550" lon="-73.5840020">
        <ele>160.2</ele>
        <time>2024-01-01T18:06:21Z</time>
      </trkpt>
      <trkpt lat="-37.5667490" lon="-73.5837830">
        <ele>158.6</ele>
        <time>2024-01-01T18:06:30Z</time>
      </trkpt>
      <trkpt lat="-37.5670810" lon="-73.5833950">
        <ele>154.4</ele>
        <time>2024-01-01T18:06:51Z</time>
      </trkpt>
      <trkpt lat="-37.5671500" lon="-73.5829320">
        <ele>150.3</ele>
        <time>2024-01-01T18:07:06Z</time>
      </trkpt>
      <trkpt lat="-37.5668530" lon="-73.5821520">
        <ele>144.6</ele>
        <time>2024-01-01T18:07:27Z</time>
      </trkpt>
      <trkpt lat="-37.5668640" lon="-73.5819160">
        <ele>142.9</ele>
        <time>2024-01-01T18:07:33Z</time>
      </trkpt>
      <trkpt lat="-37.5669560" lon="-73.5817130">
        <ele>141.3</ele>
        <time>2024-01-01T18:07:39Z</time>
      </trkpt>
      <trkpt lat="-37.5670970" lon="-73.5816310">
        <ele>139.7</ele>
        <time>2024-01-01T18:07:45Z</time>
      </trkpt>
      <trkpt lat="-37.5676420" lon="-73.5819600">
        <ele>133.9</ele>
        <time>2024-01-01T18:08:12Z</time>
      </trkpt>
      <trkpt lat="-37.5678950" lon="-73.5819570">
        <ele>131.4</ele>
        <time>2024-01-01T18:08:21Z</time>
      </trkpt>
      <trkpt lat="-37.5682870" lon="-73.5815750">
        <ele>127.3</ele>
        <time>2024-01-01T18:08:36Z</time>
      </trkpt>
      <trkpt lat="-37.5686630" lon="-73.5814350">
        <ele>123.2</ele>
        <time>2024-01-01T18:08:51Z</time>
      </trkpt>
      <trkpt lat="-37.5688910" lon="-73.5810170">
        <ele>119.1</ele>
        <time>2024-01-01T18:09:06Z</time>
      </trkpt>
      <trkpt lat="-37.5692530" lon="-73.5808510">
        <ele>115.8</ele>
        <time>2024-01-01T18:09:18Z</time>
      </trkpt>
      <trkpt lat="-37.5693630" lon="-73.5805870">
        <ele>114.2</ele>
        <time>2024-01-01T18:09:24Z</time>
      </trkpt>
      <trkpt lat="-37.5689960" lon="-73.5797990">
        <ele>107.6</ele>
        <time>2024-01-01T18:09:48Z</time>
      </trkpt>
      <trkpt lat="-37.5690380" lon="-73.5793050">
        <ele>104.3</ele>
        <time>2024-01-01T18:10:00Z</time>
      </trkpt>
      <trkpt lat="-37.5693010" lon="-73.5788610">
        <ele>101.0</ele>
        <time>2024-01-01T18:10:12Z</time>
      </trkpt>
      <trkpt lat="-37.5696130" lon="-73.5787370">
        <ele>98.6</ele>
        <time>2024-01-01T18:10:21Z</time>
      </trkpt>
      <trkpt lat="-37.5700200" lon="-73.5783920">
        <ele>94.5</ele>
        <time>2024-01-01T18:10:36Z</time>
      </trkpt>
      <trkpt lat="-37.5701460" lon="-73.5780840">
        <ele>92.0</ele>
        <time>2024-01-01T18:10:45Z</time>
      </trkpt>
      <trkpt lat="-37.5701380" lon="-73.5773650">
        <ele>90.9</ele>
        <time>2024-01-01T18:11:03Z</time>
      </trkpt>
      <trkpt lat="-37.5704760" lon="-73.5768170">
        <ele>89.8</ele>
        <time>2024-01-01T18:11:21Z</time>
      </trkpt>
      <trkpt lat="-37.5706790" lon="-73.5766000">
        <ele>89.2</ele>
        <time>2024-01-01T18:11:30Z</time>
      </trkpt>
      <trkpt lat="-37.5709430" lon="-73.5764870">
        <ele>88.7</ele>
        <time>2024-01-01T18:11:39Z</time>
      </trkpt>
      <trkpt lat="-37.5717080" lon="-73.5766890">
        <ele>87.0</ele>
        <time>2024-01-01T18:12:06Z</time>
      </trkpt>
      <trkpt lat="-37.5718890" lon="-73.5766430">
        <ele>86.6</ele>
        <time>2024-01-01T18:12:15Z</time>
      </trkpt>
      <trkpt lat="-37.5719330" lon="-73.5763480">
        <ele>86.2</ele>
        <time>2024-01-01T18:12:27Z</time>
      </trkpt>
      <trkpt lat="-37.5717320" lon="-73.5759980">
        <ele>85.3</ele>
        <time>2024-01-01T18:12:42Z</time>
      </trkpt>
      <trkpt lat="-37.5717070" lon="-73.5757120">
        <ele>84.7</ele>
        <time>2024-01-01T18:12:51Z</time>
      </trkpt>
      <trkpt lat="-37.5717740" lon="-73.5754580">
        <ele>84.2</ele>
        <time>2024-01-01T18:13:00Z</time>
      </trkpt>
      <trkpt lat="-37.5719940" lon="-73.5751680">
        <ele>83.4</ele>
        <time>2024-01-01T18:13:12Z</time>
      </trkpt>
      <trkpt lat="-37.5722770" lon="-73.5751350">
        <ele>82.7</ele>
        <time>2024-01-01T18:13:24Z</time>
      </trkpt>
      <trkpt lat="-37.5731820" lon="-73.5758100">
        <ele>80.3</ele>
        <time>2024-01-01T18:14:09Z</time>
      </trkpt>
      <trkpt lat="-37.5734560" lon="-73.5755860">
        <ele>79.5</ele>
        <time>2024-01-01T18:14:21Z</time>
      </trkpt>
      <trkpt lat="-37.5734280" lon="-73.5751530">
        <ele>78.8</ele>
        <time>2024-01-01T18:14:36Z</time>
      </trkpt>
      <trkpt lat="-37.5731730" lon="-73.5749830">
        <ele>78.0</ele>
        <time>2024-01-01T18:14:48Z</time>
      </trkpt>
      <trkpt lat="-37.5729650" lon="-73.5746700">
        <ele>77.3</ele>
        <time>2024-01-01T18:15:00Z</time>
      </trkpt>
      <trkpt lat="-37.5725080" lon="-73.5736270">
        <ele>75.4</ele>
        <time>2024-01-01T18:15:33Z</time>
      </trkpt>
      <trkpt lat="-37.5728410" lon="-73.5721730">
        <ele>72.5</ele>
        <time>2024-01-01T18:17:30Z</time>
      </trkpt>
      <trkpt lat="-37.5734090" lon="-73.5711300">
        <ele>70.2</ele>
        <time>2024-01-01T18:19:24Z</time>
      </trkpt>
      <trkpt lat="-37.5740430" lon="-73.5706360">
        <ele>68.4</ele>
        <time>2024-01-01T18:20:54Z</time>
      </trkpt>
      <trkpt lat="-37.5742590" lon="-73.5706430">
        <ele>68.5</ele>
        <time>2024-01-01T18:21:18Z</time>
      </trkpt>
      <trkpt lat="-37.5743930" lon="-73.5712250">
        <ele>71.3</ele>
        <time>2024-01-01T18:22:09Z</time>
      </trkpt>
      <trkpt lat="-37.5746240" lon="-73.5716840">
        <ele>73.6</ele>
        <time>2024-01-01T18:22:42Z</time>
      </trkpt>
      <trkpt lat="-37.5748650" lon="-73.5724570">
        <ele>76.8</ele>
        <time>2024-01-01T18:23:24Z</time>
      </trkpt>
      <trkpt lat="-37.5750050" lon="-73.5726180">
        <ele>77.8</ele>
        <time>2024-01-01T18:23:36Z</time>
      </trkpt>
      <trkpt lat="-37.5753360" lon="-73.5727740">
        <ele>79.6</ele>
        <time>2024-01-01T18:24:00Z</time>
      </trkpt>
      <trkpt lat="-37.5756760" lon="-73.5731260">
        <ele>82.0</ele>
        <time>2024-01-01T18:24:30Z</time>
      </trkpt>
      <trkpt lat="-37.5764030" lon="-73.5730470">
        <ele>86.6</ele>
        <time>2024-01-01T18:25:36Z</time>
      </trkpt>
      <trkpt lat="-37.5771540" lon="-73.5723160">
        <ele>92.2</ele>
        <time>2024-01-01T18:27:12Z</time>
      </trkpt>
      <trkpt lat="-37.5772220" lon="-73.5720510">
        <ele>93.6</ele>
        <time>2024-01-01T18:27:48Z</time>
      </trkpt>
      <trkpt lat="-37.5770020" lon="-73.5718140">
        <ele>95.4</ele>
        <time>2024-01-01T18:28:30Z</time>
      </trkpt>
      <trkpt lat="-37.5762370" lon="-73.5719790">
        <ele>100.6</ele>
        <time>2024-01-01T18:29:48Z</time>
      </trkpt>
      <trkpt lat="-37.5759840" lon="-73.5717840">
        <ele>102.4</ele>
        <time>2024-01-01T18:30:18Z</time>
      </trkpt>
      <trkpt lat="-37.5758920" lon="-73.5715010">
        <ele>103.8</ele>
        <time>2024-01-01T18:30:42Z</time>
      </trkpt>
      <trkpt lat="-37.5758060" lon="-73.5700450">
        <ele>110.8</ele>
        <time>2024-01-01T18:32:57Z</time>
      </trkpt>
      <trkpt lat="-37.5760620" lon="-73.5691000">
        <ele>115.4</ele>
        <time>2024-01-01T18:34:15Z</time>
      </trkpt>
      <trkpt lat="-37.5762870" lon="-73.5688300">
        <ele>117.3</ele>
        <time>2024-01-01T18:34:51Z</time>
      </trkpt>
      <trkpt lat="-37.5770980" lon="-73.5686900">
        <ele>122.4</ele>
        <time>2024-01-01T18:36:27Z</time>
      </trkpt>
      <trkpt lat="-37.5777730" lon="-73.5680550">
        <ele>127.5</ele>
        <time>2024-01-01T18:38:09Z</time>
      </trkpt>
      <trkpt lat="-37.5783990" lon="-73.5681340">
        <ele>129.4</ele>
        <time>2024-01-01T18:39:30Z</time>
      </trkpt>
      <trkpt lat="-37.5786930" lon="-73.5679780">
        <ele>130.2</ele>
        <time>2024-01-01T18:40:12Z</time>
      </trkpt>
      <trkpt lat="-37.5792830" lon="-73.5661030">
        <ele>134.2</ele>
        <time>2024-01-01T18:42:45Z</time>
      </trkpt>
      <trkpt lat="-37.5791770" lon="-73.5659950">
        <ele>134.7</ele>
        <time>2024-01-01T18:42:57Z</time>
      </trkpt>
      <trkpt lat="-37.5788200" lon="-73.5660080">
        <ele>135.7</ele>
        <time>2024-01-01T18:43:51Z</time>
      </trkpt>
      <trkpt lat="-37.5787260" lon="-73.5659030">
        <ele>136.1</ele>
        <time>2024-01-01T18:44:12Z</time>
      </trkpt>
      <trkpt lat="-37.5789490" lon="-73.5651290">
        <ele>137.7</ele>
        <time>2024-01-01T18:44:57Z</time>
      </trkpt>
      <trkpt lat="-37.5786630" lon="-73.5641900">
        <ele>139.7</ele>
        <time>2024-01-01T18:46:06Z</time>
      </trkpt>
      <trkpt lat="-37.5788190" lon="-73.5638340">
        <ele>140.7</ele>
        <time>2024-01-01T18:46:39Z</time>
      </trkpt>
      <trkpt lat="-37.5794230" lon="-73.5636920">
        <ele>142.3</ele>
        <time>2024-01-01T18:48:15Z</time>
      </trkpt>
      <trkpt lat="-37.5796740" lon="-73.5639530">
        <ele>143.1</ele>
        <time>2024-01-01T18:48:48Z</time>
      </trkpt>
      <trkpt lat="-37.5799130" lon="-73.5645730">
        <ele>144.5</ele>
        <time>2024-01-01T18:49:21Z</time>
      </trkpt>
      <trkpt lat="-37.5816000" lon="-73.5660660">
        <ele>148.8</ele>
        <time>2024-01-01T18:51:09Z</time>
      </trkpt>
      <trkpt lat="-37.5834310" lon="-73.5667690">
        <ele>152.6</ele>
        <time>2024-01-01T18:53:00Z</time>
      </trkpt>
      <trkpt lat="-37.5843350" lon="-73.5670090">
        <ele>153.3</ele>
        <time>2024-01-01T18:53:57Z</time>
      </trkpt>
      <trkpt lat="-37.5847290" lon="-73.5672790">
        <ele>152.0</ele>
        <time>2024-01-01T18:54:36Z</time>
      </trkpt>
      <trkpt lat="-37.5859690" lon="-73.5694410">
        <ele>146.8</ele>
        <time>2024-01-01T18:56:51Z</time>
      </trkpt>
      <trkpt lat="-37.5863650" lon="-73.5709780">
        <ele>143.9</ele>
        <time>2024-01-01T18:57:57Z</time>
      </trkpt>
      <trkpt lat="-37.5865470" lon="-73.5726000">
        <ele>140.5</ele>
        <time>2024-01-01T18:58:54Z</time>
      </trkpt>
      <trkpt lat="-37.5865020" lon="-73.5735920">
        <ele>138.3</ele>
        <time>2024-01-01T18:59:24Z</time>
      </trkpt>
      <trkpt lat="-37.5862440" lon="-73.5748610">
        <ele>135.3</ele>
        <time>2024-01-01T19:00:09Z</time>
      </trkpt>
      <trkpt lat="-37.5863320" lon="-73.5756210">
        <ele>133.5</ele>
        <time>2024-01-01T19:00:33Z</time>
      </trkpt>
      <trkpt lat="-37.5871560" lon="-73.5764510">
        <ele>130.8</ele>
        <time>2024-01-01T19:01:09Z</time>
      </trkpt>
      <trkpt lat="-37.5874800" lon="-73.5766300">
        <ele>129.7</ele>
        <time>2024-01-01T19:01:24Z</time>
      </trkpt>
      <trkpt lat="-37.5878650" lon="-73.5766130">
        <ele>128.6</ele>
        <time>2024-01-01T19:01:39Z</time>
      </trkpt>
      <trkpt lat="-37.5886630" lon="-73.5762700">
        <ele>126.8</ele>
        <time>2024-01-01T19:02:03Z</time>
      </trkpt>
      <trkpt lat="-37.5888700" lon="-73.5762820">
        <ele>126.3</ele>
        <time>2024-01-01T19:02:09Z</time>
      </trkpt>
      <trkpt lat="-37.5890550" lon="-73.5764370">
        <ele>125.9</ele>
        <time>2024-01-01T19:02:15Z</time>
      </trkpt>
      <trkpt lat="-37.5898230" lon="-73.5779440">
        <ele>120.3</ele>
        <time>2024-01-01T19:02:54Z</time>
      </trkpt>
      <trkpt lat="-37.5904240" lon="-73.5789230">
        <ele>116.2</ele>
        <time>2024-01-01T19:03:18Z</time>
      </trkpt>
      <trkpt lat="-37.5913440" lon="-73.5816040">
        <ele>105.3</ele>
        <time>2024-01-01T19:04:21Z</time>
      </trkpt>
      <trkpt lat="-37.5919010" lon="-73.5819360">
        <ele>102.1</ele>
        <time>2024-01-01T19:04:39Z</time>
      </trkpt>
      <trkpt lat="-37.5920840" lon="-73.5823020">
        <ele>100.6</ele>
        <time>2024-01-01T19:04:48Z</time>
      </trkpt>
      <trkpt lat="-37.5921640" lon="-73.5828000">
        <ele>98.5</ele>
        <time>2024-01-01T19:05:00Z</time>
      </trkpt>
      <trkpt lat="-37.5935100" lon="-73.5845900">
        <ele>88.6</ele>
        <time>2024-01-01T19:05:57Z</time>
      </trkpt>
      <trkpt lat="-37.5945850" lon="-73.5853870">
        <ele>79.8</ele>
        <time>2024-01-01T19:06:48Z</time>
      </trkpt>
      <trkpt lat="-37.5951360" lon="-73.5854380">
        <ele>76.2</ele>
        <time>2024-01-01T19:07:15Z</time>
      </trkpt>
      <trkpt lat="-37.5951490" lon="-73.5855410">
        <ele>75.7</ele>
        <time>2024-01-01T19:07:21Z</time>
      </trkpt>
      <trkpt lat="-37.5948610" lon="-73.5857720">
        <ele>74.1</ele>
        <time>2024-01-01T19:07:39Z</time>
      </trkpt>
      <trkpt lat="-37.5940810" lon="-73.5859400">
        <ele>68.9</ele>
        <time>2024-01-01T19:08:12Z</time>
      </trkpt>
      <trkpt lat="-37.5938360" lon="-73.5863130">
        <ele>66.8</ele>
        <time>2024-01-01T19:08:24Z</time>
      </trkpt>
      <trkpt lat="-37.5936930" lon="-73.5867830">
        <ele>64.2</ele>
        <time>2024-01-01T19:08:48Z</time>
      </trkpt>
      <trkpt lat="-37.5931010" lon="-73.5878210">
        <ele>58.0</ele>
        <time>2024-01-01T19:11:03Z</time>
      </trkpt>
      <trkpt lat="-37.5931740" lon="-73.5883980">
        <ele>60.5</ele>
        <time>2024-01-01T19:12:21Z</time>
      </trkpt>
      <trkpt lat="-37.5930240" lon="-73.5890210">
        <ele>63.3</ele>
        <time>2024-01-01T19:13:51Z</time>
      </trkpt>
      <trkpt lat="-37.5924500" lon="-73.5904730">
        <ele>69.9</ele>
        <time>2024-01-01T19:17:03Z</time>
      </trkpt>
      <trkpt lat="-37.5922220" lon="-73.5905180">
        <ele>71.1</ele>
        <time>2024-01-01T19:17:39Z</time>
      </trkpt>
      <trkpt lat="-37.5918970" lon="-73.5903640">
        <ele>73.2</ele>
        <time>2024-01-01T19:18:27Z</time>
      </trkpt>
      <trkpt lat="-37.5915150" lon="-73.5904610">
        <ele>75.3</ele>
        <time>2024-01-01T19:19:12Z</time>
      </trkpt>
      <trkpt lat="-37.5914220" lon="-73.5906010">
        <ele>76.1</ele>
        <time>2024-01-01T19:19:30Z</time>
      </trkpt>
      <trkpt lat="-37.5914490" lon="-73.5909950">
        <ele>77.7</ele>
        <time>2024-01-01T19:20:12Z</time>
      </trkpt>
      <trkpt lat="-37.5907550" lon="-73.5911220">
        <ele>81.8</ele>
        <time>2024-01-01T19:21:57Z</time>
      </trkpt>
      <trkpt lat="-37.5904880" lon="-73.5910430">
        <ele>83.1</ele>
        <time>2024-01-01T19:22:24Z</time>
      </trkpt>
      <trkpt lat="-37.5902420" lon="-73.5908210">
        <ele>84.7</ele>
        <time>2024-01-01T19:22:54Z</time>
      </trkpt>
      <trkpt lat="-37.5897600" lon="-73.5907140">
        <ele>87.2</ele>
        <time>2024-01-01T19:23:45Z</time>
      </trkpt>
      <trkpt lat="-37.5893540" lon="-73.5905070">
        <ele>89.2</ele>
        <time>2024-01-01T19:24:33Z</time>
      </trkpt>
      <trkpt lat="-37.5891790" lon="-73.5905130">
        <ele>90.0</ele>
        <time>2024-01-01T19:24:51Z</time>
      </trkpt>
      <trkpt lat="-37.5890430" lon="-73.5903750">
        <ele>90.9</ele>
        <time>2024-01-01T19:25:12Z</time>
      </trkpt>
      <trkpt lat="-37.5887490" lon="-73.5896500">
        <ele>94.2</ele>
        <time>2024-01-01T19:26:45Z</time>
      </trkpt>
      <trkpt lat="-37.5885790" lon="-73.5894750">
        <ele>95.4</ele>
        <time>2024-01-01T19:27:15Z</time>
      </trkpt>
      <trkpt lat="-37.5880980" lon="-73.5894220">
        <ele>97.9</ele>
        <time>2024-01-01T19:28:24Z</time>
      </trkpt>
      <trkpt lat="-37.5877640" lon="-73.5890760">
        <ele>99.9</ele>
        <time>2024-01-01T19:29:12Z</time>
      </trkpt>
      <trkpt lat="-37.5874220" lon="-73.5889320">
        <ele>102.0</ele>
        <time>2024-01-01T19:29:48Z</time>
      </trkpt>
      <trkpt lat="-37.5872780" lon="-73.5889990">
        <ele>102.8</ele>
        <time>2024-01-01T19:30:00Z</time>
      </trkpt>
      <trkpt lat="-37.5870560" lon="-73.5893230">
        <ele>104.8</ele>
        <time>2024-01-01T19:30:42Z</time>
      </trkpt>
      <trkpt lat="-37.5870960" lon="-73.5884610">
        <ele>108.5</ele>
        <time>2024-01-01T19:32:09Z</time>
      </trkpt>
      <trkpt lat="-37.5873850" lon="-73.5883690">
        <ele>110.2</ele>
        <time>2024-01-01T19:32:57Z</time>
      </trkpt>
      <trkpt lat="-37.5878380" lon="-73.5884730">
        <ele>112.4</ele>
        <time>2024-01-01T19:34:00Z</time>
      </trkpt>
      <trkpt lat="-37.5880990" lon="-73.5883820">
        <ele>113.4</ele>
        <time>2024-01-01T19:34:36Z</time>
      </trkpt>
      <trkpt lat="-37.5882200" lon="-73.5880890">
        <ele>114.5</ele>
        <time>2024-01-01T19:35:03Z</time>
      </trkpt>
      <trkpt lat="-37.5880900" lon="-73.5877220">
        <ele>115.9</ele>
        <time>2024-01-01T19:35:33Z</time>
      </trkpt>
      <trkpt lat="-37.5877990" lon="-73.5875970">
        <ele>117.3</ele>
        <time>2024-01-01T19:36:03Z</time>
      </trkpt>
      <trkpt lat="-37.5869420" lon="-73.5874640">
        <ele>121.1</ele>
        <time>2024-01-01T19:37:27Z</time>
      </trkpt>
      <trkpt lat="-37.5866310" lon="-73.5875830">
        <ele>122.5</ele>
        <time>2024-01-01T19:37:57Z</time>
      </trkpt>
      <trkpt lat="-37.5860840" lon="-73.5880520">
        <ele>125.0</ele>
        <time>2024-01-01T19:38:51Z</time>
      </trkpt>
      <trkpt lat="-37.5856720" lon="-73.5886640">
        <ele>127.7</ele>
        <time>2024-01-01T19:39:39Z</time>
      </trkpt>
      <trkpt lat="-37.5851430" lon="-73.5891200">
        <ele>130.5</ele>
        <time>2024-01-01T19:40:39Z</time>
      </trkpt>
      <trkpt lat="-37.5848090" lon="-73.5898880">
        <ele>133.7</ele>
        <time>2024-01-01T19:42:03Z</time>
      </trkpt>
      <trkpt lat="-37.5845620" lon="-73.5902100">
        <ele>135.4</ele>
        <time>2024-01-01T19:42:51Z</time>
      </trkpt>
      <trkpt lat="-37.5845550" lon="-73.5905270">
        <ele>136.5</ele>
        <time>2024-01-01T19:43:18Z</time>
      </trkpt>
      <trkpt lat="-37.5843570" lon="-73.5908400">
        <ele>137.9</ele>
        <time>2024-01-01T19:43:57Z</time>
      </trkpt>
      <trkpt lat="-37.5838500" lon="-73.5910830">
        <ele>140.3</ele>
        <time>2024-01-01T19:45:00Z</time>
      </trkpt>
      <trkpt lat="-37.5836470" lon="-73.5910890">
        <ele>141.0</ele>
        <time>2024-01-01T19:45:12Z</time>
      </trkpt>
      <trkpt lat="-37.5833960" lon="-73.5914760">
        <ele>142.7</ele>
        <time>2024-01-01T19:45:48Z</time>
      </trkpt>
      <trkpt lat="-37.5833610" lon="-73.5917050">
        <ele>143.4</ele>
        <time>2024-01-01T19:46:09Z</time>
      </trkpt>
      <trkpt lat="-37.5836150" lon="-73.5925720">
        <ele>146.9</ele>
        <time>2024-01-01T19:48:00Z</time>
      </trkpt>
      <trkpt lat="-37.5834380" lon="-73.5939920">
        <ele>152.2</ele>
        <time>2024-01-01T19:50:39Z</time>
      </trkpt>
      <trkpt lat="-37.5837340" lon="-73.5945300">
        <ele>154.6</ele>
        <time>2024-01-01T19:51:54Z</time>
      </trkpt>
      <trkpt lat="-37.5839390" lon="-73.5952190">
        <ele>157.2</ele>
        <time>2024-01-01T19:53:42Z</time>
      </trkpt>
      <trkpt lat="-37.5841350" lon="-73.5964240">
        <ele>161.3</ele>
        <time>2024-01-01T19:56:03Z</time>
      </trkpt>
      <trkpt lat="-37.5843870" lon="-73.5969420">
        <ele>163.1</ele>
        <time>2024-01-01T19:56:54Z</time>
      </trkpt>
      <trkpt lat="-37.5844370" lon="-73.5972410">
        <ele>164.1</ele>
        <time>2024-01-01T19:57:21Z</time>
      </trkpt>
      <trkpt lat="-37.5843710" lon="-73.5973140">
        <ele>164.4</ele>
        <time>2024-01-01T19:57:33Z</time>
      </trkpt>
      <trkpt lat="-37.5839310" lon="-73.5970360">
        <ele>166.2</ele>
        <time>2024-01-01T19:58:27Z</time>
      </trkpt>
      <trkpt lat="-37.5834440" lon="-73.5968870">
        <ele>168.1</ele>
        <time>2024-01-01T19:59:03Z</time>
      </trkpt>
      <trkpt lat="-37.5825180" lon="-73.5968950">
        <ele>171.5</ele>
        <time>2024-01-01T19:59:39Z</time>
      </trkpt>
      <trkpt lat="-37.5823890" lon="-73.5967770">
        <ele>171.8</ele>
        <time>2024-01-01T19:59:45Z</time>
      </trkpt>
      <trkpt lat="-37.5822480" lon="-73.5963590">
        <ele>173.1</ele>
        <time>2024-01-01T19:59:57Z</time>
      </trkpt>
      <trkpt lat="-37.5820850" lon="-73.5962430">
        <ele>173.7</ele>
        <time>2024-01-01T20:00:03Z</time>
      </trkpt>
      <trkpt lat="-37.5818860" lon="-73.5962770">
        <ele>174.3</ele>
        <time>2024-01-01T20:00:12Z</time>
      </trkpt>
      <trkpt lat="-37.5815350" lon="-73.5967160">
        <ele>175.8</ele>
        <time>2024-01-01T20:00:42Z</time>
      </trkpt>
      <trkpt lat="-37.5813360" lon="-73.5968250">
        <ele>176.8</ele>
        <time>2024-01-01T20:01:00Z</time>
      </trkpt>
      <trkpt lat="-37.5810450" lon="-73.5968830">
        <ele>178.0</ele>
        <time>2024-01-01T20:01:27Z</time>
      </trkpt>
      <trkpt lat="-37.5802840" lon="-73.5968280">
        <ele>180.8</ele>
        <time>2024-01-01T20:02:24Z</time>
      </trkpt>
      <trkpt lat="-37.5790960" lon="-73.5962820">
        <ele>186.1</ele>
        <time>2024-01-01T20:04:48Z</time>
      </trkpt>
      <trkpt lat="-37.5780920" lon="-73.5953960">
        <ele>190.4</ele>
        <time>2024-01-01T20:05:39Z</time>
      </trkpt>
      <trkpt lat="-37.5772590" lon="-73.5952200">
        <ele>193.5</ele>
        <time>2024-01-01T20:06:18Z</time>
      </trkpt>
      <trkpt lat="-37.5770860" lon="-73.5950900">
        <ele>194.1</ele>
        <time>2024-01-01T20:06:30Z</time>
      </trkpt>
      <trkpt lat="-37.5768750" lon="-73.5947650">
        <ele>195.1</ele>
        <time>2024-01-01T20:06:48Z</time>
      </trkpt>
      <trkpt lat="-37.5767320" lon="-73.5942280">
        <ele>195.7</ele>
        <time>2024-01-01T20:07:09Z</time>
      </trkpt>
      <trkpt lat="-37.5766880" lon="-73.5929620">
        <ele>193.9</ele>
        <time>2024-01-01T20:07:45Z</time>
      </trkpt>
      <trkpt lat="-37.5765770" lon="-73.5924290">
        <ele>193.3</ele>
        <time>2024-01-01T20:07:57Z</time>
      </trkpt>
      <trkpt lat="-37.5762740" lon="-73.5920630">
        <ele>192.8</ele>
        <time>2024-01-01T20:08:09Z</time>
      </trkpt>
      <trkpt lat="-37.5754900" lon="-73.5914060">
        <ele>191.3</ele>
        <time>2024-01-01T20:08:39Z</time>
      </trkpt>
      <trkpt lat="-37.5750980" lon="-73.5909170">
        <ele>190.1</ele>
        <time>2024-01-01T20:09:03Z</time>
      </trkpt>
      <trkpt lat="-37.5747970" lon="-73.5908350">
        <ele>189.5</ele>
        <time>2024-01-01T20:09:15Z</time>
      </trkpt>
      <trkpt lat="-37.5726650" lon="-73.5907710">
        <ele>185.5</ele>
        <time>2024-01-01T20:13:36Z</time>
      </trkpt>
      <trkpt lat="-37.5723570" lon="-73.5906430">
        <ele>185.0</ele>
        <time>2024-01-01T20:14:18Z</time>
      </trkpt>
      <trkpt lat="-37.5719340" lon="-73.5902810">
        <ele>184.1</ele>
        <time>2024-01-01T20:15:30Z</time>
      </trkpt>
      <trkpt lat="-37.5716150" lon="-73.5902100">
        <ele>183.6</ele>
        <time>2024-01-01T20:15:48Z</time>
      </trkpt>
      <trkpt lat="-37.5710320" lon="-73.5902420">
        <ele>182.6</ele>
        <time>2024-01-01T20:16:30Z</time>
      </trkpt>
      <trkpt lat="-37.5705150" lon="-73.5900640">
        <ele>181.9</ele>
        <time>2024-01-01T20:17:00Z</time>
      </trkpt>
      <trkpt lat="-37.5701210" lon="-73.5897680">
        <ele>181.3</ele>
        <time>2024-01-01T20:17:24Z</time>
      </trkpt>
      <trkpt lat="-37.5689530" lon="-73.5882610">
        <ele>178.5</ele>
        <time>2024-01-01T20:18:51Z</time>
      </trkpt>
      <trkpt lat="-37.5684720" lon="-73.5879350">
        <ele>177.6</ele>
        <time>2024-01-01T20:19:09Z</time>
      </trkpt>
      <trkpt lat="-37.5676220" lon="-73.5876530">
        <ele>173.0</ele>
        <time>2024-01-01T20:20:03Z</time>
      </trkpt>
      <trkpt lat="-37.5672780" lon="-73.5874340">
        <ele>170.2</ele>
        <time>2024-01-01T20:20:42Z</time>
      </trkpt>
      <trkpt lat="-37.5656220" lon="-73.5860040">
        <ele>157.8</ele>
        <time>2024-01-01T20:22:51Z</time>
      </trkpt>
      <trkpt lat="-37.5655850" lon="-73.5858990">
        <ele>157.2</ele>
        <time>2024-01-01T20:22:57Z</time>
      </trkpt>
      <trkpt lat="-37.5658820" lon="-73.5853490">
        <ele>153.8</ele>
        <time>2024-01-01T20:23:21Z</time>
      </trkpt>
      <trkpt lat="-37.5664200" lon="-73.5849790">
        <ele>149.8</ele>
        <time>2024-01-01T20:23:45Z</time>
      </trkpt>
      <trkpt lat="-37.5669250" lon="-73.5849740">
        <ele>146.4</ele>
        <time>2024-01-01T20:24:03Z</time>
      </trkpt>
      <trkpt lat="-37.5674040" lon="-73.5855230">
        <ele>141.9</ele>
        <time>2024-01-01T20:24:27Z</time>
      </trkpt>
      <trkpt lat="-37.5675360" lon="-73.5855050">
        <ele>140.8</ele>
        <time>2024-01-01T20:24:33Z</time>
      </trkpt>
      <trkpt lat="-37.5676290" lon="-73.5853880">
        <ele>139.7</ele>
        <time>2024-01-01T20:24:39Z</time>
      </trkpt>
      <trkpt lat="-37.5676340" lon="-73.5850880">
        <ele>138.0</ele>
        <time>2024-01-01T20:24:48Z</time>
      </trkpt>
      <trkpt lat="-37.5674770" lon="-73.5846660">
        <ele>135.7</ele>
        <time>2024-01-01T20:25:00Z</time>
      </trkpt>
      <trkpt lat="-37.5672030" lon="-73.5843600">
        <ele>133.4</ele>
        <time>2024-01-01T20:25:12Z</time>
      </trkpt>
      <trkpt lat="-37.5667910" lon="-73.5840970">
        <ele>130.6</ele>
        <time>2024-01-01T20:25:27Z</time>
      </trkpt>
      <trkpt lat="-37.5667110" lon="-73.5838990">
        <ele>129.5</ele>
        <time>2024-01-01T20:25:36Z</time>
      </trkpt>
      <trkpt lat="-37.5670600" lon="-73.5835030">
        <ele>126.6</ele>
        <time>2024-01-01T20:25:57Z</time>
      </trkpt>
      <trkpt lat="-37.5671650" lon="-73.5829860">
        <ele>123.8</ele>
        <time>2024-01-01T20:26:12Z</time>
      </trkpt>
      <trkpt lat="-37.5671140" lon="-73.5826540">
        <ele>122.1</ele>
        <time>2024-01-01T20:26:21Z</time>
      </trkpt>
      <trkpt lat="-37.5668830" lon="-73.5821770">
        <ele>119.8</ele>
        <time>2024-01-01T20:26:33Z</time>
      </trkpt>
      <trkpt lat="-37.5668810" lon="-73.5818200">
        <ele>118.1</ele>
        <time>2024-01-01T20:26:42Z</time>
      </trkpt>
      <trkpt lat="-37.5670600" lon="-73.5815950">
        <ele>116.4</ele>
        <time>2024-01-01T20:26:51Z</time>
      </trkpt>
      <trkpt lat="-37.5675610" lon="-73.5819570">
        <ele>113.1</ele>
        <time>2024-01-01T20:27:18Z</time>
      </trkpt>
      <trkpt lat="-37.5679360" lon="-73.5819180">
        <ele>110.8</ele>
        <time>2024-01-01T20:27:30Z</time>
      </trkpt>
      <trkpt lat="-37.5682410" lon="-73.5816250">
        <ele>108.5</ele>
        <time>2024-01-01T20:27:42Z</time>
      </trkpt>
      <trkpt lat="-37.5686450" lon="-73.5814320">
        <ele>105.7</ele>
        <time>2024-01-01T20:27:57Z</time>
      </trkpt>
      <trkpt lat="-37.5689110" lon="-73.5810060">
        <ele>103.1</ele>
        <time>2024-01-01T20:28:12Z</time>
      </trkpt>
      <trkpt lat="-37.5692730" lon="-73.5808630">
        <ele>101.4</ele>
        <time>2024-01-01T20:28:24Z</time>
      </trkpt>
      <trkpt lat="-37.5693650" lon="-73.5805570">
        <ele>100.1</ele>
        <time>2024-01-01T20:28:33Z</time>
      </trkpt>
      <trkpt lat="-37.5689770" lon="-73.5798610">
        <ele>97.1</ele>
        <time>2024-01-01T20:28:54Z</time>
      </trkpt>
      <trkpt lat="-37.5690030" lon="-73.5794400">
        <ele>95.3</ele>
        <time>2024-01-01T20:29:06Z</time>
      </trkpt>
      <trkpt lat="-37.5692220" lon="-73.5789960">
        <ele>93.6</ele>
        <time>2024-01-01T20:29:18Z</time>
      </trkpt>
      <trkpt lat="-37.5698650" lon="-73.5786060">
        <ele>90.5</ele>
        <time>2024-01-01T20:29:39Z</time>
      </trkpt>
      <trkpt lat="-37.5700660" lon="-73.5783650">
        <ele>89.2</ele>
        <time>2024-01-01T20:29:48Z</time>
      </trkpt>
      <trkpt lat="-37.5701260" lon="-73.5780630">
        <ele>87.9</ele>
        <time>2024-01-01T20:29:57Z</time>
      </trkpt>
      <trkpt lat="-37.5700870" lon="-73.5774740">
        <ele>85.8</ele>
        <time>2024-01-01T20:30:12Z</time>
      </trkpt>
      <trkpt lat="-37.5703110" lon="-73.5769780">
        <ele>83.6</ele>
        <time>2024-01-01T20:30:27Z</time>
      </trkpt>
      <trkpt lat="-37.5705960" lon="-73.5766370">
        <ele>81.9</ele>
        <time>2024-01-01T20:30:39Z</time>
      </trkpt>
      <trkpt lat="-37.5708360" lon="-73.5764900">
        <ele>80.6</ele>
        <time>2024-01-01T20:30:48Z</time>
      </trkpt>
      <trkpt lat="-37.5716750" lon="-73.5766740">
        <ele>76.2</ele>
        <time>2024-01-01T20:31:18Z</time>
      </trkpt>
      <trkpt lat="-37.5719020" lon="-73.5765900">
        <ele>75.3</ele>
        <time>2024-01-01T20:31:30Z</time>
      </trkpt>
      <trkpt lat="-37.5719500" lon="-73.5764700">
        <ele>74.9</ele>
        <time>2024-01-01T20:31:36Z</time>
      </trkpt>
      <trkpt lat="-37.5717760" lon="-73.5761170">
        <ele>73.2</ele>
        <time>2024-01-01T20:31:51Z</time>
      </trkpt>
      <trkpt lat="-37.5717390" lon="-73.5757370">
        <ele>71.9</ele>
        <time>2024-01-01T20:32:03Z</time>
      </trkpt>
      <trkpt lat="-37.5718550" lon="-73.5753420">
        <ele>70.1</ele>
        <time>2024-01-01T20:32:15Z</time>
      </trkpt>
      <trkpt lat="-37.5720330" lon="-73.5751490">
        <ele>68.8</ele>
        <time>2024-01-01T20:32:24Z</time>
      </trkpt>
      <trkpt lat="-37.5724180" lon="-73.5751670">
        <ele>66.7</ele>
        <time>2024-01-01T20:32:39Z</time>
      </trkpt>
      <trkpt lat="-37.5730520" lon="-73.5757310">
        <ele>62.3</ele>
        <time>2024-01-01T20:33:12Z</time>
      </trkpt>
      <trkpt lat="-37.5731760" lon="-73.5757720">
        <ele>61.9</ele>
        <time>2024-01-01T20:33:18Z</time>
      </trkpt>
      <trkpt lat="-37.5733950" lon="-73.5756360">
        <ele>60.6</ele>
        <time>2024-01-01T20:33:27Z</time>
      </trkpt>
      <trkpt lat="-37.5734720" lon="-73.5754540">
        <ele>59.7</ele>
        <time>2024-01-01T20:33:33Z</time>
      </trkpt>
      <trkpt lat="-37.5734440" lon="-73.5751560">
        <ele>58.4</ele>
        <time>2024-01-01T20:33:42Z</time>
      </trkpt>
      <trkpt lat="-37.5731760" lon="-73.5749800">
        <ele>56.7</ele>
        <time>2024-01-01T20:33:54Z</time>
      </trkpt>
      <trkpt lat="-37.5730190" lon="-73.5747640">
        <ele>55.4</ele>
        <time>2024-01-01T20:34:03Z</time>
      </trkpt>
      <trkpt lat="-37.5725140" lon="-73.5736470">
        <ele>50.6</ele>
        <time>2024-01-01T20:34:39Z</time>
      </trkpt>
      <trkpt lat="-37.5727920" lon="-73.5723040">
        <ele>51.7</ele>
        <time>2024-01-01T20:36:15Z</time>
      </trkpt>
      <trkpt lat="-37.5733690" lon="-73.5711680">
        <ele>57.8</ele>
        <time>2024-01-01T20:38:18Z</time>
      </trkpt>
      <trkpt lat="-37.5739370" lon="-73.5706850">
        <ele>62.0</ele>
        <time>2024-01-01T20:39:39Z</time>
      </trkpt>
      <trkpt lat="-37.5742680" lon="-73.5706430">
        <ele>63.8</ele>
        <time>2024-01-01T20:40:18Z</time>
      </trkpt>
      <trkpt lat="-37.5743950" lon="-73.5711920">
        <ele>66.6</ele>
        <time>2024-01-01T20:41:03Z</time>
      </trkpt>
      <trkpt lat="-37.5748940" lon="-73.5725030">
        <ele>72.2</ele>
        <time>2024-01-01T20:42:12Z</time>
      </trkpt>
      <trkpt lat="-37.5753910" lon="-73.5728280">
        <ele>75.0</ele>
        <time>2024-01-01T20:42:48Z</time>
      </trkpt>
      <trkpt lat="-37.5757230" lon="-73.5731650">
        <ele>77.3</ele>
        <time>2024-01-01T20:43:18Z</time>
      </trkpt>
      <trkpt lat="-37.5760480" lon="-73.5730520">
        <ele>79.2</ele>
        <time>2024-01-01T20:43:42Z</time>
      </trkpt>
      <trkpt lat="-37.5764440" lon="-73.5730650">
        <ele>81.5</ele>
        <time>2024-01-01T20:44:30Z</time>
      </trkpt>
      <trkpt lat="-37.5771350" lon="-73.5723560">
        <ele>86.6</ele>
        <time>2024-01-01T20:46:06Z</time>
      </trkpt>
      <trkpt lat="-37.5772060" lon="-73.5720530">
        <ele>88.0</ele>
        <time>2024-01-01T20:46:42Z</time>
      </trkpt>
      <trkpt lat="-37.5770580" lon="-73.5718600">
        <ele>89.4</ele>
        <time>2024-01-01T20:47:18Z</time>
      </trkpt>
      <trkpt lat="-37.5768430" lon="-73.5718360">
        <ele>90.8</ele>
        <time>2024-01-01T20:47:45Z</time>
      </trkpt>
      <trkpt lat="-37.5762760" lon="-73.5720050">
        <ele>94.0</ele>
        <time>2024-01-01T20:48:45Z</time>
      </trkpt>
      <trkpt lat="-37.5760070" lon="-73.5718730">
        <ele>95.9</ele>
        <time>2024-01-01T20:49:18Z</time>
      </trkpt>
      <trkpt lat="-37.5758820" lon="-73.5714770">
        <ele>97.8</ele>
        <time>2024-01-01T20:49:57Z</time>
      </trkpt>
      <trkpt lat="-37.5758070" lon="-73.5700750">
        <ele>103.8</ele>
        <time>2024-01-01T20:52:12Z</time>
      </trkpt>
      <trkpt lat="-37.5760310" lon="-73.5692390">
        <ele>107.5</ele>
        <time>2024-01-01T20:53:21Z</time>
      </trkpt>
      <trkpt lat="-37.5762260" lon="-73.5688900">
        <ele>108.7</ele>
        <time>2024-01-01T20:54:00Z</time>
      </trkpt>
      <trkpt lat="-37.5770230" lon="-73.5687370">
        <ele>111.2</ele>
        <time>2024-01-01T20:55:36Z</time>
      </trkpt>
      <trkpt lat="-37.5777490" lon="-73.5680650">
        <ele>113.7</ele>
        <time>2024-01-01T20:57:36Z</time>
      </trkpt>
      <trkpt lat="-37.5784450" lon="-73.5681400">
        <ele>115.9</ele>
        <time>2024-01-01T20:59:09Z</time>
      </trkpt>
      <trkpt lat="-37.5787040" lon="-73.5679650">
        <ele>116.9</ele>
        <time>2024-01-01T20:59:45Z</time>
      </trkpt>
      <trkpt lat="-37.5792690" lon="-73.5662370">
        <ele>121.6</ele>
        <time>2024-01-01T21:02:06Z</time>
      </trkpt>
      <trkpt lat="-37.5792160" lon="-73.5660490">
        <ele>122.1</ele>
        <time>2024-01-01T21:02:18Z</time>
      </trkpt>
      <trkpt lat="-37.5790900" lon="-73.5659840">
        <ele>122.6</ele>
        <time>2024-01-01T21:02:36Z</time>
      </trkpt>
      <trkpt lat="-37.5788550" lon="-73.5660180">
        <ele>123.4</ele>
        <time>2024-01-01T21:03:12Z</time>
      </trkpt>
      <trkpt lat="-37.5786920" lon="-73.5657680">
        <ele>124.1</ele>
        <time>2024-01-01T21:03:45Z</time>
      </trkpt>
      <trkpt lat="-37.5789390" lon="-73.5651060">
        <ele>125.6</ele>
        <time>2024-01-01T21:04:21Z</time>
      </trkpt>
      <trkpt lat="-37.5786400" lon="-73.5642320">
        <ele>127.8</ele>
        <time>2024-01-01T21:05:27Z</time>
      </trkpt>
      <trkpt lat="-37.5786620" lon="-73.5640300">
        <ele>128.3</ele>
        <time>2024-01-01T21:05:39Z</time>
      </trkpt>
      <trkpt lat="-37.5788130" lon="-73.5637930">
        <ele>129.1</ele>
        <time>2024-01-01T21:06:00Z</time>
      </trkpt>
      <trkpt lat="-37.5794400" lon="-73.5636590">
        <ele>131.1</ele>
        <time>2024-01-01T21:07:33Z</time>
      </trkpt>
      <trkpt lat="-37.5804870" lon="-73.5650770">
        <ele>135.0</ele>
        <time>2024-01-01T21:09:09Z</time>
      </trkpt>
      <trkpt lat="-37.5815020" lon="-73.5660380">
        <ele>138.3</ele>
        <time>2024-01-01T21:10:27Z</time>
      </trkpt>
      <trkpt lat="-37.5819410" lon="-73.5661830">
        <ele>139.5</ele>
        <time>2024-01-01T21:10:57Z</time>
      </trkpt>
      <trkpt lat="-37.5821760" lon="-73.5661740">
        <ele>140.0</ele>
        <time>2024-01-01T21:11:18Z</time>
      </trkpt>
      <trkpt lat="-37.5835720" lon="-73.5668880">
        <ele>140.0</ele>
        <time>2024-01-01T21:12:36Z</time>
      </trkpt>
      <trkpt lat="-37.5843730" lon="-73.5670430">
        <ele>140.0</ele>
        <time>2024-01-01T21:13:51Z</time>
      </trkpt>
      <trkpt lat="-37.5847900" lon="-73.5673530">
        <ele>140.0</ele>
        <time>2024-01-01T21:14:39Z</time>
      </trkpt>
      <trkpt lat="-37.5855250" lon="-73.5685480">
        <ele>140.0</ele>
        <time>2024-01-01T21:16:36Z</time>
      </trkpt>
      <trkpt lat="-37.5860080" lon="-73.5695030">
        <ele>140.0</ele>
        <time>2024-01-01T21:17:39Z</time>
      </trkpt>
      <trkpt lat="-37.5863770" lon="-73.5710660">
        <ele>140.0</ele>
        <time>2024-01-01T21:19:18Z</time>
      </trkpt>
      <trkpt lat="-37.5865350" lon="-73.5724370">
        <ele>140.0</ele>
        <time>2024-01-01T21:20:12Z</time>
      </trkpt>
      <trkpt lat="-37.5864800" lon="-73.5735840">
        <ele>140.0</ele>
        <time>2024-01-01T21:20:48Z</time>
      </trkpt>
      <trkpt lat="-37.5862120" lon="-73.5749530">
        <ele>140.0</ele>
        <time>2024-01-01T21:21:36Z</time>
      </trkpt>
      <trkpt lat="-37.5862420" lon="-73.5754630">
        <ele>140.0</ele>
        <time>2024-01-01T21:21:51Z</time>
      </trkpt>
      <trkpt lat="-37.5863550" lon="-73.5757280">
        <ele>140.0</ele>
        <time>2024-01-01T21:22:00Z</time>
      </trkpt>
      <trkpt lat="-37.5871580" lon="-73.5764860">
        <ele>138.2</ele>
        <time>2024-01-01T21:22:33Z</time>
      </trkpt>
      <trkpt lat="-37.5874330" lon="-73.5766400">
        <ele>134.7</ele>
        <time>2024-01-01T21:22:45Z</time>
      </trkpt>
      <trkpt lat="-37.5877340" lon="-73.5766650">
        <ele>131.2</ele>
        <time>2024-01-01T21:22:57Z</time>
      </trkpt>
      <trkpt lat="-37.5886850" lon="-73.5763150">
        <ele>122.3</ele>
        <time>2024-01-01T21:23:27Z</time>
      </trkpt>
      <trkpt lat="-37.5888930" lon="-73.5763440">
        <ele>120.6</ele>
        <time>2024-01-01T21:23:33Z</time>
      </trkpt>
      <trkpt lat="-37.5890710" lon="-73.5764920">
        <ele>118.8</ele>
        <time>2024-01-01T21:23:39Z</time>
      </trkpt>
      <trkpt lat="-37.5906100" lon="-73.5793530">
        <ele>98.5</ele>
        <time>2024-01-01T21:24:48Z</time>
      </trkpt>
      <trkpt lat="-37.5911840" lon="-73.5813380">
        <ele>86.1</ele>
        <time>2024-01-01T21:25:30Z</time>
      </trkpt>
      <trkpt lat="-37.5913140" lon="-73.5815810">
        <ele>84.3</ele>
        <time>2024-01-01T21:25:36Z</time>
      </trkpt>
      <trkpt lat="-37.5919640" lon="-73.5820420">
        <ele>78.1</ele>
        <time>2024-01-01T21:25:57Z</time>
      </trkpt>
      <trkpt lat="-37.5922830" lon="-73.5829770">
        <ele>72.0</ele>
        <time>2024-01-01T21:26:18Z</time>
      </trkpt>
      <trkpt lat="-37.5931850" lon="-73.5842420">
        <ele>62.2</ele>
        <time>2024-01-01T21:26:51Z</time>
      </trkpt>
      <trkpt lat="-37.5936310" lon="-73.5847240">
        <ele>56.0</ele>
        <time>2024-01-01T21:27:12Z</time>
      </trkpt>
      <trkpt lat="-37.5946650" lon="-73.5854240">
        <ele>41.9</ele>
        <time>2024-01-01T21:28:03Z</time>
      </trkpt>
      <trkpt lat="-37.5951420" lon="-73.5854020">
        <ele>36.6</ele>
        <time>2024-01-01T21:28:21Z</time>
      </trkpt>
      <trkpt lat="-37.5953370" lon="-73.5854920">
        <ele>34.0</ele>
        <time>2024-01-01T21:28:30Z</time>
      </trkpt>
      <trkpt lat="-37.5954370" lon="-73.5858540">
        <ele>30.4</ele>
        <time>2024-01-01T21:28:42Z</time>
      </trkpt>
      <trkpt lat="-37.5954430" lon="-73.5864840">
        <ele>26.0</ele>
        <time>2024-01-01T21:29:12Z</time>
      </trkpt>
      <trkpt lat="-37.5958770" lon="-73.5873190">
        <ele>31.7</ele>
        <time>2024-01-01T21:29:51Z</time>
      </trkpt>
      <trkpt lat="-37.5960790" lon="-73.5875220">
        <ele>33.8</ele>
        <time>2024-01-01T21:30:03Z</time>
      </trkpt>
      <trkpt lat="-37.5966720" lon="-73.5877750">
        <ele>38.8</ele>
        <time>2024-01-01T21:30:24Z</time>
      </trkpt>
      <trkpt lat="-37.5969490" lon="-73.5881310">
        <ele>42.4</ele>
        <time>2024-01-01T21:30:39Z</time>
      </trkpt>
      <trkpt lat="-37.5970590" lon="-73.5884880">
        <ele>45.3</ele>
        <time>2024-01-01T21:30:57Z</time>
      </trkpt>
      <trkpt lat="-37.5970860" lon="-73.5889940">
        <ele>49.5</ele>
        <time>2024-01-01T21:32:15Z</time>
      </trkpt>
      <trkpt lat="-37.5973920" lon="-73.5897920">
        <ele>56.7</ele>
        <time>2024-01-01T21:35:03Z</time>
      </trkpt>
      <trkpt lat="-37.5973530" lon="-73.5900590">
        <ele>58.8</ele>
        <time>2024-01-01T21:35:51Z</time>
      </trkpt>
      <trkpt lat="-37.5972200" lon="-73.5902630">
        <ele>60.9</ele>
        <time>2024-01-01T21:36:39Z</time>
      </trkpt>
      <trkpt lat="-37.5968040" lon="-73.5904940">
        <ele>65.2</ele>
        <time>2024-01-01T21:37:57Z</time>
      </trkpt>
      <trkpt lat="-37.5963880" lon="-73.5909390">
        <ele>70.2</ele>
        <time>2024-01-01T21:39:21Z</time>
      </trkpt>
      <trkpt lat="-37.5957350" lon="-73.5913480">
        <ele>77.3</ele>
        <time>2024-01-01T21:41:21Z</time>
      </trkpt>
      <trkpt lat="-37.5951710" lon="-73.5921030">
        <ele>84.5</ele>
        <time>2024-01-01T21:43:18Z</time>
      </trkpt>
      <trkpt lat="-37.5951020" lon="-73.5925730">
        <ele>88.0</ele>
        <time>2024-01-01T21:44:18Z</time>
      </trkpt>
      <trkpt lat="-37.5954310" lon="-73.5934030">
        <ele>95.2</ele>
        <time>2024-01-01T21:46:15Z</time>
      </trkpt>
      <trkpt lat="-37.5956770" lon="-73.5937430">
        <ele>98.7</ele>
        <time>2024-01-01T21:47:27Z</time>
      </trkpt>
      <trkpt lat="-37.5966930" lon="-73.5943990">
        <ele>110.2</ele>
        <time>2024-01-01T21:50:36Z</time>
      </trkpt>
      <trkpt lat="-37.5976360" lon="-73.5951750">
        <ele>120.8</ele>
        <time>2024-01-01T21:53:51Z</time>
      </trkpt>
      <trkpt lat="-37.5993750" lon="-73.5958870">
        <ele>139.2</ele>
        <time>2024-01-01T21:59:42Z</time>
      </trkpt>
      <trkpt lat="-37.5996570" lon="-73.5960870">
        <ele>142.0</ele>
        <time>2024-01-01T22:00:27Z</time>
      </trkpt>
      <trkpt lat="-37.6002360" lon="-73.5968500">
        <ele>149.0</ele>
        <time>2024-01-01T22:02:24Z</time>
      </trkpt>
      <trkpt lat="-37.6005460" lon="-73.5975010">
        <ele>154.7</ele>
        <time>2024-01-01T22:04:06Z</time>
      </trkpt>
      <trkpt lat="-37.6012040" lon="-73.5996710">
        <ele>173.0</ele>
        <time>2024-01-01T22:10:03Z</time>
      </trkpt>
      <trkpt lat="-37.6014280" lon="-73.5998730">
        <ele>175.8</ele>
        <time>2024-01-01T22:10:39Z</time>
      </trkpt>
      <trkpt lat="-37.6020970" lon="-73.6000210">
        <ele>182.2</ele>
        <time>2024-01-01T22:11:57Z</time>
      </trkpt>
      <trkpt lat="-37.6025690" lon="-73.6002800">
        <ele>186.4</ele>
        <time>2024-01-01T22:13:09Z</time>
      </trkpt>
      <trkpt lat="-37.6032550" lon="-73.6009410">
        <ele>194.2</ele>
        <time>2024-01-01T22:15:06Z</time>
      </trkpt>
      <trkpt lat="-37.6033870" lon="-73.6011960">
        <ele>196.3</ele>
        <time>2024-01-01T22:15:51Z</time>
      </trkpt>
      <trkpt lat="-37.6034590" lon="-73.6032320">
        <ele>209.5</ele>
        <time>2024-01-01T22:19:45Z</time>
      </trkpt>
      <trkpt lat="-37.6028710" lon="-73.6045060">
        <ele>212.0</ele>
        <time>2024-01-01T22:21:45Z</time>
      </trkpt>
      <trkpt lat="-37.6029360" lon="-73.6053600">
        <ele>213.1</ele>
        <time>2024-01-01T22:22:21Z</time>
      </trkpt>
      <trkpt lat="-37.6025900" lon="-73.6065480">
        <ele>215.4</ele>
        <time>2024-01-01T22:23:39Z</time>
      </trkpt>
      <trkpt lat="-37.6022670" lon="-73.6081090">
        <ele>218.1</ele>
        <time>2024-01-01T22:24:45Z</time>
      </trkpt>
      <trkpt lat="-37.6021550" lon="-73.6098770">
        <ele>220.9</ele>
        <time>2024-01-01T22:25:54Z</time>
      </trkpt>
      <trkpt lat="-37.6023900" lon="-73.6103090">
        <ele>221.8</ele>
        <time>2024-01-01T22:26:24Z</time>
      </trkpt>
      <trkpt lat="-37.6029270" lon="-73.6109740">
        <ele>223.4</ele>
        <time>2024-01-01T22:27:21Z</time>
      </trkpt>
      <trkpt lat="-37.6029700" lon="-73.6112030">
        <ele>223.8</ele>
        <time>2024-01-01T22:27:33Z</time>
      </trkpt>
      <trkpt lat="-37.6035300" lon="-73.6123540">
        <ele>225.9</ele>
        <time>2024-01-01T22:28:51Z</time>
      </trkpt>
      <trkpt lat="-37.6038960" lon="-73.6134660">
        <ele>228.1</ele>
        <time>2024-01-01T22:30:54Z</time>
      </trkpt>
      <trkpt lat="-37.6046640" lon="-73.6148760">
        <ele>231.3</ele>
        <time>2024-01-01T22:32:57Z</time>
      </trkpt>
      <trkpt lat="-37.6048360" lon="-73.6158720">
        <ele>230.7</ele>
        <time>2024-01-01T22:33:51Z</time>
      </trkpt>
      <trkpt lat="-37.6053590" lon="-73.6178440">
        <ele>225.9</ele>
        <time>2024-01-01T22:35:21Z</time>
      </trkpt>
      <trkpt lat="-37.6054440" lon="-73.6194900">
        <ele>222.0</ele>
        <time>2024-01-01T22:36:33Z</time>
      </trkpt>
      <trkpt lat="-37.6053750" lon="-73.6210200">
        <ele>218.3</ele>
        <time>2024-01-01T22:38:00Z</time>
      </trkpt>
      <trkpt lat="-37.6054530" lon="-73.6210050">
        <ele>218.0</ele>
        <time>2024-01-01T22:38:45Z</time>
      </trkpt>
      <trkpt lat="-37.6055690" lon="-73.6216290">
        <ele>216.4</ele>
        <time>2024-01-01T22:39:54Z</time>
      </trkpt>
      <trkpt lat="-37.6059200" lon="-73.6223160">
        <ele>214.6</ele>
        <time>2024-01-01T22:40:30Z</time>
      </trkpt>
      <trkpt lat="-37.6061820" lon="-73.6233350">
        <ele>212.2</ele>
        <time>2024-01-01T22:41:09Z</time>
      </trkpt>
      <trkpt lat="-37.6063560" lon="-73.6249110">
        <ele>208.5</ele>
        <time>2024-01-01T22:42:12Z</time>
      </trkpt>
      <trkpt lat="-37.6067210" lon="-73.6254920">
        <ele>206.7</ele>
        <time>2024-01-01T22:42:39Z</time>
      </trkpt>
      <trkpt lat="-37.6068800" lon="-73.6260570">
        <ele>205.4</ele>
        <time>2024-01-01T22:42:54Z</time>
      </trkpt>
      <trkpt lat="-37.6070880" lon="-73.6263380">
        <ele>204.6</ele>
        <time>2024-01-01T22:43:03Z</time>
      </trkpt>
      <trkpt lat="-37.6080130" lon="-73.6267670">
        <ele>201.4</ele>
        <time>2024-01-01T22:43:48Z</time>
      </trkpt>
      <trkpt lat="-37.6085930" lon="-73.6275840">
        <ele>198.8</ele>
        <time>2024-01-01T22:44:48Z</time>
      </trkpt>
      <trkpt lat="-37.6094820" lon="-73.6279580">
        <ele>194.6</ele>
        <time>2024-01-01T22:45:24Z</time>
      </trkpt>
      <trkpt lat="-37.6099300" lon="-73.6283730">
        <ele>192.7</ele>
        <time>2024-01-01T22:45:54Z</time>
      </trkpt>
      <trkpt lat="-37.6100840" lon="-73.6287280">
        <ele>191.5</ele>
        <time>2024-01-01T22:46:12Z</time>
      </trkpt>
      <trkpt lat="-37.6101470" lon="-73.6302790">
        <ele>185.5</ele>
        <time>2024-01-01T22:47:06Z</time>
      </trkpt>
      <trkpt lat="-37.6097660" lon="-73.6315330">
        <ele>180.5</ele>
        <time>2024-01-01T22:47:45Z</time>
      </trkpt>
      <trkpt lat="-37.6095100" lon="-73.6318510">
        <ele>178.6</ele>
        <time>2024-01-01T22:48:00Z</time>
      </trkpt>
      <trkpt lat="-37.6092000" lon="-73.6320540">
        <ele>176.7</ele>
        <time>2024-01-01T22:48:15Z</time>
      </trkpt>
      <trkpt lat="-37.6089160" lon="-73.6320620">
        <ele>175.2</ele>
        <time>2024-01-01T22:48:27Z</time>
      </trkpt>
      <trkpt lat="-37.6080940" lon="-73.6317290">
        <ele>171.0</ele>
        <time>2024-01-01T22:49:03Z</time>
      </trkpt>
      <trkpt lat="-37.6075530" lon="-73.6317920">
        <ele>169.1</ele>
        <time>2024-01-01T22:49:33Z</time>
      </trkpt>
      <trkpt lat="-37.6069360" lon="-73.6315250">
        <ele>166.5</ele>
        <time>2024-01-01T22:50:06Z</time>
      </trkpt>
      <trkpt lat="-37.6063960" lon="-73.6316060">
        <ele>163.8</ele>
        <time>2024-01-01T22:50:27Z</time>
      </trkpt>
      <trkpt lat="-37.6051730" lon="-73.6310500">
        <ele>158.1</ele>
        <time>2024-01-01T22:51:57Z</time>
      </trkpt>
      <trkpt lat="-37.6046750" lon="-73.6310040">
        <ele>155.8</ele>
        <time>2024-01-01T22:52:15Z</time>
      </trkpt>
      <trkpt lat="-37.6044160" lon="-73.6311190">
        <ele>154.7</ele>
        <time>2024-01-01T22:52:24Z</time>
      </trkpt>
      <trkpt lat="-37.6041420" lon="-73.6314240">
        <ele>153.2</ele>
        <time>2024-01-01T22:52:36Z</time>
      </trkpt>
      <trkpt lat="-37.6040550" lon="-73.6316990">
        <ele>152.0</ele>
        <time>2024-01-01T22:52:45Z</time>
      </trkpt>
      <trkpt lat="-37.6041160" lon="-73.6320850">
        <ele>150.5</ele>
        <time>2024-01-01T22:53:06Z</time>
      </trkpt>
      <trkpt lat="-37.6040150" lon="-73.6322360">
        <ele>149.8</ele>
        <time>2024-01-01T22:53:15Z</time>
      </trkpt>
      <trkpt lat="-37.6036110" lon="-73.6324860">
        <ele>147.8</ele>
        <time>2024-01-01T22:53:39Z</time>
      </trkpt>
      <trkpt lat="-37.6035340" lon="-73.6327040">
        <ele>146.5</ele>
        <time>2024-01-01T22:53:51Z</time>
      </trkpt>
      <trkpt lat="-37.6032150" lon="-73.6326450">
        <ele>144.0</ele>
        <time>2024-01-01T22:54:15Z</time>
      </trkpt>
      <trkpt lat="-37.6021710" lon="-73.6328870">
        <ele>137.2</ele>
        <time>2024-01-01T22:55:09Z</time>
      </trkpt>
      <trkpt lat="-37.6018820" lon="-73.6327950">
        <ele>134.7</ele>
        <time>2024-01-01T22:55:24Z</time>
      </trkpt>
      <trkpt lat="-37.6015300" lon="-73.6330080">
        <ele>131.6</ele>
        <time>2024-01-01T22:55:51Z</time>
      </trkpt>
      <trkpt lat="-37.6015170" lon="-73.6332420">
        <ele>130.4</ele>
        <time>2024-01-01T22:56:03Z</time>
      </trkpt>
      <trkpt lat="-37.6017680" lon="-73.6334100">
        <ele>127.9</ele>
        <time>2024-01-01T22:56:33Z</time>
      </trkpt>
      <trkpt lat="-37.6017770" lon="-73.6335010">
        <ele>127.3</ele>
        <time>2024-01-01T22:56:42Z</time>
      </trkpt>
      <trkpt lat="-37.6016780" lon="-73.6336270">
        <ele>126.1</ele>
        <time>2024-01-01T22:56:57Z</time>
      </trkpt>
      <trkpt lat="-37.6013730" lon="-73.6336950">
        <ele>123.6</ele>
        <time>2024-01-01T22:57:21Z</time>
      </trkpt>
      <trkpt lat="-37.6013240" lon="-73.6340990">
        <ele>121.1</ele>
        <time>2024-01-01T22:57:51Z</time>
      </trkpt>
      <trkpt lat="-37.6014510" lon="-73.6340360">
        <ele>119.9</ele>
        <time>2024-01-01T22:58:09Z</time>
      </trkpt>
      <trkpt lat="-37.6015900" lon="-73.6341360">
        <ele>118.6</ele>
        <time>2024-01-01T22:58:18Z</time>
      </trkpt>
      <trkpt lat="-37.6017660" lon="-73.6346350">
        <ele>114.9</ele>
        <time>2024-01-01T22:59:48Z</time>
      </trkpt>
      <trkpt lat="-37.6019130" lon="-73.6346960">
        <ele>113.7</ele>
        <time>2024-01-01T23:00:00Z</time>
      </trkpt>
      <trkpt lat="-37.6020900" lon="-73.6349180">
        <ele>111.8</ele>
        <time>2024-01-01T23:00:18Z</time>
      </trkpt>
      <trkpt lat="-37.6022570" lon="-73.6353950">
        <ele>108.7</ele>
        <time>2024-01-01T23:00:51Z</time>
      </trkpt>
      <trkpt lat="-37.6021640" lon="-73.6356320">
        <ele>107.4</ele>
        <time>2024-01-01T23:01:00Z</time>
      </trkpt>
      <trkpt lat="-37.6022340" lon="-73.6357930">
        <ele>106.2</ele>
        <time>2024-01-01T23:01:15Z</time>
      </trkpt>
      <trkpt lat="-37.6024370" lon="-73.6357900">
        <ele>105.0</ele>
        <time>2024-01-01T23:01:27Z</time>
      </trkpt>
      <trkpt lat="-37.6024860" lon="-73.6360030">
        <ele>104.3</ele>
        <time>2024-01-01T23:01:39Z</time>
      </trkpt>
      <trkpt lat="-37.6030640" lon="-73.6362590">
        <ele>100.0</ele>
        <time>2024-01-01T23:02:06Z</time>
      </trkpt>
      <trkpt lat="-37.6039870" lon="-73.6371000">
        <ele>91.9</ele>
        <time>2024-01-01T23:03:45Z</time>
      </trkpt>
      <trkpt lat="-37.6041550" lon="-73.6383440">
        <ele>83.9</ele>
        <time>2024-01-01T23:04:57Z</time>
      </trkpt>
      <trkpt lat="-37.6040400" lon="-73.6393280">
        <ele>78.3</ele>
        <time>2024-01-01T23:05:39Z</time>
      </trkpt>
      <trkpt lat="-37.6041720" lon="-73.6399860">
        <ele>74.0</ele>
        <time>2024-01-01T23:06:42Z</time>
      </trkpt>
      <trkpt lat="-37.6039320" lon="-73.6405220">
        <ele>70.2</ele>
        <time>2024-01-01T23:07:39Z</time>
      </trkpt>
      <trkpt lat="-37.6039300" lon="-73.6411300">
        <ele>70.1</ele>
        <time>2024-01-01T23:08:39Z</time>
      </trkpt>
      <trkpt lat="-37.6037730" lon="-73.6414430">
        <ele>71.2</ele>
        <time>2024-01-01T23:09:18Z</time>
      </trkpt>
      <trkpt lat="-37.6033770" lon="-73.6413540">
        <ele>72.5</ele>
        <time>2024-01-01T23:09:48Z</time>
      </trkpt>
      <trkpt lat="-37.6028880" lon="-73.6409930">
        <ele>74.4</ele>
        <time>2024-01-01T23:10:30Z</time>
      </trkpt>
      <trkpt lat="-37.6023430" lon="-73.6408230">
        <ele>76.1</ele>
        <time>2024-01-01T23:11:00Z</time>
      </trkpt>
      <trkpt lat="-37.6021230" lon="-73.6404370">
        <ele>77.1</ele>
        <time>2024-01-01T23:11:24Z</time>
      </trkpt>
      <trkpt lat="-37.6015510" lon="-73.6401240">
        <ele>79.3</ele>
        <time>2024-01-01T23:12:12Z</time>
      </trkpt>
      <trkpt lat="-37.6007040" lon="-73.6393130">
        <ele>83.1</ele>
        <time>2024-01-01T23:14:15Z</time>
      </trkpt>
      <trkpt lat="-37.5996430" lon="-73.6388170">
        <ele>86.9</ele>
        <time>2024-01-01T23:15:39Z</time>
      </trkpt>
      <trkpt lat="-37.5991210" lon="-73.6383300">
        <ele>88.5</ele>
        <time>2024-01-01T23:16:15Z</time>
      </trkpt>
      <trkpt lat="-37.5982250" lon="-73.6378880">
        <ele>91.2</ele>
        <time>2024-01-01T23:17:15Z</time>
      </trkpt>
      <trkpt lat="-37.5974970" lon="-73.6378150">
        <ele>93.7</ele>
        <time>2024-01-01T23:17:48Z</time>
      </trkpt>
      <trkpt lat="-37.5972870" lon="-73.6378560">
        <ele>94.5</ele>
        <time>2024-01-01T23:17:57Z</time>
      </trkpt>
      <trkpt lat="-37.5968220" lon="-73.6381720">
        <ele>95.9</ele>
        <time>2024-01-01T23:18:24Z</time>
      </trkpt>
      <trkpt lat="-37.5960970" lon="-73.6382360">
        <ele>97.8</ele>
        <time>2024-01-01T23:19:03Z</time>
      </trkpt>
      <trkpt lat="-37.5956850" lon="-73.6381790">
        <ele>98.8</ele>
        <time>2024-01-01T23:19:27Z</time>
      </trkpt>
      <trkpt lat="-37.5950880" lon="-73.6377770">
        <ele>101.0</ele>
        <time>2024-01-01T23:20:18Z</time>
      </trkpt>
      <trkpt lat="-37.5949220" lon="-73.6373440">
        <ele>102.4</ele>
        <time>2024-01-01T23:20:54Z</time>
      </trkpt>
      <trkpt lat="-37.5945160" lon="-73.6370770">
        <ele>104.0</ele>
        <time>2024-01-01T23:21:45Z</time>
      </trkpt>
      <trkpt lat="-37.5939730" lon="-73.6370360">
        <ele>100.1</ele>
        <time>2024-01-01T23:22:51Z</time>
      </trkpt>
      <trkpt lat="-37.5935630" lon="-73.6367220">
        <ele>97.4</ele>
        <time>2024-01-01T23:23:12Z</time>
      </trkpt>
      <trkpt lat="-37.5934490" lon="-73.6371870">
        <ele>95.2</ele>
        <time>2024-01-01T23:23:36Z</time>
      </trkpt>
      <trkpt lat="-37.5935830" lon="-73.6374140">
        <ele>93.5</ele>
        <time>2024-01-01T23:23:54Z</time>
      </trkpt>
      <trkpt lat="-37.5938020" lon="-73.6375710">
        <ele>91.9</ele>
        <time>2024-01-01T23:24:09Z</time>
      </trkpt>
      <trkpt lat="-37.5945000" lon="-73.6375270">
        <ele>88.0</ele>
        <time>2024-01-01T23:24:48Z</time>
      </trkpt>
      <trkpt lat="-37.5946340" lon="-73.6375900">
        <ele>86.9</ele>
        <time>2024-01-01T23:25:00Z</time>
      </trkpt>
      <trkpt lat="-37.5946770" lon="-73.6384200">
        <ele>82.5</ele>
        <time>2024-01-01T23:25:48Z</time>
      </trkpt>
      <trkpt lat="-37.5944110" lon="-73.6384840">
        <ele>80.9</ele>
        <time>2024-01-01T23:26:03Z</time>
      </trkpt>
      <trkpt lat="-37.5943760" lon="-73.6385810">
        <ele>80.3</ele>
        <time>2024-01-01T23:26:09Z</time>
      </trkpt>
      <trkpt lat="-37.5943900" lon="-73.6387100">
        <ele>79.8</ele>
        <time>2024-01-01T23:26:15Z</time>
      </trkpt>
      <trkpt lat="-37.5948650" lon="-73.6391430">
        <ele>75.9</ele>
        <time>2024-01-01T23:27:00Z</time>
      </trkpt>
      <trkpt lat="-37.5947720" lon="-73.6391350">
        <ele>75.4</ele>
        <time>2024-01-01T23:27:12Z</time>
      </trkpt>
      <trkpt lat="-37.5924010" lon="-73.6385180">
        <ele>62.7</ele>
        <time>2024-01-01T23:29:30Z</time>
      </trkpt>
      <trkpt lat="-37.5916090" lon="-73.6381950">
        <ele>58.3</ele>
        <time>2024-01-01T23:30:15Z</time>
      </trkpt>
      <trkpt lat="-37.5900860" lon="-73.6372970">
        <ele>49.0</ele>
        <time>2024-01-01T23:31:48Z</time>
      </trkpt>
      <trkpt lat="-37.5883510" lon="-73.6358240">
        <ele>35.2</ele>
        <time>2024-01-01T23:34:45Z</time>
      </trkpt>
      <trkpt lat="-37.5880050" lon="-73.6360790">
        <ele>33.5</ele>
        <time>2024-01-01T23:35:18Z</time>
      </trkpt>
      <trkpt lat="-37.5877160" lon="-73.6361350">
        <ele>35.2</ele>
        <time>2024-01-01T23:35:33Z</time>
      </trkpt>
      <trkpt lat="-37.5865830" lon="-73.6357860">
        <ele>41.1</ele>
        <time>2024-01-01T23:36:36Z</time>
      </trkpt>
      <trkpt lat="-37.5862730" lon="-73.6358800">
        <ele>42.8</ele>
        <time>2024-01-01T23:36:54Z</time>
      </trkpt>
      <trkpt lat="-37.5860910" lon="-73.6360330">
        <ele>43.9</ele>
        <time>2024-01-01T23:37:06Z</time>
      </trkpt>
      <trkpt lat="-37.5857710" lon="-73.6366240">
        <ele>46.6</ele>
        <time>2024-01-01T23:37:36Z</time>
      </trkpt>
      <trkpt lat="-37.5856070" lon="-73.6371580">
        <ele>48.7</ele>
        <time>2024-01-01T23:38:00Z</time>
      </trkpt>
      <trkpt lat="-37.5855100" lon="-73.6371930">
        <ele>49.3</ele>
        <time>2024-01-01T23:38:06Z</time>
      </trkpt>
      <trkpt lat="-37.5850410" lon="-73.6370680">
        <ele>52.5</ele>
        <time>2024-01-01T23:39:00Z</time>
      </trkpt>
      <trkpt lat="-37.5844630" lon="-73.6366780">
        <ele>57.4</ele>
        <time>2024-01-01T23:41:00Z</time>
      </trkpt>
      <trkpt lat="-37.5838290" lon="-73.6365960">
        <ele>62.3</ele>
        <time>2024-01-01T23:43:03Z</time>
      </trkpt>
      <trkpt lat="-37.5836240" lon="-73.6364970">
        <ele>63.9</ele>
        <time>2024-01-01T23:43:39Z</time>
      </trkpt>
      <trkpt lat="-37.5835430" lon="-73.6363680">
        <ele>65.0</ele>
        <time>2024-01-01T23:44:03Z</time>
      </trkpt>
      <trkpt lat="-37.5829350" lon="-73.6363940">
        <ele>69.4</ele>
        <time>2024-01-01T23:45:57Z</time>
      </trkpt>
      <trkpt lat="-37.5826440" lon="-73.6366370">
        <ele>72.1</ele>
        <time>2024-01-01T23:47:18Z</time>
      </trkpt>
      <trkpt lat="-37.5823820" lon="-73.6366980">
        <ele>74.2</ele>
        <time>2024-01-01T23:48:15Z</time>
      </trkpt>
      <trkpt lat="-37.5819010" lon="-73.6363340">
        <ele>78.6</ele>
        <time>2024-01-01T23:50:18Z</time>
      </trkpt>
      <trkpt lat="-37.5818880" lon="-73.6365000">
        <ele>79.7</ele>
        <time>2024-01-01T23:50:45Z</time>
      </trkpt>
      <trkpt lat="-37.5821980" lon="-73.6371690">
        <ele>84.0</ele>
        <time>2024-01-01T23:52:36Z</time>
      </trkpt>
      <trkpt lat="-37.5823560" lon="-73.6384530">
        <ele>92.1</ele>
        <time>2024-01-01T23:55:57Z</time>
      </trkpt>
      <trkpt lat="-37.5822360" lon="-73.6387850">
        <ele>94.3</ele>
        <time>2024-01-01T23:57:00Z</time>
      </trkpt>
      <trkpt lat="-37.5819080" lon="-73.6389780">
        <ele>97.0</ele>
        <time>2024-01-01T23:58:00Z</time>
      </trkpt>
      <trkpt lat="-37.5803800" lon="-73.6391630">
        <ele>98.0</ele>
        <time>2024-01-01T23:59:15Z</time>
      </trkpt>
      <trkpt lat="-37.5799220" lon="-73.6390830">
        <ele>94.4</ele>
        <time>2024-01-01T23:59:39Z</time>
      </trkpt>
      <trkpt lat="-37.5792120" lon="-73.6387010">
        <ele>88.0</ele>
        <time>2024-01-02T00:00:06Z</time>
      </trkpt>
      <trkpt lat="-37.5780750" lon="-73.6386790">
        <ele>78.8</ele>
        <time>2024-01-02T00:00:48Z</time>
      </trkpt>
      <trkpt lat="-37.5780260" lon="-73.6387750">
        <ele>78.0</ele>
        <time>2024-01-02T00:00:54Z</time>
      </trkpt>
      <trkpt lat="-37.5781090" lon="-73.6389070">
        <ele>76.6</ele>
        <time>2024-01-02T00:01:00Z</time>
      </trkpt>
      <trkpt lat="-37.5788070" lon="-73.6391830">
        <ele>70.2</ele>
        <time>2024-01-02T00:01:30Z</time>
      </trkpt>
      <trkpt lat="-37.5796760" lon="-73.6398930">
        <ele>61.6</ele>
        <time>2024-01-02T00:02:06Z</time>
      </trkpt>
      <trkpt lat="-37.5797630" lon="-73.6414720">
        <ele>51.7</ele>
        <time>2024-01-02T00:03:00Z</time>
      </trkpt>
      <trkpt lat="-37.5797270" lon="-73.6416020">
        <ele>50.9</ele>
        <time>2024-01-02T00:03:06Z</time>
      </trkpt>
      <trkpt lat="-37.5794610" lon="-73.6418070">
        <ele>48.8</ele>
        <time>2024-01-02T00:03:21Z</time>
      </trkpt>
      <trkpt lat="-37.5792610" lon="-73.6417450">
        <ele>47.4</ele>
        <time>2024-01-02T00:03:33Z</time>
      </trkpt>
      <trkpt lat="-37.5790870" lon="-73.6415030">
        <ele>45.2</ele>
        <time>2024-01-02T00:03:45Z</time>
      </trkpt>
      <trkpt lat="-37.5790530" lon="-73.6405440">
        <ele>38.8</ele>
        <time>2024-01-02T00:04:12Z</time>
      </trkpt>
      <trkpt lat="-37.5786530" lon="-73.6401840">
        <ele>34.5</ele>
        <time>2024-01-02T00:04:30Z</time>
      </trkpt>
      <trkpt lat="-37.5785050" lon="-73.6401990">
        <ele>33.1</ele>
        <time>2024-01-02T00:04:42Z</time>
      </trkpt>
      <trkpt lat="-37.5786680" lon="-73.6406780">
        <ele>30.3</ele>
        <time>2024-01-02T00:05:09Z</time>
      </trkpt>
      <trkpt lat="-37.5787590" lon="-73.6413040">
        <ele>26.7</ele>
        <time>2024-01-02T00:05:39Z</time>
      </trkpt>
      <trkpt lat="-37.5795750" lon="-73.6427100">
        <ele>23.8</ele>
        <time>2024-01-02T00:06:39Z</time>
      </trkpt>
      <trkpt lat="-37.5797140" lon="-73.6425030">
        <ele>21.7</ele>
        <time>2024-01-02T00:07:24Z</time>
      </trkpt>
      <trkpt lat="-37.5803330" lon="-73.6425160">
        <ele>16.0</ele>
        <time>2024-01-02T00:08:12Z</time>
      </trkpt>
      <trkpt lat="-37.5805840" lon="-73.6424750">
        <ele>13.9</ele>
        <time>2024-01-02T00:08:36Z</time>
      </trkpt>
      <trkpt lat="-37.5807920" lon="-73.6423190">
        <ele>11.7</ele>
        <time>2024-01-02T00:09:03Z</time>
      </trkpt>
      <trkpt lat="-37.5813190" lon="-73.6423740">
        <ele>14.0</ele>
        <time>2024-01-02T00:10:06Z</time>
      </trkpt>
      <trkpt lat="-37.5818310" lon="-73.6422400">
        <ele>17.4</ele>
        <time>2024-01-02T00:10:57Z</time>
      </trkpt>
      <trkpt lat="-37.5833850" lon="-73.6415740">
        <ele>27.9</ele>
        <time>2024-01-02T00:13:27Z</time>
      </trkpt>
      <trkpt lat="-37.5839990" lon="-73.6411200">
        <ele>32.3</ele>
        <time>2024-01-02T00:14:51Z</time>
      </trkpt>
      <trkpt lat="-37.6926597" lon="-73.3571088">
        <ele>32.8</ele>
        <time>2024-01-02T00:15:03Z</time>
      </trkpt>
      <trkpt lat="-37.6925282" lon="-73.3576634">
        <ele>33.3</ele>
        <time>2024-01-02T00:15:06Z</time>
      </trkpt>
      <trkpt lat="-37.6920488" lon="-73.3593481">
        <ele>33.8</ele>
        <time>2024-01-02T00:15:09Z</time>
      </trkpt>
      <trkpt lat="-37.6917654" lon="-73.3600680">
        <ele>34.3</ele>
        <time>2024-01-02T00:15:12Z</time>
      </trkpt>
      <trkpt lat="-37.6911547" lon="-73.3610267">
        <ele>34.8</ele>
        <time>2024-01-02T00:15:15Z</time>
      </trkpt>
      <trkpt lat="-37.6912989" lon="-73.3604067">
        <ele>37.3</ele>
        <time>2024-01-02T00:16:06Z</time>
      </trkpt>
      <trkpt lat="-37.6913376" lon="-73.3598135">
        <ele>40.3</ele>
        <time>2024-01-02T00:17:09Z</time>
      </trkpt>
      <trkpt lat="-37.6912434" lon="-73.3585002">
        <ele>47.2</ele>
        <time>2024-01-02T00:19:24Z</time>
      </trkpt>
      <trkpt lat="-37.6910689" lon="-73.3575554">
        <ele>52.7</ele>
        <time>2024-01-02T00:20:54Z</time>
      </trkpt>
      <trkpt lat="-37.6905572" lon="-73.3568355">
        <ele>57.1</ele>
        <time>2024-01-02T00:22:09Z</time>
      </trkpt>
      <trkpt lat="-37.6905295" lon="-73.3549568">
        <ele>64.1</ele>
        <time>2024-01-02T00:23:57Z</time>
      </trkpt>
      <trkpt lat="-37.6900974" lon="-73.3535551">
        <ele>72.0</ele>
        <time>2024-01-02T00:25:57Z</time>
      </trkpt>
      <trkpt lat="-37.6900427" lon="-73.3522207">
        <ele>72.5</ele>
        <time>2024-01-02T00:26:03Z</time>
      </trkpt>
      <trkpt lat="-37.6901216" lon="-73.3517967">
        <ele>74.5</ele>
        <time>2024-01-02T00:26:24Z</time>
      </trkpt>
      <trkpt lat="-37.6900431" lon="-73.3508368">
        <ele>78.1</ele>
        <time>2024-01-02T00:27:36Z</time>
      </trkpt>
      <trkpt lat="-37.6903027" lon="-73.3492088">
        <ele>84.1</ele>
        <time>2024-01-02T00:29:33Z</time>
      </trkpt>
      <trkpt lat="-37.6902864" lon="-73.3485867">
        <ele>86.2</ele>
        <time>2024-01-02T00:30:15Z</time>
      </trkpt>
      <trkpt lat="-37.6906811" lon="-73.3447257">
        <ele>86.5</ele>
        <time>2024-01-02T00:30:24Z</time>
      </trkpt>
      <trkpt lat="-37.6905809" lon="-73.3440167">
        <ele>89.0</ele>
        <time>2024-01-02T00:31:15Z</time>
      </trkpt>
      <trkpt lat="-37.6901767" lon="-73.3434281">
        <ele>91.4</ele>
        <time>2024-01-02T00:32:06Z</time>
      </trkpt>
      <trkpt lat="-37.6900034" lon="-73.3427683">
        <ele>93.8</ele>
        <time>2024-01-02T00:32:48Z</time>
      </trkpt>
      <trkpt lat="-37.6900262" lon="-73.3422721">
        <ele>95.6</ele>
        <time>2024-01-02T00:33:24Z</time>
      </trkpt>
      <trkpt lat="-37.6901997" lon="-73.3415251">
        <ele>98.0</ele>
        <time>2024-01-02T00:34:15Z</time>
      </trkpt>
      <trkpt lat="-37.6899454" lon="-73.3401661">
        <ele>101.2</ele>
        <time>2024-01-02T00:35:15Z</time>
      </trkpt>
      <trkpt lat="-37.6899377" lon="-73.3385909">
        <ele>106.4</ele>
        <time>2024-01-02T00:37:00Z</time>
      </trkpt>
      <trkpt lat="-37.6901129" lon="-73.3375400">
        <ele>109.5</ele>
        <time>2024-01-02T00:37:57Z</time>
      </trkpt>
      <trkpt lat="-37.6897765" lon="-73.3349738">
        <ele>117.9</ele>
        <time>2024-01-02T00:40:03Z</time>
      </trkpt>
      <trkpt lat="-37.6895403" lon="-73.3338604">
        <ele>118.6</ele>
        <time>2024-01-02T00:40:12Z</time>
      </trkpt>
      <trkpt lat="-37.6887822" lon="-73.3323789">
        <ele>121.8</ele>
        <time>2024-01-02T00:41:51Z</time>
      </trkpt>
      <trkpt lat="-37.6885887" lon="-73.3315663">
        <ele>122.9</ele>
        <time>2024-01-02T00:42:39Z</time>
      </trkpt>
      <trkpt lat="-37.6887223" lon="-73.3312588">
        <ele>123.5</ele>
        <time>2024-01-02T00:43:00Z</time>
      </trkpt>
      <trkpt lat="-37.6890788" lon="-73.3309061">
        <ele>124.2</ele>
        <time>2024-01-02T00:43:36Z</time>
      </trkpt>
      <trkpt lat="-37.6903735" lon="-73.3299128">
        <ele>126.7</ele>
        <time>2024-01-02T00:45:42Z</time>
      </trkpt>
      <trkpt lat="-37.6904196" lon="-73.3296926">
        <ele>127.0</ele>
        <time>2024-01-02T00:45:57Z</time>
      </trkpt>
      <trkpt lat="-37.6903929" lon="-73.3292011">
        <ele>127.7</ele>
        <time>2024-01-02T00:46:27Z</time>
      </trkpt>
      <trkpt lat="-37.6901683" lon="-73.3286864">
        <ele>128.5</ele>
        <time>2024-01-02T00:46:57Z</time>
      </trkpt>
      <trkpt lat="-37.6894670" lon="-73.3282564">
        <ele>129.2</ele>
        <time>2024-01-02T00:47:30Z</time>
      </trkpt>
      <trkpt lat="-37.6891839" lon="-73.3278206">
        <ele>129.9</ele>
        <time>2024-01-02T00:47:54Z</time>
      </trkpt>
      <trkpt lat="-37.6884924" lon="-73.3256004">
        <ele>132.8</ele>
        <time>2024-01-02T00:49:39Z</time>
      </trkpt>
      <trkpt lat="-37.6886334" lon="-73.3251878">
        <ele>133.4</ele>
        <time>2024-01-02T00:50:03Z</time>
      </trkpt>
      <trkpt lat="-37.6888624" lon="-73.3250579">
        <ele>133.8</ele>
        <time>2024-01-02T00:50:21Z</time>
      </trkpt>
      <trkpt lat="-37.6897496" lon="-73.3241961">
        <ele>135.6</ele>
        <time>2024-01-02T00:51:30Z</time>
      </trkpt>
      <trkpt lat="-37.6899526" lon="-73.3236725">
        <ele>136.3</ele>
        <time>2024-01-02T00:52:00Z</time>
      </trkpt>
      <trkpt lat="-37.6895937" lon="-73.3227913">
        <ele>137.4</ele>
        <time>2024-01-02T00:52:48Z</time>
      </trkpt>
      <trkpt lat="-37.6895274" lon="-73.3219409">
        <ele>138.5</ele>
        <time>2024-01-02T00:53:24Z</time>
      </trkpt>
      <trkpt lat="-37.6900898" lon="-73.3195814">
        <ele>141.6</ele>
        <time>2024-01-02T00:54:51Z</time>
      </trkpt>
      <trkpt lat="-37.6898284" lon="-73.3182463">
        <ele>143.5</ele>
        <time>2024-01-02T00:56:27Z</time>
      </trkpt>
      <trkpt lat="-37.6900086" lon="-73.3175423">
        <ele>144.0</ele>
        <time>2024-01-02T00:56:48Z</time>
      </trkpt>
      <trkpt lat="-37.6899915" lon="-73.3163530">
        <ele>145.8</ele>
        <time>2024-01-02T00:58:06Z</time>
      </trkpt>
      <trkpt lat="-37.6898568" lon="-73.3159547">
        <ele>146.5</ele>
        <time>2024-01-02T00:58:36Z</time>
      </trkpt>
      <trkpt lat="-37.6897871" lon="-73.3159514">
        <ele>146.6</ele>
        <time>2024-01-02T00:58:45Z</time>
      </trkpt>
      <trkpt lat="-37.6896453" lon="-73.3160191">
        <ele>147.0</ele>
        <time>2024-01-02T00:59:03Z</time>
      </trkpt>
      <trkpt lat="-37.6893632" lon="-73.3164639">
        <ele>147.9</ele>
        <time>2024-01-02T00:59:48Z</time>
      </trkpt>
      <trkpt lat="-37.6890757" lon="-73.3164579">
        <ele>148.6</ele>
        <time>2024-01-02T01:00:12Z</time>
      </trkpt>
      <trkpt lat="-37.6888155" lon="-73.3161991">
        <ele>149.2</ele>
        <time>2024-01-02T01:00:39Z</time>
      </trkpt>
      <trkpt lat="-37.6885234" lon="-73.3157001">
        <ele>150.0</ele>
        <time>2024-01-02T01:01:18Z</time>
      </trkpt>
      <trkpt lat="-37.6882909" lon="-73.3145353">
        <ele>151.2</ele>
        <time>2024-01-02T01:02:12Z</time>
      </trkpt>
      <trkpt lat="-37.6877296" lon="-73.3130385">
        <ele>153.6</ele>
        <time>2024-01-02T01:04:06Z</time>
      </trkpt>
      <trkpt lat="-37.6877040" lon="-73.3125260">
        <ele>154.4</ele>
        <time>2024-01-02T01:04:45Z</time>
      </trkpt>
      <trkpt lat="-37.6877805" lon="-73.3120218">
        <ele>155.3</ele>
        <time>2024-01-02T01:05:18Z</time>
      </trkpt>
      <trkpt lat="-37.6876893" lon="-73.3111418">
        <ele>156.6</ele>
        <time>2024-01-02T01:06:18Z</time>
      </trkpt>
      <trkpt lat="-37.6872145" lon="-73.3089435">
        <ele>159.4</ele>
        <time>2024-01-02T01:08:42Z</time>
      </trkpt>
      <trkpt lat="-37.6869459" lon="-73.3084282">
        <ele>159.7</ele>
        <time>2024-01-02T01:09:18Z</time>
      </trkpt>
      <trkpt lat="-37.6851195" lon="-73.3058235">
        <ele>159.8</ele>
        <time>2024-01-02T01:09:21Z</time>
      </trkpt>
      <trkpt lat="-37.6839292" lon="-73.3049235">
        <ele>160.4</ele>
        <time>2024-01-02T01:10:03Z</time>
      </trkpt>
      <trkpt lat="-37.6824706" lon="-73.3043652">
        <ele>160.9</ele>
        <time>2024-01-02T01:10:45Z</time>
      </trkpt>
      <trkpt lat="-37.6823040" lon="-73.3044089">
        <ele>161.0</ele>
        <time>2024-01-02T01:10:57Z</time>
      </trkpt>
      <trkpt lat="-37.6817339" lon="-73.3050944">
        <ele>161.5</ele>
        <time>2024-01-02T01:11:42Z</time>
      </trkpt>
      <trkpt lat="-37.6814851" lon="-73.3051152">
        <ele>161.7</ele>
        <time>2024-01-02T01:12:00Z</time>
      </trkpt>
      <trkpt lat="-37.6811493" lon="-73.3049224">
        <ele>162.0</ele>
        <time>2024-01-02T01:12:18Z</time>
      </trkpt>
      <trkpt lat="-37.6809814" lon="-73.3046633">
        <ele>162.2</ele>
        <time>2024-01-02T01:12:30Z</time>
      </trkpt>
      <trkpt lat="-37.6808918" lon="-73.3042140">
        <ele>162.4</ele>
        <time>2024-01-02T01:12:48Z</time>
      </trkpt>
      <trkpt lat="-37.6808603" lon="-73.3038095">
        <ele>162.6</ele>
        <time>2024-01-02T01:13:03Z</time>
      </trkpt>
      <trkpt lat="-37.6810106" lon="-73.3025317">
        <ele>163.3</ele>
        <time>2024-01-02T01:14:00Z</time>
      </trkpt>
      <trkpt lat="-37.6809418" lon="-73.3003234">
        <ele>164.3</ele>
        <time>2024-01-02T01:15:21Z</time>
      </trkpt>
      <trkpt lat="-37.6811263" lon="-73.2991984">
        <ele>164.9</ele>
        <time>2024-01-02T01:16:03Z</time>
      </trkpt>
      <trkpt lat="-37.6811237" lon="-73.2984992">
        <ele>165.1</ele>
        <time>2024-01-02T01:16:21Z</time>
      </trkpt>
      <trkpt lat="-37.6810293" lon="-73.2982568">
        <ele>165.3</ele>
        <time>2024-01-02T01:16:36Z</time>
      </trkpt>
      <trkpt lat="-37.6811043" lon="-73.2977713">
        <ele>165.6</ele>
        <time>2024-01-02T01:17:06Z</time>
      </trkpt>
      <trkpt lat="-37.6809415" lon="-73.2969064">
        <ele>166.1</ele>
        <time>2024-01-02T01:17:51Z</time>
      </trkpt>
      <trkpt lat="-37.6811795" lon="-73.2962990">
        <ele>166.4</ele>
        <time>2024-01-02T01:18:24Z</time>
      </trkpt>
      <trkpt lat="-37.6813759" lon="-73.2950878">
        <ele>166.3</ele>
        <time>2024-01-02T01:19:30Z</time>
      </trkpt>
      <trkpt lat="-37.6813358" lon="-73.2947493">
        <ele>165.7</ele>
        <time>2024-01-02T01:19:48Z</time>
      </trkpt>
      <trkpt lat="-37.6808796" lon="-73.2941171">
        <ele>164.1</ele>
        <time>2024-01-02T01:20:27Z</time>
      </trkpt>
      <trkpt lat="-37.6807975" lon="-73.2938276">
        <ele>163.4</ele>
        <time>2024-01-02T01:20:39Z</time>
      </trkpt>
      <trkpt lat="-37.6807681" lon="-73.2932561">
        <ele>162.3</ele>
        <time>2024-01-02T01:21:06Z</time>
      </trkpt>
      <trkpt lat="-37.6809570" lon="-73.2924845">
        <ele>160.7</ele>
        <time>2024-01-02T01:21:51Z</time>
      </trkpt>
      <trkpt lat="-37.6810457" lon="-73.2913067">
        <ele>160.5</ele>
        <time>2024-01-02T01:21:57Z</time>
      </trkpt>
      <trkpt lat="-37.6809345" lon="-73.2899364">
        <ele>158.2</ele>
        <time>2024-01-02T01:22:30Z</time>
      </trkpt>
      <trkpt lat="-37.6810857" lon="-73.2894298">
        <ele>157.1</ele>
        <time>2024-01-02T01:22:45Z</time>
      </trkpt>
      <trkpt lat="-37.6814134" lon="-73.2888843">
        <ele>155.8</ele>
        <time>2024-01-02T01:23:03Z</time>
      </trkpt>
      <trkpt lat="-37.6816232" lon="-73.2879793">
        <ele>154.2</ele>
        <time>2024-01-02T01:23:30Z</time>
      </trkpt>
      <trkpt lat="-37.6817056" lon="-73.2872756">
        <ele>152.8</ele>
        <time>2024-01-02T01:23:48Z</time>
      </trkpt>
      <trkpt lat="-37.6815415" lon="-73.2859055">
        <ele>150.1</ele>
        <time>2024-01-02T01:24:24Z</time>
      </trkpt>
      <trkpt lat="-37.6815820" lon="-73.2855707">
        <ele>149.7</ele>
        <time>2024-01-02T01:24:33Z</time>
      </trkpt>
      <trkpt lat="-37.6820131" lon="-73.2844891">
        <ele>147.7</ele>
        <time>2024-01-02T01:25:06Z</time>
      </trkpt>
      <trkpt lat="-37.6822761" lon="-73.2841687">
        <ele>147.2</ele>
        <time>2024-01-02T01:25:12Z</time>
      </trkpt>
      <trkpt lat="-37.6825223" lon="-73.2836239">
        <ele>146.1</ele>
        <time>2024-01-02T01:25:27Z</time>
      </trkpt>
      <trkpt lat="-37.6828556" lon="-73.2827476">
        <ele>145.0</ele>
        <time>2024-01-02T01:25:48Z</time>
      </trkpt>
      <trkpt lat="-37.6829709" lon="-73.2821120">
        <ele>144.1</ele>
        <time>2024-01-02T01:26:03Z</time>
      </trkpt>
      <trkpt lat="-37.6829122" lon="-73.2813307">
        <ele>142.9</ele>
        <time>2024-01-02T01:26:24Z</time>
      </trkpt>
      <trkpt lat="-37.6823948" lon="-73.2799264">
        <ele>140.7</ele>
        <time>2024-01-02T01:26:54Z</time>
      </trkpt>
      <trkpt lat="-37.6813889" lon="-73.2765084">
        <ele>144.3</ele>
        <time>2024-01-02T01:28:12Z</time>
      </trkpt>
      <trkpt lat="-37.6805546" lon="-73.2731770">
        <ele>154.1</ele>
        <time>2024-01-02T01:29:15Z</time>
      </trkpt>
      <trkpt lat="-37.6803669" lon="-73.2716654">
        <ele>156.6</ele>
        <time>2024-01-02T01:29:36Z</time>
      </trkpt>
      <trkpt lat="-37.6805065" lon="-73.2706326">
        <ele>160.5</ele>
        <time>2024-01-02T01:30:12Z</time>
      </trkpt>
      <trkpt lat="-37.6801508" lon="-73.2687132">
        <ele>167.3</ele>
        <time>2024-01-02T01:31:18Z</time>
      </trkpt>
      <trkpt lat="-37.6801958" lon="-73.2671638">
        <ele>174.1</ele>
        <time>2024-01-02T01:32:06Z</time>
      </trkpt>
      <trkpt lat="-37.6806945" lon="-73.2665291">
        <ele>177.6</ele>
        <time>2024-01-02T01:32:36Z</time>
      </trkpt>
      <trkpt lat="-37.6808311" lon="-73.2660635">
        <ele>180.0</ele>
        <time>2024-01-02T01:32:57Z</time>
      </trkpt>
      <trkpt lat="-37.6804843" lon="-73.2650264">
        <ele>184.4</ele>
        <time>2024-01-02T01:33:30Z</time>
      </trkpt>
      <trkpt lat="-37.6804454" lon="-73.2646665">
        <ele>185.9</ele>
        <time>2024-01-02T01:33:42Z</time>
      </trkpt>
      <trkpt lat="-37.6807576" lon="-73.2628181">
        <ele>192.7</ele>
        <time>2024-01-02T01:34:39Z</time>
      </trkpt>
      <trkpt lat="-37.6815277" lon="-73.2612037">
        <ele>199.5</ele>
        <time>2024-01-02T01:35:51Z</time>
      </trkpt>
      <trkpt lat="-37.6815768" lon="-73.2609084">
        <ele>201.0</ele>
        <time>2024-01-02T01:36:09Z</time>
      </trkpt>
      <trkpt lat="-37.6814620" lon="-73.2597777">
        <ele>212.4</ele>
        <time>2024-01-02T01:37:06Z</time>
      </trkpt>
      <trkpt lat="-37.6826051" lon="-73.2578318">
        <ele>237.5</ele>
        <time>2024-01-02T01:39:09Z</time>
      </trkpt>
      <trkpt lat="-37.6828644" lon="-73.2571270">
        <ele>245.4</ele>
        <time>2024-01-02T01:39:51Z</time>
      </trkpt>
      <trkpt lat="-37.6828966" lon="-73.2566225">
        <ele>250.0</ele>
        <time>2024-01-02T01:40:12Z</time>
      </trkpt>
      <trkpt lat="-37.6824014" lon="-73.2553742">
        <ele>261.4</ele>
        <time>2024-01-02T01:41:09Z</time>
      </trkpt>
      <trkpt lat="-37.6818527" lon="-73.2546153">
        <ele>263.7</ele>
        <time>2024-01-02T01:41:21Z</time>
      </trkpt>
      <trkpt lat="-37.6811749" lon="-73.2539629">
        <ele>271.7</ele>
        <time>2024-01-02T01:42:03Z</time>
      </trkpt>
      <trkpt lat="-37.6807988" lon="-73.2534180">
        <ele>279.6</ele>
        <time>2024-01-02T01:42:45Z</time>
      </trkpt>
      <trkpt lat="-37.6804933" lon="-73.2518991">
        <ele>294.4</ele>
        <time>2024-01-02T01:44:03Z</time>
      </trkpt>
      <trkpt lat="-37.6802404" lon="-73.2514704">
        <ele>299.0</ele>
        <time>2024-01-02T01:44:27Z</time>
      </trkpt>
      <trkpt lat="-37.6797832" lon="-73.2509980">
        <ele>307.0</ele>
        <time>2024-01-02T01:45:03Z</time>
      </trkpt>
      <trkpt lat="-37.6795655" lon="-73.2506567">
        <ele>310.4</ele>
        <time>2024-01-02T01:45:21Z</time>
      </trkpt>
      <trkpt lat="-37.6791988" lon="-73.2493856">
        <ele>321.8</ele>
        <time>2024-01-02T01:46:21Z</time>
      </trkpt>
      <trkpt lat="-37.6797643" lon="-73.2466589">
        <ele>348.5</ele>
        <time>2024-01-02T01:49:18Z</time>
      </trkpt>
      <trkpt lat="-37.6805676" lon="-73.2434015">
        <ele>349.3</ele>
        <time>2024-01-02T01:49:57Z</time>
      </trkpt>
      <trkpt lat="-37.6804658" lon="-73.2425888">
        <ele>349.9</ele>
        <time>2024-01-02T01:50:30Z</time>
      </trkpt>
      <trkpt lat="-37.6802305" lon="-73.2417988">
        <ele>350.8</ele>
        <time>2024-01-02T01:51:21Z</time>
      </trkpt>
      <trkpt lat="-37.6804298" lon="-73.2414626">
        <ele>351.3</ele>
        <time>2024-01-02T01:51:51Z</time>
      </trkpt>
      <trkpt lat="-37.6803711" lon="-73.2411468">
        <ele>351.6</ele>
        <time>2024-01-02T01:52:12Z</time>
      </trkpt>
      <trkpt lat="-37.6801434" lon="-73.2412546">
        <ele>352.0</ele>
        <time>2024-01-02T01:52:33Z</time>
      </trkpt>
      <trkpt lat="-37.6799670" lon="-73.2418054">
        <ele>352.7</ele>
        <time>2024-01-02T01:53:15Z</time>
      </trkpt>
      <trkpt lat="-37.6798426" lon="-73.2419521">
        <ele>352.9</ele>
        <time>2024-01-02T01:53:30Z</time>
      </trkpt>
      <trkpt lat="-37.6794647" lon="-73.2416656">
        <ele>353.5</ele>
        <time>2024-01-02T01:54:03Z</time>
      </trkpt>
      <trkpt lat="-37.6797706" lon="-73.2412299">
        <ele>354.2</ele>
        <time>2024-01-02T01:54:45Z</time>
      </trkpt>
      <trkpt lat="-37.6805401" lon="-73.2394928">
        <ele>355.8</ele>
        <time>2024-01-02T01:55:54Z</time>
      </trkpt>
      <trkpt lat="-37.6806063" lon="-73.2385212">
        <ele>356.8</ele>
        <time>2024-01-02T01:56:33Z</time>
      </trkpt>
      <trkpt lat="-37.6808657" lon="-73.2368750">
        <ele>358.5</ele>
        <time>2024-01-02T01:57:42Z</time>
      </trkpt>
      <trkpt lat="-37.6807833" lon="-73.2363875">
        <ele>359.0</ele>
        <time>2024-01-02T01:58:00Z</time>
      </trkpt>
      <trkpt lat="-37.6806980" lon="-73.2361432">
        <ele>359.3</ele>
        <time>2024-01-02T01:58:09Z</time>
      </trkpt>
      <trkpt lat="-37.6805895" lon="-73.2362302">
        <ele>359.4</ele>
        <time>2024-01-02T01:58:18Z</time>
      </trkpt>
      <trkpt lat="-37.6805659" lon="-73.2368074">
        <ele>360.0</ele>
        <time>2024-01-02T01:58:42Z</time>
      </trkpt>
      <trkpt lat="-37.6799425" lon="-73.2389254">
        <ele>361.8</ele>
        <time>2024-01-02T02:00:12Z</time>
      </trkpt>
      <trkpt lat="-37.6797045" lon="-73.2391025">
        <ele>362.2</ele>
        <time>2024-01-02T02:00:27Z</time>
      </trkpt>
      <trkpt lat="-37.6795369" lon="-73.2389333">
        <ele>362.4</ele>
        <time>2024-01-02T02:00:39Z</time>
      </trkpt>
      <trkpt lat="-37.6795316" lon="-73.2388195">
        <ele>362.5</ele>
        <time>2024-01-02T02:00:45Z</time>
      </trkpt>
      <trkpt lat="-37.6798173" lon="-73.2380159">
        <ele>366.5</ele>
        <time>2024-01-02T02:01:18Z</time>
      </trkpt>
      <trkpt lat="-37.6796790" lon="-73.2365302">
        <ele>380.6</ele>
        <time>2024-01-02T02:02:15Z</time>
      </trkpt>
      <trkpt lat="-37.6794921" lon="-73.2358687">
        <ele>387.6</ele>
        <time>2024-01-02T02:02:39Z</time>
      </trkpt>
      <trkpt lat="-37.6792325" lon="-73.2353925">
        <ele>393.4</ele>
        <time>2024-01-02T02:03:00Z</time>
      </trkpt>
      <trkpt lat="-37.6795338" lon="-73.2346999">
        <ele>401.6</ele>
        <time>2024-01-02T02:03:30Z</time>
      </trkpt>
      <trkpt lat="-37.6796409" lon="-73.2341517">
        <ele>407.5</ele>
        <time>2024-01-02T02:03:54Z</time>
      </trkpt>
      <trkpt lat="-37.6795759" lon="-73.2335221">
        <ele>413.3</ele>
        <time>2024-01-02T02:04:15Z</time>
      </trkpt>
      <trkpt lat="-37.6795156" lon="-73.2333556">
        <ele>414.5</ele>
        <time>2024-01-02T02:04:21Z</time>
      </trkpt>
      <trkpt lat="-37.6794219" lon="-73.2333804">
        <ele>415.7</ele>
        <time>2024-01-02T02:04:27Z</time>
      </trkpt>
      <trkpt lat="-37.6793043" lon="-73.2336106">
        <ele>418.0</ele>
        <time>2024-01-02T02:04:36Z</time>
      </trkpt>
      <trkpt lat="-37.6791845" lon="-73.2343372">
        <ele>425.0</ele>
        <time>2024-01-02T02:05:06Z</time>
      </trkpt>
      <trkpt lat="-37.6780655" lon="-73.2354920">
        <ele>441.4</ele>
        <time>2024-01-02T02:06:12Z</time>
      </trkpt>
      <trkpt lat="-37.6780078" lon="-73.2356386">
        <ele>442.6</ele>
        <time>2024-01-02T02:06:18Z</time>
      </trkpt>
      <trkpt lat="-37.6779769" lon="-73.2359135">
        <ele>444.9</ele>
        <time>2024-01-02T02:06:27Z</time>
      </trkpt>
      <trkpt lat="-37.6784401" lon="-73.2365903">
        <ele>453.1</ele>
        <time>2024-01-02T02:06:57Z</time>
      </trkpt>
      <trkpt lat="-37.6785337" lon="-73.2370116">
        <ele>456.6</ele>
        <time>2024-01-02T02:07:12Z</time>
      </trkpt>
      <trkpt lat="-37.6784456" lon="-73.2373960">
        <ele>460.2</ele>
        <time>2024-01-02T02:07:30Z</time>
      </trkpt>
      <trkpt lat="-37.6780674" lon="-73.2377923">
        <ele>466.0</ele>
        <time>2024-01-02T02:07:51Z</time>
      </trkpt>
      <trkpt lat="-37.6773770" lon="-73.2380867">
        <ele>468.3</ele>
        <time>2024-01-02T02:07:57Z</time>
      </trkpt>
      <trkpt lat="-37.6774359" lon="-73.2378090">
        <ele>471.9</ele>
        <time>2024-01-02T02:08:30Z</time>
      </trkpt>
      <trkpt lat="-37.6777713" lon="-73.2372392">
        <ele>480.1</ele>
        <time>2024-01-02T02:09:42Z</time>
      </trkpt>
      <trkpt lat="-37.6777502" lon="-73.2369440">
        <ele>483.6</ele>
        <time>2024-01-02T02:10:09Z</time>
      </trkpt>
      <trkpt lat="-37.6776680" lon="-73.2367962">
        <ele>485.9</ele>
        <time>2024-01-02T02:10:24Z</time>
      </trkpt>
      <trkpt lat="-37.6775956" lon="-73.2368140">
        <ele>487.1</ele>
        <time>2024-01-02T02:10:33Z</time>
      </trkpt>
      <trkpt lat="-37.6767473" lon="-73.2373752">
        <ele>502.3</ele>
        <time>2024-01-02T02:12:24Z</time>
      </trkpt>
      <trkpt lat="-37.6762392" lon="-73.2382979">
        <ele>515.6</ele>
        <time>2024-01-02T02:14:30Z</time>
      </trkpt>
      <trkpt lat="-37.6760435" lon="-73.2384307">
        <ele>518.0</ele>
        <time>2024-01-02T02:14:57Z</time>
      </trkpt>
      <trkpt lat="-37.6759063" lon="-73.2384046">
        <ele>519.6</ele>
        <time>2024-01-02T02:15:15Z</time>
      </trkpt>
      <trkpt lat="-37.6758587" lon="-73.2382331">
        <ele>521.2</ele>
        <time>2024-01-02T02:15:36Z</time>
      </trkpt>
      <trkpt lat="-37.6760737" lon="-73.2377346">
        <ele>526.0</ele>
        <time>2024-01-02T02:16:33Z</time>
      </trkpt>
      <trkpt lat="-37.6760619" lon="-73.2372462">
        <ele>530.0</ele>
        <time>2024-01-02T02:17:33Z</time>
      </trkpt>
      <trkpt lat="-37.6764985" lon="-73.2365513">
        <ele>538.0</ele>
        <time>2024-01-02T02:19:33Z</time>
      </trkpt>
      <trkpt lat="-37.6764396" lon="-73.2362151">
        <ele>541.1</ele>
        <time>2024-01-02T02:20:18Z</time>
      </trkpt>
      <trkpt lat="-37.6760571" lon="-73.2366053">
        <ele>546.7</ele>
        <time>2024-01-02T02:21:48Z</time>
      </trkpt>
      <trkpt lat="-37.6757783" lon="-73.2367099">
        <ele>549.9</ele>
        <time>2024-01-02T02:22:36Z</time>
      </trkpt>
      <trkpt lat="-37.6756045" lon="-73.2373236">
        <ele>555.5</ele>
        <time>2024-01-02T02:24:06Z</time>
      </trkpt>
      <trkpt lat="-37.6750894" lon="-73.2379265">
        <ele>560.3</ele>
        <time>2024-01-02T02:25:15Z</time>
      </trkpt>
      <trkpt lat="-37.6747424" lon="-73.2385519">
        <ele>566.7</ele>
        <time>2024-01-02T02:26:39Z</time>
      </trkpt>
      <trkpt lat="-37.6739796" lon="-73.2389777">
        <ele>575.5</ele>
        <time>2024-01-02T02:28:30Z</time>
      </trkpt>
      <trkpt lat="-37.6735184" lon="-73.2401443">
        <ele>585.1</ele>
        <time>2024-01-02T02:30:18Z</time>
      </trkpt>
      <trkpt lat="-37.6733076" lon="-73.2404241">
        <ele>588.3</ele>
        <time>2024-01-02T02:31:03Z</time>
      </trkpt>
      <trkpt lat="-37.6731802" lon="-73.2403763">
        <ele>589.9</ele>
        <time>2024-01-02T02:31:24Z</time>
      </trkpt>
      <trkpt lat="-37.6727673" lon="-73.2399148">
        <ele>595.4</ele>
        <time>2024-01-02T02:32:33Z</time>
      </trkpt>
      <trkpt lat="-37.6718578" lon="-73.2394872">
        <ele>602.6</ele>
        <time>2024-01-02T02:34:00Z</time>
      </trkpt>
      <trkpt lat="-37.6716701" lon="-73.2393001">
        <ele>605.0</ele>
        <time>2024-01-02T02:34:24Z</time>
      </trkpt>
      <trkpt lat="-37.6713548" lon="-73.2382166">
        <ele>612.2</ele>
        <time>2024-01-02T02:35:42Z</time>
      </trkpt>
      <trkpt lat="-37.6715166" lon="-73.2380182">
        <ele>614.6</ele>
        <time>2024-01-02T02:36:21Z</time>
      </trkpt>
      <trkpt lat="-37.6718959" lon="-73.2381475">
        <ele>619.1</ele>
        <time>2024-01-02T02:37:15Z</time>
      </trkpt>
      <trkpt lat="-37.6721241" lon="-73.2381111">
        <ele>622.3</ele>
        <time>2024-01-02T02:37:45Z</time>
      </trkpt>
      <trkpt lat="-37.6724353" lon="-73.2377781">
        <ele>628.7</ele>
        <time>2024-01-02T02:38:45Z</time>
      </trkpt>
      <trkpt lat="-37.6725962" lon="-73.2373913">
        <ele>634.0</ele>
        <time>2024-01-02T02:39:33Z</time>
      </trkpt>
      <trkpt lat="-37.6726374" lon="-73.2370138">
        <ele>638.2</ele>
        <time>2024-01-02T02:40:21Z</time>
      </trkpt>
      <trkpt lat="-37.6725282" lon="-73.2367986">
        <ele>641.4</ele>
        <time>2024-01-02T02:40:51Z</time>
      </trkpt>
      <trkpt lat="-37.6721364" lon="-73.2365229">
        <ele>647.8</ele>
        <time>2024-01-02T02:41:51Z</time>
      </trkpt>
      <trkpt lat="-37.6722135" lon="-73.2363733">
        <ele>649.9</ele>
        <time>2024-01-02T02:42:15Z</time>
      </trkpt>
      <trkpt lat="-37.6726713" lon="-73.2360320">
        <ele>658.4</ele>
        <time>2024-01-02T02:43:39Z</time>
      </trkpt>
      <trkpt lat="-37.6728874" lon="-73.2354907">
        <ele>665.9</ele>
        <time>2024-01-02T02:44:57Z</time>
      </trkpt>
      <trkpt lat="-37.6727977" lon="-73.2354127">
        <ele>668.0</ele>
        <time>2024-01-02T02:45:27Z</time>
      </trkpt>
      <trkpt lat="-37.6720695" lon="-73.2357706">
        <ele>679.7</ele>
        <time>2024-01-02T02:47:48Z</time>
      </trkpt>
      <trkpt lat="-37.6718496" lon="-73.2356341">
        <ele>682.8</ele>
        <time>2024-01-02T02:48:24Z</time>
      </trkpt>
      <trkpt lat="-37.6716795" lon="-73.2353169">
        <ele>687.1</ele>
        <time>2024-01-02T02:49:12Z</time>
      </trkpt>
      <trkpt lat="-37.6712548" lon="-73.2353399">
        <ele>693.5</ele>
        <time>2024-01-02T02:50:24Z</time>
      </trkpt>
      <trkpt lat="-37.6710415" lon="-73.2352440">
        <ele>696.7</ele>
        <time>2024-01-02T02:50:57Z</time>
      </trkpt>
      <trkpt lat="-37.6708462" lon="-73.2349469">
        <ele>700.9</ele>
        <time>2024-01-02T02:51:42Z</time>
      </trkpt>
      <trkpt lat="-37.6707262" lon="-73.2344691">
        <ele>704.1</ele>
        <time>2024-01-02T02:52:09Z</time>
      </trkpt>
      <trkpt lat="-37.6707635" lon="-73.2338251">
        <ele>711.5</ele>
        <time>2024-01-02T02:53:24Z</time>
      </trkpt>
      <trkpt lat="-37.6704409" lon="-73.2323703">
        <ele>728.5</ele>
        <time>2024-01-02T02:55:30Z</time>
      </trkpt>
      <trkpt lat="-37.6696942" lon="-73.2326803">
        <ele>739.1</ele>
        <time>2024-01-02T02:56:54Z</time>
      </trkpt>
      <trkpt lat="-37.6689948" lon="-73.2327070">
        <ele>748.7</ele>
        <time>2024-01-02T02:58:06Z</time>
      </trkpt>
      <trkpt lat="-37.6685484" lon="-73.2325832">
        <ele>754.0</ele>
        <time>2024-01-02T02:58:42Z</time>
      </trkpt>
      <trkpt lat="-37.6680641" lon="-73.2319354">
        <ele>759.5</ele>
        <time>2024-01-02T02:59:48Z</time>
      </trkpt>
      <trkpt lat="-37.6677462" lon="-73.2318336">
        <ele>762.0</ele>
        <time>2024-01-02T03:00:21Z</time>
      </trkpt>
      <trkpt lat="-37.6674845" lon="-73.2314524">
        <ele>765.0</ele>
        <time>2024-01-02T03:00:57Z</time>
      </trkpt>
      <trkpt lat="-37.6674054" lon="-73.2311794">
        <ele>766.9</ele>
        <time>2024-01-02T03:01:21Z</time>
      </trkpt>
      <trkpt lat="-37.6674409" lon="-73.2309711">
        <ele>768.1</ele>
        <time>2024-01-02T03:01:39Z</time>
      </trkpt>
      <trkpt lat="-37.6680260" lon="-73.2299817">
        <ele>775.4</ele>
        <time>2024-01-02T03:03:09Z</time>
      </trkpt>
      <trkpt lat="-37.6682008" lon="-73.2292512">
        <ele>779.7</ele>
        <time>2024-01-02T03:04:00Z</time>
      </trkpt>
      <trkpt lat="-37.6684402" lon="-73.2290037">
        <ele>782.2</ele>
        <time>2024-01-02T03:04:36Z</time>
      </trkpt>
      <trkpt lat="-37.6687548" lon="-73.2288322">
        <ele>784.6</ele>
        <time>2024-01-02T03:05:09Z</time>
      </trkpt>
      <trkpt lat="-37.6688283" lon="-73.2286388">
        <ele>785.8</ele>
        <time>2024-01-02T03:05:27Z</time>
      </trkpt>
      <trkpt lat="-37.6687082" lon="-73.2277533">
        <ele>790.1</ele>
        <time>2024-01-02T03:06:24Z</time>
      </trkpt>
      <trkpt lat="-37.6683327" lon="-73.2270295">
        <ele>795.0</ele>
        <time>2024-01-02T03:07:21Z</time>
      </trkpt>
      <trkpt lat="-37.6684798" lon="-73.2266297">
        <ele>797.5</ele>
        <time>2024-01-02T03:07:51Z</time>
      </trkpt>
      <trkpt lat="-37.6683927" lon="-73.2257015">
        <ele>803.0</ele>
        <time>2024-01-02T03:10:48Z</time>
      </trkpt>
      <trkpt lat="-37.6684297" lon="-73.2253607">
        <ele>805.4</ele>
        <time>2024-01-02T03:12:12Z</time>
      </trkpt>
      <trkpt lat="-37.6681700" lon="-73.2249720">
        <ele>807.9</ele>
        <time>2024-01-02T03:13:21Z</time>
      </trkpt>
      <trkpt lat="-37.6677512" lon="-73.2246985">
        <ele>812.2</ele>
        <time>2024-01-02T03:15:12Z</time>
      </trkpt>
      <trkpt lat="-37.6678401" lon="-73.2231616">
        <ele>823.2</ele>
        <time>2024-01-02T03:20:33Z</time>
      </trkpt>
      <trkpt lat="-37.6677394" lon="-73.2229368">
        <ele>825.0</ele>
        <time>2024-01-02T03:21:27Z</time>
      </trkpt>
      <trkpt lat="-37.6673277" lon="-73.2224023">
        <ele>829.9</ele>
        <time>2024-01-02T03:23:36Z</time>
      </trkpt>
      <trkpt lat="-37.6668482" lon="-73.2218987">
        <ele>837.7</ele>
        <time>2024-01-02T03:26:12Z</time>
      </trkpt>
      <trkpt lat="-37.6665397" lon="-73.2217135">
        <ele>843.5</ele>
        <time>2024-01-02T03:27:12Z</time>
      </trkpt>
      <trkpt lat="-37.6663763" lon="-73.2214312">
        <ele>848.2</ele>
        <time>2024-01-02T03:28:00Z</time>
      </trkpt>
      <trkpt lat="-37.6661708" lon="-73.2213185">
        <ele>850.6</ele>
        <time>2024-01-02T03:28:21Z</time>
      </trkpt>
      <trkpt lat="-37.6657144" lon="-73.2207657">
        <ele>861.1</ele>
        <time>2024-01-02T03:30:06Z</time>
      </trkpt>
      <trkpt lat="-37.6655350" lon="-73.2203736">
        <ele>866.9</ele>
        <time>2024-01-02T03:31:09Z</time>
      </trkpt>
      <trkpt lat="-37.6654548" lon="-73.2196840">
        <ele>875.1</ele>
        <time>2024-01-02T03:32:21Z</time>
      </trkpt>
      <trkpt lat="-37.6653583" lon="-73.2195551">
        <ele>877.5</ele>
        <time>2024-01-02T03:32:39Z</time>
      </trkpt>
      <trkpt lat="-37.6649858" lon="-73.2194046">
        <ele>883.3</ele>
        <time>2024-01-02T03:33:30Z</time>
      </trkpt>
      <trkpt lat="-37.6648796" lon="-73.2192590">
        <ele>885.7</ele>
        <time>2024-01-02T03:33:51Z</time>
      </trkpt>
      <trkpt lat="-37.6650159" lon="-73.2187946">
        <ele>891.5</ele>
        <time>2024-01-02T03:34:42Z</time>
      </trkpt>
      <trkpt lat="-37.6657350" lon="-73.2180255">
        <ele>906.7</ele>
        <time>2024-01-02T03:37:12Z</time>
      </trkpt>
      <trkpt lat="-37.6662825" lon="-73.2176545">
        <ele>916.1</ele>
        <time>2024-01-02T03:38:45Z</time>
      </trkpt>
      <trkpt lat="-37.6664106" lon="-73.2170673">
        <ele>924.3</ele>
        <time>2024-01-02T03:40:03Z</time>
      </trkpt>
      <trkpt lat="-37.6663289" lon="-73.2164803">
        <ele>931.3</ele>
        <time>2024-01-02T03:41:00Z</time>
      </trkpt>
      <trkpt lat="-37.6665643" lon="-73.2156834">
        <ele>941.9</ele>
        <time>2024-01-02T03:42:30Z</time>
      </trkpt>
      <trkpt lat="-37.6664483" lon="-73.2155327">
        <ele>944.2</ele>
        <time>2024-01-02T03:42:54Z</time>
      </trkpt>
      <trkpt lat="-37.6651626" lon="-73.2148744">
        <ele>953.6</ele>
        <time>2024-01-02T03:43:48Z</time>
      </trkpt>
      <trkpt lat="-37.6649408" lon="-73.2143904">
        <ele>960.6</ele>
        <time>2024-01-02T03:44:36Z</time>
      </trkpt>
      <trkpt lat="-37.6648501" lon="-73.2138886">
        <ele>966.4</ele>
        <time>2024-01-02T03:45:21Z</time>
      </trkpt>
      <trkpt lat="-37.6640472" lon="-73.2133238">
        <ele>979.3</ele>
        <time>2024-01-02T03:46:36Z</time>
      </trkpt>
      <trkpt lat="-37.6638151" lon="-73.2130259">
        <ele>984.0</ele>
        <time>2024-01-02T03:47:00Z</time>
      </trkpt>
      <trkpt lat="-37.6637404" lon="-73.2125201">
        <ele>985.4</ele>
        <time>2024-01-02T03:47:33Z</time>
      </trkpt>
      <trkpt lat="-37.6635248" lon="-73.2121334">
        <ele>986.4</ele>
        <time>2024-01-02T03:48:03Z</time>
      </trkpt>
      <trkpt lat="-37.6634022" lon="-73.2112376">
        <ele>988.6</ele>
        <time>2024-01-02T03:49:00Z</time>
      </trkpt>
      <trkpt lat="-37.6628828" lon="-73.2102027">
        <ele>991.6</ele>
        <time>2024-01-02T03:49:51Z</time>
      </trkpt>
      <trkpt lat="-37.6629003" lon="-73.2091316">
        <ele>993.8</ele>
        <time>2024-01-02T03:50:42Z</time>
      </trkpt>
      <trkpt lat="-37.6629275" lon="-73.2087855">
        <ele>994.6</ele>
        <time>2024-01-02T03:51:03Z</time>
      </trkpt>
      <trkpt lat="-37.6631635" lon="-73.2085728">
        <ele>995.7</ele>
        <time>2024-01-02T03:51:33Z</time>
      </trkpt>
      <trkpt lat="-37.6635646" lon="-73.2086193">
        <ele>997.0</ele>
        <time>2024-01-02T03:52:09Z</time>
      </trkpt>
      <trkpt lat="-37.6637759" lon="-73.2084827">
        <ele>997.8</ele>
        <time>2024-01-02T03:52:36Z</time>
      </trkpt>
      <trkpt lat="-37.6643304" lon="-73.2083543">
        <ele>999.7</ele>
        <time>2024-01-02T03:53:33Z</time>
      </trkpt>
      <trkpt lat="-37.6650048" lon="-73.2086542">
        <ele>1002.2</ele>
        <time>2024-01-02T03:54:45Z</time>
      </trkpt>
      <trkpt lat="-37.6651661" lon="-73.2086378">
        <ele>1002.7</ele>
        <time>2024-01-02T03:55:03Z</time>
      </trkpt>
      <trkpt lat="-37.6654210" lon="-73.2078423">
        <ele>1005.2</ele>
        <time>2024-01-02T03:56:12Z</time>
      </trkpt>
      <trkpt lat="-37.6650464" lon="-73.2070333">
        <ele>1007.9</ele>
        <time>2024-01-02T03:57:21Z</time>
      </trkpt>
      <trkpt lat="-37.6654468" lon="-73.2068555">
        <ele>1009.2</ele>
        <time>2024-01-02T03:58:03Z</time>
      </trkpt>
      <trkpt lat="-37.6658311" lon="-73.2064532">
        <ele>1010.9</ele>
        <time>2024-01-02T03:58:45Z</time>
      </trkpt>
      <trkpt lat="-37.6658993" lon="-73.2060174">
        <ele>1012.2</ele>
        <time>2024-01-02T03:59:18Z</time>
      </trkpt>
      <trkpt lat="-37.6656993" lon="-73.2055888">
        <ele>1013.6</ele>
        <time>2024-01-02T03:59:54Z</time>
      </trkpt>
      <trkpt lat="-37.6658552" lon="-73.2054561">
        <ele>1014.1</ele>
        <time>2024-01-02T04:00:12Z</time>
      </trkpt>
      <trkpt lat="-37.6664007" lon="-73.2052689">
        <ele>1015.7</ele>
        <time>2024-01-02T04:00:57Z</time>
      </trkpt>
      <trkpt lat="-37.6666085" lon="-73.2044293">
        <ele>1018.2</ele>
        <time>2024-01-02T04:02:27Z</time>
      </trkpt>
      <trkpt lat="-37.6666611" lon="-73.2036820">
        <ele>1017.4</ele>
        <time>2024-01-02T04:03:39Z</time>
      </trkpt>
      <trkpt lat="-37.6668007" lon="-73.2033314">
        <ele>1016.2</ele>
        <time>2024-01-02T04:04:21Z</time>
      </trkpt>
      <trkpt lat="-37.6672129" lon="-73.2028480">
        <ele>1014.0</ele>
        <time>2024-01-02T04:05:21Z</time>
      </trkpt>
      <trkpt lat="-37.6673097" lon="-73.2029568">
        <ele>1013.4</ele>
        <time>2024-01-02T04:05:36Z</time>
      </trkpt>
      <trkpt lat="-37.6673609" lon="-73.2032359">
        <ele>1012.5</ele>
        <time>2024-01-02T04:06:03Z</time>
      </trkpt>
      <trkpt lat="-37.6675404" lon="-73.2034035">
        <ele>1011.6</ele>
        <time>2024-01-02T04:06:33Z</time>
      </trkpt>
      <trkpt lat="-37.6677429" lon="-73.2038105">
        <ele>1010.0</ele>
        <time>2024-01-02T04:07:18Z</time>
      </trkpt>
      <trkpt lat="-37.6680650" lon="-73.2038288">
        <ele>1008.8</ele>
        <time>2024-01-02T04:07:57Z</time>
      </trkpt>
      <trkpt lat="-37.6687042" lon="-73.2045490">
        <ele>1005.4</ele>
        <time>2024-01-02T04:09:39Z</time>
      </trkpt>
      <trkpt lat="-37.6692972" lon="-73.2042915">
        <ele>1002.9</ele>
        <time>2024-01-02T04:10:42Z</time>
      </trkpt>
      <trkpt lat="-37.6696625" lon="-73.2044868">
        <ele>1001.3</ele>
        <time>2024-01-02T04:11:24Z</time>
      </trkpt>
      <trkpt lat="-37.6699097" lon="-73.2043344">
        <ele>1000.1</ele>
        <time>2024-01-02T04:11:57Z</time>
      </trkpt>
      <trkpt lat="-37.6700493" lon="-73.2043948">
        <ele>999.5</ele>
        <time>2024-01-02T04:12:18Z</time>
      </trkpt>
      <trkpt lat="-37.6702303" lon="-73.2048636">
        <ele>997.6</ele>
        <time>2024-01-02T04:13:09Z</time>
      </trkpt>
      <trkpt lat="-37.6706094" lon="-73.2049839">
        <ele>996.1</ele>
        <time>2024-01-02T04:13:54Z</time>
      </trkpt>
      <trkpt lat="-37.6708341" lon="-73.2048900">
        <ele>995.1</ele>
        <time>2024-01-02T04:14:24Z</time>
      </trkpt>
      <trkpt lat="-37.6710570" lon="-73.2044019">
        <ele>993.3</ele>
        <time>2024-01-02T04:15:27Z</time>
      </trkpt>
      <trkpt lat="-37.6713548" lon="-73.2040646">
        <ele>991.7</ele>
        <time>2024-01-02T04:16:18Z</time>
      </trkpt>
      <trkpt lat="-37.6714545" lon="-73.2036122">
        <ele>990.2</ele>
        <time>2024-01-02T04:17:06Z</time>
      </trkpt>
      <trkpt lat="-37.6717434" lon="-73.2031225">
        <ele>988.3</ele>
        <time>2024-01-02T04:18:06Z</time>
      </trkpt>
      <trkpt lat="-37.6717291" lon="-73.2021112">
        <ele>984.9</ele>
        <time>2024-01-02T04:19:36Z</time>
      </trkpt>
      <trkpt lat="-37.6715728" lon="-73.2017677">
        <ele>983.7</ele>
        <time>2024-01-02T04:20:06Z</time>
      </trkpt>
      <trkpt lat="-37.6712821" lon="-73.2014130">
        <ele>982.1</ele>
        <time>2024-01-02T04:20:45Z</time>
      </trkpt>
      <trkpt lat="-37.6713667" lon="-73.2010263">
        <ele>980.9</ele>
        <time>2024-01-02T04:21:12Z</time>
      </trkpt>
      <trkpt lat="-37.6717024" lon="-73.2008989">
        <ele>979.3</ele>
        <time>2024-01-02T04:22:24Z</time>
      </trkpt>
      <trkpt lat="-37.6721284" lon="-73.2008962">
        <ele>980.9</ele>
        <time>2024-01-02T04:24:03Z</time>
      </trkpt>
      <trkpt lat="-37.6725084" lon="-73.2006280">
        <ele>982.4</ele>
        <time>2024-01-02T04:24:57Z</time>
      </trkpt>
      <trkpt lat="-37.6726911" lon="-73.1997606">
        <ele>986.2</ele>
        <time>2024-01-02T04:27:03Z</time>
      </trkpt>
      <trkpt lat="-37.6730830" lon="-73.1992158">
        <ele>989.3</ele>
        <time>2024-01-02T04:28:51Z</time>
      </trkpt>
      <trkpt lat="-37.6732433" lon="-73.1987323">
        <ele>991.5</ele>
        <time>2024-01-02T04:30:06Z</time>
      </trkpt>
      <trkpt lat="-37.6736692" lon="-73.1991209">
        <ele>994.2</ele>
        <time>2024-01-02T04:31:36Z</time>
      </trkpt>
      <trkpt lat="-37.6737483" lon="-73.1991013">
        <ele>994.6</ele>
        <time>2024-01-02T04:31:48Z</time>
      </trkpt>
      <trkpt lat="-37.6745183" lon="-73.1986168">
        <ele>999.1</ele>
        <time>2024-01-02T04:34:09Z</time>
      </trkpt>
      <trkpt lat="-37.6750324" lon="-73.1981688">
        <ele>1002.6</ele>
        <time>2024-01-02T04:35:48Z</time>
      </trkpt>
      <trkpt lat="-37.6751264" lon="-73.1977380">
        <ele>1004.4</ele>
        <time>2024-01-02T04:36:42Z</time>
      </trkpt>
      <trkpt lat="-37.6750326" lon="-73.1973958">
        <ele>1006.0</ele>
        <time>2024-01-02T04:37:33Z</time>
      </trkpt>
      <trkpt lat="-37.6751180" lon="-73.1959864">
        <ele>1011.7</ele>
        <time>2024-01-02T04:41:03Z</time>
      </trkpt>
      <trkpt lat="-37.6752205" lon="-73.1954661">
        <ele>1013.9</ele>
        <time>2024-01-02T04:42:15Z</time>
      </trkpt>
      <trkpt lat="-37.6755859" lon="-73.1950755">
        <ele>1016.6</ele>
        <time>2024-01-02T04:43:54Z</time>
      </trkpt>
      <trkpt lat="-37.6759794" lon="-73.1943295">
        <ele>1020.4</ele>
        <time>2024-01-02T04:46:24Z</time>
      </trkpt>
      <trkpt lat="-37.6761070" lon="-73.1942837">
        <ele>1021.2</ele>
        <time>2024-01-02T04:46:54Z</time>
      </trkpt>
      <trkpt lat="-37.6766728" lon="-73.1944319">
        <ele>1024.2</ele>
        <time>2024-01-02T04:48:48Z</time>
      </trkpt>
      <trkpt lat="-37.6770009" lon="-73.1943093">
        <ele>1026.1</ele>
        <time>2024-01-02T04:50:03Z</time>
      </trkpt>
      <trkpt lat="-37.6772441" lon="-73.1941187">
        <ele>1027.6</ele>
        <time>2024-01-02T04:51:18Z</time>
      </trkpt>
      <trkpt lat="-37.6774432" lon="-73.1936643">
        <ele>1030.3</ele>
        <time>2024-01-02T04:53:03Z</time>
      </trkpt>
      <trkpt lat="-37.6778910" lon="-73.1932973">
        <ele>1033.5</ele>
        <time>2024-01-02T04:54:24Z</time>
      </trkpt>
      <trkpt lat="-37.6783418" lon="-73.1927194">
        <ele>1037.6</ele>
        <time>2024-01-02T04:56:48Z</time>
      </trkpt>
      <trkpt lat="-37.6783813" lon="-73.1922148">
        <ele>1040.3</ele>
        <time>2024-01-02T04:58:36Z</time>
      </trkpt>
      <trkpt lat="-37.6778423" lon="-73.1917981">
        <ele>1044.5</ele>
        <time>2024-01-02T05:02:03Z</time>
      </trkpt>
      <trkpt lat="-37.6777397" lon="-73.1910260">
        <ele>1047.2</ele>
        <time>2024-01-02T05:04:03Z</time>
      </trkpt>
      <trkpt lat="-37.6778566" lon="-73.1905417">
        <ele>1049.5</ele>
        <time>2024-01-02T05:04:39Z</time>
      </trkpt>
      <trkpt lat="-37.6778297" lon="-73.1902830">
        <ele>1050.9</ele>
        <time>2024-01-02T05:04:57Z</time>
      </trkpt>
      <trkpt lat="-37.6773484" lon="-73.1898496">
        <ele>1054.5</ele>
        <time>2024-01-02T05:05:54Z</time>
      </trkpt>
      <trkpt lat="-37.6773489" lon="-73.1896618">
        <ele>1055.4</ele>
        <time>2024-01-02T05:06:06Z</time>
      </trkpt>
      <trkpt lat="-37.6776271" lon="-73.1891861">
        <ele>1058.2</ele>
        <time>2024-01-02T05:06:48Z</time>
      </trkpt>
      <trkpt lat="-37.6774272" lon="-73.1888403">
        <ele>1060.0</ele>
        <time>2024-01-02T05:07:18Z</time>
      </trkpt>
      <trkpt lat="-37.6774126" lon="-73.1881515">
        <ele>1062.8</ele>
        <time>2024-01-02T05:08:03Z</time>
      </trkpt>
      <trkpt lat="-37.6774790" lon="-73.1881190">
        <ele>1063.2</ele>
        <time>2024-01-02T05:08:12Z</time>
      </trkpt>
      <trkpt lat="-37.6777312" lon="-73.1883318">
        <ele>1065.0</ele>
        <time>2024-01-02T05:08:36Z</time>
      </trkpt>
      <trkpt lat="-37.6779671" lon="-73.1883362">
        <ele>1066.4</ele>
        <time>2024-01-02T05:08:57Z</time>
      </trkpt>
      <trkpt lat="-37.6782573" lon="-73.1884649">
        <ele>1068.2</ele>
        <time>2024-01-02T05:09:24Z</time>
      </trkpt>
      <trkpt lat="-37.6785132" lon="-73.1882424">
        <ele>1070.1</ele>
        <time>2024-01-02T05:09:54Z</time>
      </trkpt>
      <trkpt lat="-37.6786571" lon="-73.1882259">
        <ele>1071.0</ele>
        <time>2024-01-02T05:10:06Z</time>
      </trkpt>
      <trkpt lat="-37.6786420" lon="-73.1884917">
        <ele>1072.4</ele>
        <time>2024-01-02T05:10:27Z</time>
      </trkpt>
      <trkpt lat="-37.6788819" lon="-73.1892970">
        <ele>1076.5</ele>
        <time>2024-01-02T05:11:33Z</time>
      </trkpt>
      <trkpt lat="-37.6790289" lon="-73.1894843">
        <ele>1077.4</ele>
        <time>2024-01-02T05:11:51Z</time>
      </trkpt>
      <trkpt lat="-37.6792932" lon="-73.1896166">
        <ele>1078.8</ele>
        <time>2024-01-02T05:12:18Z</time>
      </trkpt>
      <trkpt lat="-37.6795710" lon="-73.1895683">
        <ele>1080.1</ele>
        <time>2024-01-02T05:12:45Z</time>
      </trkpt>
      <trkpt lat="-37.6799363" lon="-73.1890253">
        <ele>1083.3</ele>
        <time>2024-01-02T05:13:36Z</time>
      </trkpt>
      <trkpt lat="-37.6805287" lon="-73.1886261">
        <ele>1086.8</ele>
        <time>2024-01-02T05:14:30Z</time>
      </trkpt>
      <trkpt lat="-37.6810121" lon="-73.1874555">
        <ele>1084.6</ele>
        <time>2024-01-02T05:15:57Z</time>
      </trkpt>
      <trkpt lat="-37.6816762" lon="-73.1869414">
        <ele>1083.1</ele>
        <time>2024-01-02T05:17:03Z</time>
      </trkpt>
      <trkpt lat="-37.6821354" lon="-73.1864852">
        <ele>1082.1</ele>
        <time>2024-01-02T05:17:39Z</time>
      </trkpt>
      <trkpt lat="-37.6822884" lon="-73.1862166">
        <ele>1081.5</ele>
        <time>2024-01-02T05:18:00Z</time>
      </trkpt>
      <trkpt lat="-37.6826350" lon="-73.1852392">
        <ele>1079.8</ele>
        <time>2024-01-02T05:19:03Z</time>
      </trkpt>
      <trkpt lat="-37.6826742" lon="-73.1839356">
        <ele>1077.8</ele>
        <time>2024-01-02T05:21:18Z</time>
      </trkpt>
      <trkpt lat="-37.6834580" lon="-73.1835599">
        <ele>1075.9</ele>
        <time>2024-01-02T05:23:24Z</time>
      </trkpt>
      <trkpt lat="-37.6838904" lon="-73.1832286">
        <ele>1074.7</ele>
        <time>2024-01-02T05:24:33Z</time>
      </trkpt>
      <trkpt lat="-37.6845801" lon="-73.1830741">
        <ele>1073.2</ele>
        <time>2024-01-02T05:26:15Z</time>
      </trkpt>
      <trkpt lat="-37.6847425" lon="-73.1827752">
        <ele>1072.5</ele>
        <time>2024-01-02T05:27:03Z</time>
      </trkpt>
      <trkpt lat="-37.6857854" lon="-73.1820702">
        <ele>1069.8</ele>
        <time>2024-01-02T05:30:00Z</time>
      </trkpt>
      <trkpt lat="-37.6860778" lon="-73.1817387">
        <ele>1068.9</ele>
        <time>2024-01-02T05:30:54Z</time>
      </trkpt>
      <trkpt lat="-37.6861466" lon="-73.1815051">
        <ele>1068.4</ele>
        <time>2024-01-02T05:31:24Z</time>
      </trkpt>
      <trkpt lat="-37.6854543" lon="-73.1800862">
        <ele>1065.5</ele>
        <time>2024-01-02T05:33:57Z</time>
      </trkpt>
      <trkpt lat="-37.6861091" lon="-73.1787232">
        <ele>1064.7</ele>
        <time>2024-01-02T05:36:06Z</time>
      </trkpt>
      <trkpt lat="-37.6864549" lon="-73.1783344">
        <ele>1064.5</ele>
        <time>2024-01-02T05:37:06Z</time>
      </trkpt>
      <trkpt lat="-37.6867977" lon="-73.1781345">
        <ele>1064.3</ele>
        <time>2024-01-02T05:37:57Z</time>
      </trkpt>
      <trkpt lat="-37.6873546" lon="-73.1774528">
        <ele>1064.0</ele>
        <time>2024-01-02T05:39:39Z</time>
      </trkpt>
      <trkpt lat="-37.6875085" lon="-73.1774470">
        <ele>1064.0</ele>
        <time>2024-01-02T05:40:06Z</time>
      </trkpt>
      <trkpt lat="-37.6876142" lon="-73.1773355">
        <ele>1063.9</ele>
        <time>2024-01-02T05:40:24Z</time>
      </trkpt>
      <trkpt lat="-37.6877576" lon="-73.1769423">
        <ele>1063.8</ele>
        <time>2024-01-02T05:41:12Z</time>
      </trkpt>
      <trkpt lat="-37.6879149" lon="-73.1767599">
        <ele>1063.7</ele>
        <time>2024-01-02T05:41:48Z</time>
      </trkpt>
      <trkpt lat="-37.6880411" lon="-73.1767638">
        <ele>1063.6</ele>
        <time>2024-01-02T05:42:15Z</time>
      </trkpt>
      <trkpt lat="-37.6881194" lon="-73.1770227">
        <ele>1063.5</ele>
        <time>2024-01-02T05:42:51Z</time>
      </trkpt>
      <trkpt lat="-37.6886053" lon="-73.1772228">
        <ele>1063.3</ele>
        <time>2024-01-02T05:44:09Z</time>
      </trkpt>
      <trkpt lat="-37.6890644" lon="-73.1776325">
        <ele>1063.2</ele>
        <time>2024-01-02T05:44:42Z</time>
      </trkpt>
      <trkpt lat="-37.6894104" lon="-73.1778213">
        <ele>1063.0</ele>
        <time>2024-01-02T05:45:27Z</time>
      </trkpt>
      <trkpt lat="-37.6898222" lon="-73.1782748">
        <ele>1062.8</ele>
        <time>2024-01-02T05:46:30Z</time>
      </trkpt>
      <trkpt lat="-37.6904263" lon="-73.1783681">
        <ele>1062.6</ele>
        <time>2024-01-02T05:47:45Z</time>
      </trkpt>
      <trkpt lat="-37.6925134" lon="-73.1780089">
        <ele>1062.0</ele>
        <time>2024-01-02T05:50:51Z</time>
      </trkpt>
      <trkpt lat="-37.6926088" lon="-73.1778520">
        <ele>1061.9</ele>
        <time>2024-01-02T05:51:15Z</time>
      </trkpt>
      <trkpt lat="-37.6926825" lon="-73.1772680">
        <ele>1061.7</ele>
        <time>2024-01-02T05:52:15Z</time>
      </trkpt>
      <trkpt lat="-37.6931436" lon="-73.1762860">
        <ele>1061.4</ele>
        <time>2024-01-02T05:53:54Z</time>
      </trkpt>
      <trkpt lat="-37.6935126" lon="-73.1761843">
        <ele>1061.2</ele>
        <time>2024-01-02T05:54:36Z</time>
      </trkpt>
      <trkpt lat="-37.6938572" lon="-73.1758819">
        <ele>1061.1</ele>
        <time>2024-01-02T05:55:24Z</time>
      </trkpt>
      <trkpt lat="-37.6944761" lon="-73.1758079">
        <ele>1056.2</ele>
        <time>2024-01-02T05:56:39Z</time>
      </trkpt>
      <trkpt lat="-37.6949442" lon="-73.1756128">
        <ele>1051.3</ele>
        <time>2024-01-02T05:57:39Z</time>
      </trkpt>
      <trkpt lat="-37.6952689" lon="-73.1755737">
        <ele>1048.1</ele>
        <time>2024-01-02T05:58:21Z</time>
      </trkpt>
      <trkpt lat="-37.6954008" lon="-73.1756362">
        <ele>1046.5</ele>
        <time>2024-01-02T05:58:39Z</time>
      </trkpt>
      <trkpt lat="-37.6957164" lon="-73.1761018">
        <ele>1040.8</ele>
        <time>2024-01-02T05:59:45Z</time>
      </trkpt>
      <trkpt lat="-37.6957985" lon="-73.1763583">
        <ele>1038.4</ele>
        <time>2024-01-02T06:00:18Z</time>
      </trkpt>
      <trkpt lat="-37.6962362" lon="-73.1765981">
        <ele>1037.6</ele>
        <time>2024-01-02T06:00:30Z</time>
      </trkpt>
      <trkpt lat="-37.6966834" lon="-73.1766303">
        <ele>1033.6</ele>
        <time>2024-01-02T06:01:03Z</time>
      </trkpt>
      <trkpt lat="-37.6973013" lon="-73.1768431">
        <ele>1027.9</ele>
        <time>2024-01-02T06:01:45Z</time>
      </trkpt>
      <trkpt lat="-37.6976660" lon="-73.1768106">
        <ele>1023.9</ele>
        <time>2024-01-02T06:02:15Z</time>
      </trkpt>
      <trkpt lat="-37.6980270" lon="-73.1766516">
        <ele>1020.7</ele>
        <time>2024-01-02T06:02:48Z</time>
      </trkpt>
      <trkpt lat="-37.6984928" lon="-73.1766179">
        <ele>1016.7</ele>
        <time>2024-01-02T06:03:24Z</time>
      </trkpt>
      <trkpt lat="-37.6995445" lon="-73.1761904">
        <ele>1006.2</ele>
        <time>2024-01-02T06:04:48Z</time>
      </trkpt>
      <trkpt lat="-37.7001292" lon="-73.1763951">
        <ele>1000.5</ele>
        <time>2024-01-02T06:05:39Z</time>
      </trkpt>
      <trkpt lat="-37.7010300" lon="-73.1763859">
        <ele>996.5</ele>
        <time>2024-01-02T06:06:15Z</time>
      </trkpt>
      <trkpt lat="-37.7014834" lon="-73.1766260">
        <ele>992.5</ele>
        <time>2024-01-02T06:06:45Z</time>
      </trkpt>
      <trkpt lat="-37.7016927" lon="-73.1766195">
        <ele>990.9</ele>
        <time>2024-01-02T06:06:57Z</time>
      </trkpt>
      <trkpt lat="-37.7021847" lon="-73.1763160">
        <ele>986.0</ele>
        <time>2024-01-02T06:07:33Z</time>
      </trkpt>
      <trkpt lat="-37.7027849" lon="-73.1763406">
        <ele>981.2</ele>
        <time>2024-01-02T06:08:12Z</time>
      </trkpt>
      <trkpt lat="-37.7029025" lon="-73.1762491">
        <ele>979.6</ele>
        <time>2024-01-02T06:08:24Z</time>
      </trkpt>
      <trkpt lat="-37.7029037" lon="-73.1758365">
        <ele>976.3</ele>
        <time>2024-01-02T06:08:54Z</time>
      </trkpt>
      <trkpt lat="-37.7027267" lon="-73.1754833">
        <ele>973.1</ele>
        <time>2024-01-02T06:09:21Z</time>
      </trkpt>
      <trkpt lat="-37.7027824" lon="-73.1749169">
        <ele>969.1</ele>
        <time>2024-01-02T06:10:09Z</time>
      </trkpt>
      <trkpt lat="-37.7024331" lon="-73.1741652">
        <ele>961.8</ele>
        <time>2024-01-02T06:11:39Z</time>
      </trkpt>
      <trkpt lat="-37.7024421" lon="-73.1739878">
        <ele>960.2</ele>
        <time>2024-01-02T06:12:00Z</time>
      </trkpt>
      <trkpt lat="-37.7029120" lon="-73.1736429">
        <ele>953.2</ele>
        <time>2024-01-02T06:13:00Z</time>
      </trkpt>
      <trkpt lat="-37.7032840" lon="-73.1736243">
        <ele>947.0</ele>
        <time>2024-01-02T06:13:48Z</time>
      </trkpt>
      <trkpt lat="-37.7036407" lon="-73.1732913">
        <ele>939.4</ele>
        <time>2024-01-02T06:14:45Z</time>
      </trkpt>
      <trkpt lat="-37.7039082" lon="-73.1734191">
        <ele>934.4</ele>
        <time>2024-01-02T06:15:30Z</time>
      </trkpt>
      <trkpt lat="-37.7040537" lon="-73.1733512">
        <ele>931.9</ele>
        <time>2024-01-02T06:15:57Z</time>
      </trkpt>
      <trkpt lat="-37.7042684" lon="-73.1730185">
        <ele>926.9</ele>
        <time>2024-01-02T06:16:33Z</time>
      </trkpt>
      <trkpt lat="-37.7049392" lon="-73.1725529">
        <ele>914.3</ele>
        <time>2024-01-02T06:18:12Z</time>
      </trkpt>
      <trkpt lat="-37.7052762" lon="-73.1721066">
        <ele>906.8</ele>
        <time>2024-01-02T06:19:15Z</time>
      </trkpt>
      <trkpt lat="-37.7054720" lon="-73.1720295">
        <ele>903.0</ele>
        <time>2024-01-02T06:19:45Z</time>
      </trkpt>
      <trkpt lat="-37.7057994" lon="-73.1720776">
        <ele>899.2</ele>
        <time>2024-01-02T06:20:15Z</time>
      </trkpt>
      <trkpt lat="-37.7061887" lon="-73.1718883">
        <ele>893.0</ele>
        <time>2024-01-02T06:21:06Z</time>
      </trkpt>
      <trkpt lat="-37.7076261" lon="-73.1726508">
        <ele>872.9</ele>
        <time>2024-01-02T06:23:33Z</time>
      </trkpt>
      <trkpt lat="-37.7078312" lon="-73.1729488">
        <ele>867.8</ele>
        <time>2024-01-02T06:23:57Z</time>
      </trkpt>
      <trkpt lat="-37.7082149" lon="-73.1731530">
        <ele>861.6</ele>
        <time>2024-01-02T06:24:33Z</time>
      </trkpt>
      <trkpt lat="-37.7082794" lon="-73.1731602">
        <ele>860.3</ele>
        <time>2024-01-02T06:24:39Z</time>
      </trkpt>
      <trkpt lat="-37.7087292" lon="-73.1726103">
        <ele>850.3</ele>
        <time>2024-01-02T06:25:45Z</time>
      </trkpt>
      <trkpt lat="-37.7092964" lon="-73.1723197">
        <ele>840.2</ele>
        <time>2024-01-02T06:26:48Z</time>
      </trkpt>
      <trkpt lat="-37.7098610" lon="-73.1723840">
        <ele>831.4</ele>
        <time>2024-01-02T06:27:48Z</time>
      </trkpt>
      <trkpt lat="-37.7100165" lon="-73.1723243">
        <ele>828.9</ele>
        <time>2024-01-02T06:28:06Z</time>
      </trkpt>
      <trkpt lat="-37.7105456" lon="-73.1726566">
        <ele>818.9</ele>
        <time>2024-01-02T06:29:15Z</time>
      </trkpt>
      <trkpt lat="-37.7111675" lon="-73.1726808">
        <ele>808.8</ele>
        <time>2024-01-02T06:30:21Z</time>
      </trkpt>
      <trkpt lat="-37.7112306" lon="-73.1727589">
        <ele>807.6</ele>
        <time>2024-01-02T06:30:33Z</time>
      </trkpt>
      <trkpt lat="-37.7107988" lon="-73.1755259">
        <ele>793.2</ele>
        <time>2024-01-02T06:33:00Z</time>
      </trkpt>
      <trkpt lat="-37.7101797" lon="-73.1774759">
        <ele>790.2</ele>
        <time>2024-01-02T06:34:33Z</time>
      </trkpt>
      <trkpt lat="-37.7102785" lon="-73.1791428">
        <ele>788.8</ele>
        <time>2024-01-02T06:35:15Z</time>
      </trkpt>
      <trkpt lat="-37.7102007" lon="-73.1795426">
        <ele>788.2</ele>
        <time>2024-01-02T06:35:24Z</time>
      </trkpt>
      <trkpt lat="-37.7102314" lon="-73.1799592">
        <ele>787.5</ele>
        <time>2024-01-02T06:35:36Z</time>
      </trkpt>
      <trkpt lat="-37.7101058" lon="-73.1805262">
        <ele>786.6</ele>
        <time>2024-01-02T06:35:51Z</time>
      </trkpt>
      <trkpt lat="-37.7102545" lon="-73.1812782">
        <ele>785.9</ele>
        <time>2024-01-02T06:36:09Z</time>
      </trkpt>
      <trkpt lat="-37.7102513" lon="-73.1817995">
        <ele>785.2</ele>
        <time>2024-01-02T06:36:24Z</time>
      </trkpt>
      <trkpt lat="-37.7098939" lon="-73.1833180">
        <ele>783.1</ele>
        <time>2024-01-02T06:37:03Z</time>
      </trkpt>
      <trkpt lat="-37.7096543" lon="-73.1839071">
        <ele>782.2</ele>
        <time>2024-01-02T06:37:21Z</time>
      </trkpt>
      <trkpt lat="-37.7095730" lon="-73.1840753">
        <ele>781.8</ele>
        <time>2024-01-02T06:37:27Z</time>
      </trkpt>
      <trkpt lat="-37.7093293" lon="-73.1842305">
        <ele>781.3</ele>
        <time>2024-01-02T06:37:39Z</time>
      </trkpt>
      <trkpt lat="-37.7088898" lon="-73.1841110">
        <ele>780.6</ele>
        <time>2024-01-02T06:37:51Z</time>
      </trkpt>
      <trkpt lat="-37.7085850" lon="-73.1838191">
        <ele>780.0</ele>
        <time>2024-01-02T06:38:00Z</time>
      </trkpt>
      <trkpt lat="-37.7084125" lon="-73.1839008">
        <ele>779.7</ele>
        <time>2024-01-02T06:38:09Z</time>
      </trkpt>
      <trkpt lat="-37.7080887" lon="-73.1857546">
        <ele>777.9</ele>
        <time>2024-01-02T06:38:48Z</time>
      </trkpt>
      <trkpt lat="-37.7077812" lon="-73.1862333">
        <ele>777.0</ele>
        <time>2024-01-02T06:39:03Z</time>
      </trkpt>
      <trkpt lat="-37.7069058" lon="-73.1859370">
        <ele>775.4</ele>
        <time>2024-01-02T06:39:33Z</time>
      </trkpt>
      <trkpt lat="-37.7066293" lon="-73.1861825">
        <ele>774.9</ele>
        <time>2024-01-02T06:39:45Z</time>
      </trkpt>
      <trkpt lat="-37.7061817" lon="-73.1868348">
        <ele>773.8</ele>
        <time>2024-01-02T06:40:06Z</time>
      </trkpt>
      <trkpt lat="-37.7055974" lon="-73.1870605">
        <ele>773.1</ele>
        <time>2024-01-02T06:40:24Z</time>
      </trkpt>
      <trkpt lat="-37.7043097" lon="-73.1877413">
        <ele>771.1</ele>
        <time>2024-01-02T06:41:00Z</time>
      </trkpt>
      <trkpt lat="-37.7035837" lon="-73.1885240">
        <ele>770.0</ele>
        <time>2024-01-02T06:41:21Z</time>
      </trkpt>
      <trkpt lat="-37.7031309" lon="-73.1894543">
        <ele>768.6</ele>
        <time>2024-01-02T06:41:51Z</time>
      </trkpt>
      <trkpt lat="-37.7027926" lon="-73.1899990">
        <ele>767.7</ele>
        <time>2024-01-02T06:42:09Z</time>
      </trkpt>
      <trkpt lat="-37.7024771" lon="-73.1903128">
        <ele>767.0</ele>
        <time>2024-01-02T06:42:21Z</time>
      </trkpt>
      <trkpt lat="-37.7019912" lon="-73.1905581">
        <ele>766.3</ele>
        <time>2024-01-02T06:42:39Z</time>
      </trkpt>
      <trkpt lat="-37.7007656" lon="-73.1909325">
        <ele>764.6</ele>
        <time>2024-01-02T06:43:15Z</time>
      </trkpt>
      <trkpt lat="-37.7002793" lon="-73.1914162">
        <ele>763.9</ele>
        <time>2024-01-02T06:43:33Z</time>
      </trkpt>
      <trkpt lat="-37.6999897" lon="-73.1915513">
        <ele>763.5</ele>
        <time>2024-01-02T06:43:42Z</time>
      </trkpt>
      <trkpt lat="-37.6992678" lon="-73.1922080">
        <ele>762.4</ele>
        <time>2024-01-02T06:44:12Z</time>
      </trkpt>
      <trkpt lat="-37.6990299" lon="-73.1929321">
        <ele>761.6</ele>
        <time>2024-01-02T06:44:36Z</time>
      </trkpt>
      <trkpt lat="-37.6988044" lon="-73.1932168">
        <ele>761.1</ele>
        <time>2024-01-02T06:44:45Z</time>
      </trkpt>
      <trkpt lat="-37.6984981" lon="-73.1938533">
        <ele>761.0</ele>
        <time>2024-01-02T06:44:51Z</time>
      </trkpt>
      <trkpt lat="-37.6978402" lon="-73.1943085">
        <ele>760.4</ele>
        <time>2024-01-02T06:45:06Z</time>
      </trkpt>
      <trkpt lat="-37.6972011" lon="-73.1956962">
        <ele>760.2</ele>
        <time>2024-01-02T06:45:09Z</time>
      </trkpt>
      <trkpt lat="-37.6968120" lon="-73.1969315">
        <ele>758.8</ele>
        <time>2024-01-02T06:45:42Z</time>
      </trkpt>
      <trkpt lat="-37.6957166" lon="-73.1991480">
        <ele>756.2</ele>
        <time>2024-01-02T06:46:39Z</time>
      </trkpt>
      <trkpt lat="-37.6951302" lon="-73.1999918">
        <ele>755.1</ele>
        <time>2024-01-02T06:47:00Z</time>
      </trkpt>
      <trkpt lat="-37.6946122" lon="-73.2005066">
        <ele>754.3</ele>
        <time>2024-01-02T06:47:18Z</time>
      </trkpt>
      <trkpt lat="-37.6944957" lon="-73.2010753">
        <ele>753.9</ele>
        <time>2024-01-02T06:47:27Z</time>
      </trkpt>
      <trkpt lat="-37.6945562" lon="-73.2014950">
        <ele>753.4</ele>
        <time>2024-01-02T06:47:36Z</time>
      </trkpt>
      <trkpt lat="-37.6943848" lon="-73.2019191">
        <ele>752.9</ele>
        <time>2024-01-02T06:47:48Z</time>
      </trkpt>
      <trkpt lat="-37.6941832" lon="-73.2021195">
        <ele>752.5</ele>
        <time>2024-01-02T06:47:57Z</time>
      </trkpt>
      <trkpt lat="-37.6938161" lon="-73.2022941">
        <ele>752.0</ele>
        <time>2024-01-02T06:48:06Z</time>
      </trkpt>
      <trkpt lat="-37.6927126" lon="-73.2034225">
        <ele>743.8</ele>
        <time>2024-01-02T06:48:51Z</time>
      </trkpt>
      <trkpt lat="-37.6922675" lon="-73.2035142">
        <ele>742.0</ele>
        <time>2024-01-02T06:49:03Z</time>
      </trkpt>
      <trkpt lat="-37.6920200" lon="-73.2036640">
        <ele>740.1</ele>
        <time>2024-01-02T06:49:15Z</time>
      </trkpt>
      <trkpt lat="-37.6918734" lon="-73.2041611">
        <ele>736.9</ele>
        <time>2024-01-02T06:49:30Z</time>
      </trkpt>
      <trkpt lat="-37.6913223" lon="-73.2047405">
        <ele>733.2</ele>
        <time>2024-01-02T06:49:54Z</time>
      </trkpt>
      <trkpt lat="-37.6910537" lon="-73.2055128">
        <ele>729.4</ele>
        <time>2024-01-02T06:50:15Z</time>
      </trkpt>
      <trkpt lat="-37.6904395" lon="-73.2061544">
        <ele>723.7</ele>
        <time>2024-01-02T06:50:42Z</time>
      </trkpt>
      <trkpt lat="-37.6900613" lon="-73.2066958">
        <ele>721.2</ele>
        <time>2024-01-02T06:51:06Z</time>
      </trkpt>
      <trkpt lat="-37.6884283" lon="-73.2083297">
        <ele>707.4</ele>
        <time>2024-01-02T06:53:15Z</time>
      </trkpt>
      <trkpt lat="-37.6876459" lon="-73.2095662">
        <ele>698.6</ele>
        <time>2024-01-02T06:54:42Z</time>
      </trkpt>
      <trkpt lat="-37.6875073" lon="-73.2102756">
        <ele>694.2</ele>
        <time>2024-01-02T06:55:30Z</time>
      </trkpt>
      <trkpt lat="-37.6872277" lon="-73.2105981">
        <ele>691.1</ele>
        <time>2024-01-02T06:55:57Z</time>
      </trkpt>
      <trkpt lat="-37.6863611" lon="-73.2110846">
        <ele>684.2</ele>
        <time>2024-01-02T06:57:12Z</time>
      </trkpt>
      <trkpt lat="-37.6862069" lon="-73.2112688">
        <ele>683.6</ele>
        <time>2024-01-02T06:57:15Z</time>
      </trkpt>
      <trkpt lat="-37.6861608" lon="-73.2116340">
        <ele>681.0</ele>
        <time>2024-01-02T06:57:39Z</time>
      </trkpt>
      <trkpt lat="-37.6866705" lon="-73.2121616">
        <ele>676.0</ele>
        <time>2024-01-02T06:58:33Z</time>
      </trkpt>
      <trkpt lat="-37.6866346" lon="-73.2129718">
        <ele>671.6</ele>
        <time>2024-01-02T06:59:24Z</time>
      </trkpt>
      <trkpt lat="-37.6869511" lon="-73.2133262">
        <ele>674.8</ele>
        <time>2024-01-02T07:00:03Z</time>
      </trkpt>
      <trkpt lat="-37.6869754" lon="-73.2134924">
        <ele>676.7</ele>
        <time>2024-01-02T07:00:15Z</time>
      </trkpt>
      <trkpt lat="-37.6868800" lon="-73.2142497">
        <ele>684.2</ele>
        <time>2024-01-02T07:01:09Z</time>
      </trkpt>
      <trkpt lat="-37.6866982" lon="-73.2146883">
        <ele>687.1</ele>
        <time>2024-01-02T07:01:24Z</time>
      </trkpt>
      <trkpt lat="-37.6866909" lon="-73.2156176">
        <ele>694.6</ele>
        <time>2024-01-02T07:02:18Z</time>
      </trkpt>
      <trkpt lat="-37.6868109" lon="-73.2157912">
        <ele>696.5</ele>
        <time>2024-01-02T07:02:33Z</time>
      </trkpt>
      <trkpt lat="-37.6869115" lon="-73.2157663">
        <ele>697.5</ele>
        <time>2024-01-02T07:02:39Z</time>
      </trkpt>
      <trkpt lat="-37.6875153" lon="-73.2152734">
        <ele>704.1</ele>
        <time>2024-01-02T07:03:18Z</time>
      </trkpt>
      <trkpt lat="-37.6879248" lon="-73.2150676">
        <ele>708.8</ele>
        <time>2024-01-02T07:03:51Z</time>
      </trkpt>
      <trkpt lat="-37.6883837" lon="-73.2156876">
        <ele>716.4</ele>
        <time>2024-01-02T07:04:45Z</time>
      </trkpt>
      <trkpt lat="-37.6885549" lon="-73.2153599">
        <ele>720.2</ele>
        <time>2024-01-02T07:05:12Z</time>
      </trkpt>
      <trkpt lat="-37.6887098" lon="-73.2147537">
        <ele>724.9</ele>
        <time>2024-01-02T07:05:48Z</time>
      </trkpt>
      <trkpt lat="-37.6886901" lon="-73.2133567">
        <ele>737.2</ele>
        <time>2024-01-02T07:07:09Z</time>
      </trkpt>
      <trkpt lat="-37.6888503" lon="-73.2131531">
        <ele>740.0</ele>
        <time>2024-01-02T07:07:33Z</time>
      </trkpt>
      <trkpt lat="-37.6891762" lon="-73.2131279">
        <ele>743.8</ele>
        <time>2024-01-02T07:07:54Z</time>
      </trkpt>
      <trkpt lat="-37.6900022" lon="-73.2136530">
        <ele>754.2</ele>
        <time>2024-01-02T07:09:06Z</time>
      </trkpt>
      <trkpt lat="-37.6901104" lon="-73.2138748">
        <ele>756.1</ele>
        <time>2024-01-02T07:09:18Z</time>
      </trkpt>
      <trkpt lat="-37.6901078" lon="-73.2142288">
        <ele>759.0</ele>
        <time>2024-01-02T07:09:42Z</time>
      </trkpt>
      <trkpt lat="-37.6899813" lon="-73.2146318">
        <ele>762.7</ele>
        <time>2024-01-02T07:10:12Z</time>
      </trkpt>
      <trkpt lat="-37.6900356" lon="-73.2153723">
        <ele>770.3</ele>
        <time>2024-01-02T07:11:09Z</time>
      </trkpt>
      <trkpt lat="-37.6905134" lon="-73.2152409">
        <ele>771.2</ele>
        <time>2024-01-02T07:11:21Z</time>
      </trkpt>
      <trkpt lat="-37.6909801" lon="-73.2148570">
        <ele>776.9</ele>
        <time>2024-01-02T07:12:03Z</time>
      </trkpt>
      <trkpt lat="-37.6916076" lon="-73.2147900">
        <ele>783.5</ele>
        <time>2024-01-02T07:12:45Z</time>
      </trkpt>
      <trkpt lat="-37.6919253" lon="-73.2150646">
        <ele>788.3</ele>
        <time>2024-01-02T07:13:15Z</time>
      </trkpt>
      <trkpt lat="-37.6920987" lon="-73.2150911">
        <ele>790.2</ele>
        <time>2024-01-02T07:13:30Z</time>
      </trkpt>
      <trkpt lat="-37.6923654" lon="-73.2150224">
        <ele>793.0</ele>
        <time>2024-01-02T07:13:48Z</time>
      </trkpt>
      <trkpt lat="-37.6927290" lon="-73.2147839">
        <ele>792.9</ele>
        <time>2024-01-02T07:14:24Z</time>
      </trkpt>
      <trkpt lat="-37.6931637" lon="-73.2153750">
        <ele>792.7</ele>
        <time>2024-01-02T07:15:15Z</time>
      </trkpt>
      <trkpt lat="-37.6935796" lon="-73.2157480">
        <ele>792.6</ele>
        <time>2024-01-02T07:15:57Z</time>
      </trkpt>
      <trkpt lat="-37.6938349" lon="-73.2169518">
        <ele>792.4</ele>
        <time>2024-01-02T07:16:42Z</time>
      </trkpt>
      <trkpt lat="-37.6940329" lon="-73.2167401">
        <ele>792.3</ele>
        <time>2024-01-02T07:16:54Z</time>
      </trkpt>
      <trkpt lat="-37.6941613" lon="-73.2163088">
        <ele>792.2</ele>
        <time>2024-01-02T07:17:15Z</time>
      </trkpt>
      <trkpt lat="-37.6946406" lon="-73.2159244">
        <ele>792.1</ele>
        <time>2024-01-02T07:17:48Z</time>
      </trkpt>
      <trkpt lat="-37.6951642" lon="-73.2150511">
        <ele>791.9</ele>
        <time>2024-01-02T07:18:33Z</time>
      </trkpt>
      <trkpt lat="-37.6955632" lon="-73.2152805">
        <ele>791.7</ele>
        <time>2024-01-02T07:18:54Z</time>
      </trkpt>
      <trkpt lat="-37.6959011" lon="-73.2158123">
        <ele>791.6</ele>
        <time>2024-01-02T07:19:24Z</time>
      </trkpt>
      <trkpt lat="-37.6960124" lon="-73.2157162">
        <ele>791.6</ele>
        <time>2024-01-02T07:19:33Z</time>
      </trkpt>
      <trkpt lat="-37.6962469" lon="-73.2150180">
        <ele>791.4</ele>
        <time>2024-01-02T07:20:06Z</time>
      </trkpt>
      <trkpt lat="-37.6963834" lon="-73.2150290">
        <ele>791.3</ele>
        <time>2024-01-02T07:20:18Z</time>
      </trkpt>
      <trkpt lat="-37.6972775" lon="-73.2158326">
        <ele>791.1</ele>
        <time>2024-01-02T07:21:18Z</time>
      </trkpt>
      <trkpt lat="-37.6978063" lon="-73.2159040">
        <ele>791.0</ele>
        <time>2024-01-02T07:21:27Z</time>
      </trkpt>
      <trkpt lat="-37.6978824" lon="-73.2160199">
        <ele>791.0</ele>
        <time>2024-01-02T07:21:30Z</time>
      </trkpt>
      <trkpt lat="-37.6984611" lon="-73.2172475">
        <ele>790.8</ele>
        <time>2024-01-02T07:22:12Z</time>
      </trkpt>
      <trkpt lat="-37.6983335" lon="-73.2179064">
        <ele>790.7</ele>
        <time>2024-01-02T07:22:36Z</time>
      </trkpt>
      <trkpt lat="-37.6983730" lon="-73.2181076">
        <ele>790.6</ele>
        <time>2024-01-02T07:22:42Z</time>
      </trkpt>
      <trkpt lat="-37.6985235" lon="-73.2183042">
        <ele>790.6</ele>
        <time>2024-01-02T07:22:51Z</time>
      </trkpt>
      <trkpt lat="-37.6986872" lon="-73.2183557">
        <ele>790.5</ele>
        <time>2024-01-02T07:22:57Z</time>
      </trkpt>
      <trkpt lat="-37.6988451" lon="-73.2183053">
        <ele>790.5</ele>
        <time>2024-01-02T07:23:03Z</time>
      </trkpt>
      <trkpt lat="-37.6994888" lon="-73.2179407">
        <ele>790.3</ele>
        <time>2024-01-02T07:23:30Z</time>
      </trkpt>
      <trkpt lat="-37.6997446" lon="-73.2180003">
        <ele>790.3</ele>
        <time>2024-01-02T07:23:42Z</time>
      </trkpt>
      <trkpt lat="-37.6998808" lon="-73.2180927">
        <ele>790.2</ele>
        <time>2024-01-02T07:23:48Z</time>
      </trkpt>
      <trkpt lat="-37.7006202" lon="-73.2193238">
        <ele>790.8</ele>
        <time>2024-01-02T07:24:39Z</time>
      </trkpt>
      <trkpt lat="-37.7011382" lon="-73.2195631">
        <ele>792.9</ele>
        <time>2024-01-02T07:25:06Z</time>
      </trkpt>
      <trkpt lat="-37.7015506" lon="-73.2199936">
        <ele>795.0</ele>
        <time>2024-01-02T07:25:30Z</time>
      </trkpt>
      <trkpt lat="-37.7019094" lon="-73.2201175">
        <ele>796.7</ele>
        <time>2024-01-02T07:25:45Z</time>
      </trkpt>
      <trkpt lat="-37.7026041" lon="-73.2205445">
        <ele>798.8</ele>
        <time>2024-01-02T07:26:09Z</time>
      </trkpt>
      <trkpt lat="-37.7032757" lon="-73.2206177">
        <ele>801.3</ele>
        <time>2024-01-02T07:26:30Z</time>
      </trkpt>
      <trkpt lat="-37.7038819" lon="-73.2209349">
        <ele>804.2</ele>
        <time>2024-01-02T07:26:54Z</time>
      </trkpt>
      <trkpt lat="-37.7040809" lon="-73.2209080">
        <ele>805.1</ele>
        <time>2024-01-02T07:27:00Z</time>
      </trkpt>
      <trkpt lat="-37.7050878" lon="-73.2204147">
        <ele>808.4</ele>
        <time>2024-01-02T07:27:30Z</time>
      </trkpt>
      <trkpt lat="-37.7057540" lon="-73.2211549">
        <ele>811.8</ele>
        <time>2024-01-02T07:28:03Z</time>
      </trkpt>
      <trkpt lat="-37.7063093" lon="-73.2215240">
        <ele>814.3</ele>
        <time>2024-01-02T07:28:33Z</time>
      </trkpt>
      <trkpt lat="-37.7064050" lon="-73.2215172">
        <ele>814.7</ele>
        <time>2024-01-02T07:28:36Z</time>
      </trkpt>
      <trkpt lat="-37.7067022" lon="-73.2212221">
        <ele>816.4</ele>
        <time>2024-01-02T07:28:54Z</time>
      </trkpt>
      <trkpt lat="-37.7073088" lon="-73.2204870">
        <ele>820.1</ele>
        <time>2024-01-02T07:29:27Z</time>
      </trkpt>
      <trkpt lat="-37.7078305" lon="-73.2205820">
        <ele>822.2</ele>
        <time>2024-01-02T07:29:51Z</time>
      </trkpt>
      <trkpt lat="-37.7081063" lon="-73.2204808">
        <ele>823.5</ele>
        <time>2024-01-02T07:30:03Z</time>
      </trkpt>
      <trkpt lat="-37.7083101" lon="-73.2205355">
        <ele>824.3</ele>
        <time>2024-01-02T07:30:12Z</time>
      </trkpt>
      <trkpt lat="-37.7093196" lon="-73.2218847">
        <ele>830.6</ele>
        <time>2024-01-02T07:31:06Z</time>
      </trkpt>
      <trkpt lat="-37.7094723" lon="-73.2222758">
        <ele>831.0</ele>
        <time>2024-01-02T07:31:12Z</time>
      </trkpt>
      <trkpt lat="-37.7091841" lon="-73.2232887">
        <ele>834.0</ele>
        <time>2024-01-02T07:31:51Z</time>
      </trkpt>
      <trkpt lat="-37.7091690" lon="-73.2236483">
        <ele>835.2</ele>
        <time>2024-01-02T07:32:06Z</time>
      </trkpt>
      <trkpt lat="-37.7093266" lon="-73.2239287">
        <ele>836.5</ele>
        <time>2024-01-02T07:32:15Z</time>
      </trkpt>
      <trkpt lat="-37.7096847" lon="-73.2240746">
        <ele>837.7</ele>
        <time>2024-01-02T07:32:27Z</time>
      </trkpt>
      <trkpt lat="-37.7098859" lon="-73.2243212">
        <ele>838.6</ele>
        <time>2024-01-02T07:32:39Z</time>
      </trkpt>
      <trkpt lat="-37.7097222" lon="-73.2248546">
        <ele>840.7</ele>
        <time>2024-01-02T07:33:00Z</time>
      </trkpt>
      <trkpt lat="-37.7097841" lon="-73.2251362">
        <ele>841.5</ele>
        <time>2024-01-02T07:33:06Z</time>
      </trkpt>
      <trkpt lat="-37.7101556" lon="-73.2257503">
        <ele>844.0</ele>
        <time>2024-01-02T07:33:33Z</time>
      </trkpt>
      <trkpt lat="-37.7105276" lon="-73.2260103">
        <ele>839.4</ele>
        <time>2024-01-02T07:33:48Z</time>
      </trkpt>
      <trkpt lat="-37.7107342" lon="-73.2263153">
        <ele>834.8</ele>
        <time>2024-01-02T07:34:03Z</time>
      </trkpt>
      <trkpt lat="-37.7106971" lon="-73.2264573">
        <ele>832.4</ele>
        <time>2024-01-02T07:34:12Z</time>
      </trkpt>
      <trkpt lat="-37.7104424" lon="-73.2266052">
        <ele>829.0</ele>
        <time>2024-01-02T07:34:24Z</time>
      </trkpt>
      <trkpt lat="-37.7103606" lon="-73.2270214">
        <ele>825.5</ele>
        <time>2024-01-02T07:34:39Z</time>
      </trkpt>
      <trkpt lat="-37.7105625" lon="-73.2273563">
        <ele>820.9</ele>
        <time>2024-01-02T07:34:54Z</time>
      </trkpt>
      <trkpt lat="-37.7110286" lon="-73.2278350">
        <ele>812.8</ele>
        <time>2024-01-02T07:35:15Z</time>
      </trkpt>
      <trkpt lat="-37.7115764" lon="-73.2279517">
        <ele>805.9</ele>
        <time>2024-01-02T07:35:36Z</time>
      </trkpt>
      <trkpt lat="-37.7121077" lon="-73.2281804">
        <ele>800.1</ele>
        <time>2024-01-02T07:36:00Z</time>
      </trkpt>
      <trkpt lat="-37.7122748" lon="-73.2289385">
        <ele>799.0</ele>
        <time>2024-01-02T07:36:06Z</time>
      </trkpt>
      <trkpt lat="-37.7118196" lon="-73.2303244">
        <ele>785.1</ele>
        <time>2024-01-02T07:36:57Z</time>
      </trkpt>
      <trkpt lat="-37.7118920" lon="-73.2307586">
        <ele>781.6</ele>
        <time>2024-01-02T07:37:09Z</time>
      </trkpt>
      <trkpt lat="-37.7121654" lon="-73.2314248">
        <ele>775.9</ele>
        <time>2024-01-02T07:37:30Z</time>
      </trkpt>
      <trkpt lat="-37.7126599" lon="-73.2318650">
        <ele>767.8</ele>
        <time>2024-01-02T07:37:54Z</time>
      </trkpt>
      <trkpt lat="-37.7126437" lon="-73.2323007">
        <ele>764.3</ele>
        <time>2024-01-02T07:38:09Z</time>
      </trkpt>
      <trkpt lat="-37.7123951" lon="-73.2335474">
        <ele>751.6</ele>
        <time>2024-01-02T07:38:54Z</time>
      </trkpt>
      <trkpt lat="-37.7125376" lon="-73.2344132">
        <ele>743.5</ele>
        <time>2024-01-02T07:39:24Z</time>
      </trkpt>
      <trkpt lat="-37.7131229" lon="-73.2352954">
        <ele>733.1</ele>
        <time>2024-01-02T07:40:00Z</time>
      </trkpt>
      <trkpt lat="-37.7133621" lon="-73.2354613">
        <ele>730.8</ele>
        <time>2024-01-02T07:40:09Z</time>
      </trkpt>
      <trkpt lat="-37.7137168" lon="-73.2355065">
        <ele>726.2</ele>
        <time>2024-01-02T07:40:27Z</time>
      </trkpt>
      <trkpt lat="-37.7144225" lon="-73.2351579">
        <ele>716.9</ele>
        <time>2024-01-02T07:41:03Z</time>
      </trkpt>
      <trkpt lat="-37.7147652" lon="-73.2353372">
        <ele>712.3</ele>
        <time>2024-01-02T07:41:21Z</time>
      </trkpt>
      <trkpt lat="-37.7149572" lon="-73.2356743">
        <ele>707.7</ele>
        <time>2024-01-02T07:41:36Z</time>
      </trkpt>
      <trkpt lat="-37.7150222" lon="-73.2362541">
        <ele>701.9</ele>
        <time>2024-01-02T07:41:57Z</time>
      </trkpt>
      <trkpt lat="-37.7147715" lon="-73.2364303">
        <ele>698.5</ele>
        <time>2024-01-02T07:42:12Z</time>
      </trkpt>
      <trkpt lat="-37.7141765" lon="-73.2363749">
        <ele>693.7</ele>
        <time>2024-01-02T07:42:39Z</time>
      </trkpt>
      <trkpt lat="-37.7140362" lon="-73.2364581">
        <ele>692.4</ele>
        <time>2024-01-02T07:42:48Z</time>
      </trkpt>
      <trkpt lat="-37.7140733" lon="-73.2365894">
        <ele>691.8</ele>
        <time>2024-01-02T07:42:54Z</time>
      </trkpt>
      <trkpt lat="-37.7145337" lon="-73.2366665">
        <ele>689.2</ele>
        <time>2024-01-02T07:43:18Z</time>
      </trkpt>
      <trkpt lat="-37.7147268" lon="-73.2367826">
        <ele>687.3</ele>
        <time>2024-01-02T07:43:30Z</time>
      </trkpt>
      <trkpt lat="-37.7150943" lon="-73.2368105">
        <ele>684.7</ele>
        <time>2024-01-02T07:43:45Z</time>
      </trkpt>
      <trkpt lat="-37.7157488" lon="-73.2364423">
        <ele>679.6</ele>
        <time>2024-01-02T07:44:18Z</time>
      </trkpt>
      <trkpt lat="-37.7158338" lon="-73.2362702">
        <ele>678.3</ele>
        <time>2024-01-02T07:44:27Z</time>
      </trkpt>
      <trkpt lat="-37.7158037" lon="-73.2351671">
        <ele>672.5</ele>
        <time>2024-01-02T07:45:12Z</time>
      </trkpt>
      <trkpt lat="-37.7159236" lon="-73.2348818">
        <ele>670.6</ele>
        <time>2024-01-02T07:45:24Z</time>
      </trkpt>
      <trkpt lat="-37.7159927" lon="-73.2349426">
        <ele>669.9</ele>
        <time>2024-01-02T07:45:30Z</time>
      </trkpt>
      <trkpt lat="-37.7162649" lon="-73.2353808">
        <ele>668.0</ele>
        <time>2024-01-02T07:45:48Z</time>
      </trkpt>
      <trkpt lat="-37.7165161" lon="-73.2361311">
        <ele>664.8</ele>
        <time>2024-01-02T07:46:21Z</time>
      </trkpt>
      <trkpt lat="-37.7167262" lon="-73.2371507">
        <ele>662.8</ele>
        <time>2024-01-02T07:46:36Z</time>
      </trkpt>
      <trkpt lat="-37.7165762" lon="-73.2375484">
        <ele>660.3</ele>
        <time>2024-01-02T07:46:54Z</time>
      </trkpt>
      <trkpt lat="-37.7157880" lon="-73.2382168">
        <ele>653.2</ele>
        <time>2024-01-02T07:47:42Z</time>
      </trkpt>
      <trkpt lat="-37.7156701" lon="-73.2384292">
        <ele>651.2</ele>
        <time>2024-01-02T07:47:57Z</time>
      </trkpt>
      <trkpt lat="-37.7157993" lon="-73.2385661">
        <ele>650.0</ele>
        <time>2024-01-02T07:48:03Z</time>
      </trkpt>
      <trkpt lat="-37.7161456" lon="-73.2386328">
        <ele>647.4</ele>
        <time>2024-01-02T07:48:21Z</time>
      </trkpt>
      <trkpt lat="-37.7165920" lon="-73.2393082">
        <ele>642.2</ele>
        <time>2024-01-02T07:48:54Z</time>
      </trkpt>
      <trkpt lat="-37.7168922" lon="-73.2394977">
        <ele>640.3</ele>
        <time>2024-01-02T07:49:09Z</time>
      </trkpt>
      <trkpt lat="-37.7172002" lon="-73.2395336">
        <ele>638.4</ele>
        <time>2024-01-02T07:49:27Z</time>
      </trkpt>
      <trkpt lat="-37.7173132" lon="-73.2398247">
        <ele>636.4</ele>
        <time>2024-01-02T07:49:42Z</time>
      </trkpt>
      <trkpt lat="-37.7178825" lon="-73.2401879">
        <ele>632.6</ele>
        <time>2024-01-02T07:50:15Z</time>
      </trkpt>
      <trkpt lat="-37.7180800" lon="-73.2402139">
        <ele>631.3</ele>
        <time>2024-01-02T07:50:27Z</time>
      </trkpt>
      <trkpt lat="-37.7188232" lon="-73.2396329">
        <ele>625.5</ele>
        <time>2024-01-02T07:51:09Z</time>
      </trkpt>
      <trkpt lat="-37.7190756" lon="-73.2395849">
        <ele>623.6</ele>
        <time>2024-01-02T07:51:24Z</time>
      </trkpt>
      <trkpt lat="-37.7196785" lon="-73.2396427">
        <ele>619.1</ele>
        <time>2024-01-02T07:51:57Z</time>
      </trkpt>
      <trkpt lat="-37.7206261" lon="-73.2393962">
        <ele>612.6</ele>
        <time>2024-01-02T07:52:48Z</time>
      </trkpt>
      <trkpt lat="-37.7208754" lon="-73.2395363">
        <ele>612.0</ele>
        <time>2024-01-02T07:52:54Z</time>
      </trkpt>
      <trkpt lat="-37.7209823" lon="-73.2394999">
        <ele>611.5</ele>
        <time>2024-01-02T07:53:00Z</time>
      </trkpt>
      <trkpt lat="-37.7214322" lon="-73.2392436">
        <ele>608.3</ele>
        <time>2024-01-02T07:53:30Z</time>
      </trkpt>
      <trkpt lat="-37.7221260" lon="-73.2386403">
        <ele>603.4</ele>
        <time>2024-01-02T07:54:21Z</time>
      </trkpt>
      <trkpt lat="-37.7223748" lon="-73.2385472">
        <ele>601.8</ele>
        <time>2024-01-02T07:54:36Z</time>
      </trkpt>
      <trkpt lat="-37.7232626" lon="-73.2385490">
        <ele>596.5</ele>
        <time>2024-01-02T07:55:18Z</time>
      </trkpt>
      <trkpt lat="-37.7235441" lon="-73.2387368">
        <ele>594.9</ele>
        <time>2024-01-02T07:55:36Z</time>
      </trkpt>
      <trkpt lat="-37.7241214" lon="-73.2396936">
        <ele>589.0</ele>
        <time>2024-01-02T07:56:33Z</time>
      </trkpt>
      <trkpt lat="-37.7244518" lon="-73.2409832">
        <ele>583.1</ele>
        <time>2024-01-02T07:57:36Z</time>
      </trkpt>
      <trkpt lat="-37.7244102" lon="-73.2416071">
        <ele>579.9</ele>
        <time>2024-01-02T07:58:15Z</time>
      </trkpt>
      <trkpt lat="-37.7242716" lon="-73.2417448">
        <ele>578.8</ele>
        <time>2024-01-02T07:58:30Z</time>
      </trkpt>
      <trkpt lat="-37.7241036" lon="-73.2417809">
        <ele>577.8</ele>
        <time>2024-01-02T07:58:45Z</time>
      </trkpt>
      <trkpt lat="-37.7236092" lon="-73.2414118">
        <ele>574.6</ele>
        <time>2024-01-02T07:59:24Z</time>
      </trkpt>
      <trkpt lat="-37.7229102" lon="-73.2420371">
        <ele>569.2</ele>
        <time>2024-01-02T08:00:21Z</time>
      </trkpt>
      <trkpt lat="-37.7226836" lon="-73.2419978">
        <ele>568.1</ele>
        <time>2024-01-02T08:00:33Z</time>
      </trkpt>
      <trkpt lat="-37.7224102" lon="-73.2418295">
        <ele>566.5</ele>
        <time>2024-01-02T08:00:51Z</time>
      </trkpt>
      <trkpt lat="-37.7219829" lon="-73.2418180">
        <ele>563.9</ele>
        <time>2024-01-02T08:01:21Z</time>
      </trkpt>
      <trkpt lat="-37.7217774" lon="-73.2419779">
        <ele>562.3</ele>
        <time>2024-01-02T08:01:42Z</time>
      </trkpt>
      <trkpt lat="-37.7210324" lon="-73.2434405">
        <ele>553.7</ele>
        <time>2024-01-02T08:03:18Z</time>
      </trkpt>
      <trkpt lat="-37.7207352" lon="-73.2432329">
        <ele>551.6</ele>
        <time>2024-01-02T08:03:36Z</time>
      </trkpt>
      <trkpt lat="-37.7207027" lon="-73.2429421">
        <ele>550.0</ele>
        <time>2024-01-02T08:03:54Z</time>
      </trkpt>
      <trkpt lat="-37.7205964" lon="-73.2428241">
        <ele>548.9</ele>
        <time>2024-01-02T08:04:06Z</time>
      </trkpt>
      <trkpt lat="-37.7202864" lon="-73.2428905">
        <ele>546.7</ele>
        <time>2024-01-02T08:04:24Z</time>
      </trkpt>
      <trkpt lat="-37.7199619" lon="-73.2434393">
        <ele>543.5</ele>
        <time>2024-01-02T08:05:03Z</time>
      </trkpt>
      <trkpt lat="-37.7194095" lon="-73.2432538">
        <ele>539.9</ele>
        <time>2024-01-02T08:05:33Z</time>
      </trkpt>
      <trkpt lat="-37.7190668" lon="-73.2435161">
        <ele>537.9</ele>
        <time>2024-01-02T08:06:00Z</time>
      </trkpt>
      <trkpt lat="-37.7187068" lon="-73.2436216">
        <ele>535.8</ele>
        <time>2024-01-02T08:06:21Z</time>
      </trkpt>
      <trkpt lat="-37.7186417" lon="-73.2437020">
        <ele>535.3</ele>
        <time>2024-01-02T08:06:30Z</time>
      </trkpt>
      <trkpt lat="-37.7186613" lon="-73.2443552">
        <ele>534.3</ele>
        <time>2024-01-02T08:06:42Z</time>
      </trkpt>
      <trkpt lat="-37.7181017" lon="-73.2452581">
        <ele>529.2</ele>
        <time>2024-01-02T08:07:24Z</time>
      </trkpt>
      <trkpt lat="-37.7180643" lon="-73.2460217">
        <ele>526.1</ele>
        <time>2024-01-02T08:07:48Z</time>
      </trkpt>
      <trkpt lat="-37.7182215" lon="-73.2468336">
        <ele>523.0</ele>
        <time>2024-01-02T08:08:21Z</time>
      </trkpt>
      <trkpt lat="-37.7182429" lon="-73.2480575">
        <ele>517.9</ele>
        <time>2024-01-02T08:09:00Z</time>
      </trkpt>
      <trkpt lat="-37.7185120" lon="-73.2486219">
        <ele>515.4</ele>
        <time>2024-01-02T08:09:21Z</time>
      </trkpt>
      <trkpt lat="-37.7191936" lon="-73.2495686">
        <ele>510.3</ele>
        <time>2024-01-02T08:10:00Z</time>
      </trkpt>
      <trkpt lat="-37.7194909" lon="-73.2502280">
        <ele>507.2</ele>
        <time>2024-01-02T08:10:30Z</time>
      </trkpt>
      <trkpt lat="-37.7192483" lon="-73.2515600">
        <ele>501.0</ele>
        <time>2024-01-02T08:11:30Z</time>
      </trkpt>
      <trkpt lat="-37.7185726" lon="-73.2529260">
        <ele>493.9</ele>
        <time>2024-01-02T08:12:48Z</time>
      </trkpt>
      <trkpt lat="-37.7185969" lon="-73.2530185">
        <ele>493.4</ele>
        <time>2024-01-02T08:12:54Z</time>
      </trkpt>
      <trkpt lat="-37.7186450" lon="-73.2531694">
        <ele>492.9</ele>
        <time>2024-01-02T08:13:00Z</time>
      </trkpt>
      <trkpt lat="-37.7188186" lon="-73.2532103">
        <ele>491.8</ele>
        <time>2024-01-02T08:13:09Z</time>
      </trkpt>
      <trkpt lat="-37.7190783" lon="-73.2529526">
        <ele>489.8</ele>
        <time>2024-01-02T08:13:27Z</time>
      </trkpt>
      <trkpt lat="-37.7193489" lon="-73.2524376">
        <ele>487.2</ele>
        <time>2024-01-02T08:13:51Z</time>
      </trkpt>
      <trkpt lat="-37.7201050" lon="-73.2518022">
        <ele>482.6</ele>
        <time>2024-01-02T08:14:39Z</time>
      </trkpt>
      <trkpt lat="-37.7204089" lon="-73.2509352">
        <ele>478.5</ele>
        <time>2024-01-02T08:15:12Z</time>
      </trkpt>
      <trkpt lat="-37.7205090" lon="-73.2500663">
        <ele>473.0</ele>
        <time>2024-01-02T08:15:48Z</time>
      </trkpt>
      <trkpt lat="-37.7207841" lon="-73.2490338">
        <ele>461.2</ele>
        <time>2024-01-02T08:16:33Z</time>
      </trkpt>
      <trkpt lat="-37.7210988" lon="-73.2485232">
        <ele>453.3</ele>
        <time>2024-01-02T08:17:03Z</time>
      </trkpt>
      <trkpt lat="-37.7210497" lon="-73.2480233">
        <ele>448.0</ele>
        <time>2024-01-02T08:17:24Z</time>
      </trkpt>
      <trkpt lat="-37.7211523" lon="-73.2480506">
        <ele>446.7</ele>
        <time>2024-01-02T08:17:30Z</time>
      </trkpt>
      <trkpt lat="-37.7215377" lon="-73.2485176">
        <ele>438.8</ele>
        <time>2024-01-02T08:17:57Z</time>
      </trkpt>
      <trkpt lat="-37.7217535" lon="-73.2491757">
        <ele>432.2</ele>
        <time>2024-01-02T08:18:21Z</time>
      </trkpt>
      <trkpt lat="-37.7217156" lon="-73.2496882">
        <ele>425.6</ele>
        <time>2024-01-02T08:18:42Z</time>
      </trkpt>
      <trkpt lat="-37.7214465" lon="-73.2504703">
        <ele>416.4</ele>
        <time>2024-01-02T08:19:18Z</time>
      </trkpt>
      <trkpt lat="-37.7214100" lon="-73.2511385">
        <ele>409.8</ele>
        <time>2024-01-02T08:19:48Z</time>
      </trkpt>
      <trkpt lat="-37.7219315" lon="-73.2524573">
        <ele>396.6</ele>
        <time>2024-01-02T08:20:42Z</time>
      </trkpt>
      <trkpt lat="-37.7217337" lon="-73.2534248">
        <ele>386.1</ele>
        <time>2024-01-02T08:21:15Z</time>
      </trkpt>
      <trkpt lat="-37.7214245" lon="-73.2539248">
        <ele>379.5</ele>
        <time>2024-01-02T08:21:45Z</time>
      </trkpt>
      <trkpt lat="-37.7214645" lon="-73.2541970">
        <ele>376.8</ele>
        <time>2024-01-02T08:21:57Z</time>
      </trkpt>
      <trkpt lat="-37.7216938" lon="-73.2544959">
        <ele>371.6</ele>
        <time>2024-01-02T08:22:12Z</time>
      </trkpt>
      <trkpt lat="-37.7217608" lon="-73.2547293">
        <ele>368.9</ele>
        <time>2024-01-02T08:22:24Z</time>
      </trkpt>
      <trkpt lat="-37.7216044" lon="-73.2549175">
        <ele>366.3</ele>
        <time>2024-01-02T08:22:36Z</time>
      </trkpt>
      <trkpt lat="-37.7213353" lon="-73.2548687">
        <ele>362.3</ele>
        <time>2024-01-02T08:22:54Z</time>
      </trkpt>
      <trkpt lat="-37.7212539" lon="-73.2548991">
        <ele>361.0</ele>
        <time>2024-01-02T08:23:00Z</time>
      </trkpt>
      <trkpt lat="-37.7212674" lon="-73.2549863">
        <ele>359.7</ele>
        <time>2024-01-02T08:23:06Z</time>
      </trkpt>
      <trkpt lat="-37.7214536" lon="-73.2552153">
        <ele>355.8</ele>
        <time>2024-01-02T08:23:18Z</time>
      </trkpt>
      <trkpt lat="-37.7216468" lon="-73.2552841">
        <ele>353.1</ele>
        <time>2024-01-02T08:23:30Z</time>
      </trkpt>
      <trkpt lat="-37.7221603" lon="-73.2551751">
        <ele>345.2</ele>
        <time>2024-01-02T08:23:57Z</time>
      </trkpt>
      <trkpt lat="-37.7225611" lon="-73.2547454">
        <ele>338.6</ele>
        <time>2024-01-02T08:24:21Z</time>
      </trkpt>
      <trkpt lat="-37.7229103" lon="-73.2538510">
        <ele>328.1</ele>
        <time>2024-01-02T08:25:03Z</time>
      </trkpt>
      <trkpt lat="-37.7232987" lon="-73.2536118">
        <ele>321.5</ele>
        <time>2024-01-02T08:25:30Z</time>
      </trkpt>
      <trkpt lat="-37.7235168" lon="-73.2536370">
        <ele>318.9</ele>
        <time>2024-01-02T08:25:42Z</time>
      </trkpt>
      <trkpt lat="-37.7235432" lon="-73.2537545">
        <ele>317.5</ele>
        <time>2024-01-02T08:25:48Z</time>
      </trkpt>
      <trkpt lat="-37.7232382" lon="-73.2541684">
        <ele>311.0</ele>
        <time>2024-01-02T08:26:18Z</time>
      </trkpt>
      <trkpt lat="-37.7232609" lon="-73.2545840">
        <ele>307.0</ele>
        <time>2024-01-02T08:26:33Z</time>
      </trkpt>
      <trkpt lat="-37.7231348" lon="-73.2552439">
        <ele>304.7</ele>
        <time>2024-01-02T08:27:03Z</time>
      </trkpt>
      <trkpt lat="-37.7232777" lon="-73.2558270">
        <ele>302.4</ele>
        <time>2024-01-02T08:27:30Z</time>
      </trkpt>
      <trkpt lat="-37.7232583" lon="-73.2560342">
        <ele>301.5</ele>
        <time>2024-01-02T08:27:42Z</time>
      </trkpt>
      <trkpt lat="-37.7231242" lon="-73.2562103">
        <ele>300.6</ele>
        <time>2024-01-02T08:27:54Z</time>
      </trkpt>
      <trkpt lat="-37.7228957" lon="-73.2562063">
        <ele>299.7</ele>
        <time>2024-01-02T08:28:06Z</time>
      </trkpt>
      <trkpt lat="-37.7228193" lon="-73.2562821">
        <ele>299.2</ele>
        <time>2024-01-02T08:28:12Z</time>
      </trkpt>
      <trkpt lat="-37.7227813" lon="-73.2566367">
        <ele>297.9</ele>
        <time>2024-01-02T08:28:30Z</time>
      </trkpt>
      <trkpt lat="-37.7224565" lon="-73.2571298">
        <ele>295.6</ele>
        <time>2024-01-02T08:29:03Z</time>
      </trkpt>
      <trkpt lat="-37.7223910" lon="-73.2577393">
        <ele>292.8</ele>
        <time>2024-01-02T08:29:39Z</time>
      </trkpt>
      <trkpt lat="-37.7225406" lon="-73.2579857">
        <ele>291.4</ele>
        <time>2024-01-02T08:29:57Z</time>
      </trkpt>
      <trkpt lat="-37.7229576" lon="-73.2579745">
        <ele>290.5</ele>
        <time>2024-01-02T08:30:03Z</time>
      </trkpt>
      <trkpt lat="-37.7229707" lon="-73.2576172">
        <ele>289.2</ele>
        <time>2024-01-02T08:30:18Z</time>
      </trkpt>
      <trkpt lat="-37.7230479" lon="-73.2575770">
        <ele>288.7</ele>
        <time>2024-01-02T08:30:24Z</time>
      </trkpt>
      <trkpt lat="-37.7233234" lon="-73.2577190">
        <ele>287.3</ele>
        <time>2024-01-02T08:30:39Z</time>
      </trkpt>
      <trkpt lat="-37.7236230" lon="-73.2577593">
        <ele>286.0</ele>
        <time>2024-01-02T08:30:51Z</time>
      </trkpt>
      <trkpt lat="-37.7239999" lon="-73.2576831">
        <ele>284.1</ele>
        <time>2024-01-02T08:31:15Z</time>
      </trkpt>
      <trkpt lat="-37.7248305" lon="-73.2577967">
        <ele>279.6</ele>
        <time>2024-01-02T08:32:03Z</time>
      </trkpt>
      <trkpt lat="-37.7255980" lon="-73.2577254">
        <ele>275.4</ele>
        <time>2024-01-02T08:32:42Z</time>
      </trkpt>
      <trkpt lat="-37.7258651" lon="-73.2574278">
        <ele>273.6</ele>
        <time>2024-01-02T08:33:03Z</time>
      </trkpt>
      <trkpt lat="-37.7258581" lon="-73.2570256">
        <ele>272.2</ele>
        <time>2024-01-02T08:33:21Z</time>
      </trkpt>
      <trkpt lat="-37.7256406" lon="-73.2567573">
        <ele>270.9</ele>
        <time>2024-01-02T08:33:39Z</time>
      </trkpt>
      <trkpt lat="-37.7252976" lon="-73.2566889">
        <ele>269.0</ele>
        <time>2024-01-02T08:34:00Z</time>
      </trkpt>
      <trkpt lat="-37.7253675" lon="-73.2564815">
        <ele>268.1</ele>
        <time>2024-01-02T08:34:12Z</time>
      </trkpt>
      <trkpt lat="-37.7256731" lon="-73.2563847">
        <ele>266.3</ele>
        <time>2024-01-02T08:34:30Z</time>
      </trkpt>
      <trkpt lat="-37.7264669" lon="-73.2567328">
        <ele>262.2</ele>
        <time>2024-01-02T08:35:15Z</time>
      </trkpt>
      <trkpt lat="-37.7273901" lon="-73.2560108">
        <ele>257.1</ele>
        <time>2024-01-02T08:36:15Z</time>
      </trkpt>
      <trkpt lat="-37.7287274" lon="-73.2570647">
        <ele>248.9</ele>
        <time>2024-01-02T08:37:54Z</time>
      </trkpt>
      <trkpt lat="-37.7287981" lon="-73.2573381">
        <ele>248.0</ele>
        <time>2024-01-02T08:38:09Z</time>
      </trkpt>
      <trkpt lat="-37.7285800" lon="-73.2580872">
        <ele>247.0</ele>
        <time>2024-01-02T08:38:45Z</time>
      </trkpt>
      <trkpt lat="-37.7286443" lon="-73.2592961">
        <ele>245.1</ele>
        <time>2024-01-02T08:39:39Z</time>
      </trkpt>
      <trkpt lat="-37.7283986" lon="-73.2603906">
        <ele>243.4</ele>
        <time>2024-01-02T08:40:39Z</time>
      </trkpt>
      <trkpt lat="-37.7278348" lon="-73.2621123">
        <ele>241.3</ele>
        <time>2024-01-02T08:41:30Z</time>
      </trkpt>
      <trkpt lat="-37.7280073" lon="-73.2624034">
        <ele>240.8</ele>
        <time>2024-01-02T08:41:45Z</time>
      </trkpt>
      <trkpt lat="-37.7285080" lon="-73.2623610">
        <ele>240.0</ele>
        <time>2024-01-02T08:42:09Z</time>
      </trkpt>
      <trkpt lat="-37.7292062" lon="-73.2628733">
        <ele>239.8</ele>
        <time>2024-01-02T08:42:15Z</time>
      </trkpt>
      <trkpt lat="-37.7300018" lon="-73.2639828">
        <ele>238.1</ele>
        <time>2024-01-02T08:42:48Z</time>
      </trkpt>
      <trkpt lat="-37.7300992" lon="-73.2643096">
        <ele>237.6</ele>
        <time>2024-01-02T08:42:57Z</time>
      </trkpt>
      <trkpt lat="-37.7300691" lon="-73.2661324">
        <ele>235.4</ele>
        <time>2024-01-02T08:43:39Z</time>
      </trkpt>
      <trkpt lat="-37.7301324" lon="-73.2668936">
        <ele>234.5</ele>
        <time>2024-01-02T08:43:57Z</time>
      </trkpt>
      <trkpt lat="-37.7306227" lon="-73.2677325">
        <ele>233.3</ele>
        <time>2024-01-02T08:44:24Z</time>
      </trkpt>
      <trkpt lat="-37.7307535" lon="-73.2681147">
        <ele>232.8</ele>
        <time>2024-01-02T08:44:36Z</time>
      </trkpt>
      <trkpt lat="-37.7309665" lon="-73.2693980">
        <ele>231.1</ele>
        <time>2024-01-02T08:45:06Z</time>
      </trkpt>
      <trkpt lat="-37.7309527" lon="-73.2702004">
        <ele>230.8</ele>
        <time>2024-01-02T08:45:15Z</time>
      </trkpt>
      <trkpt lat="-37.7311154" lon="-73.2714482">
        <ele>229.6</ele>
        <time>2024-01-02T08:45:36Z</time>
      </trkpt>
      <trkpt lat="-37.7316739" lon="-73.2726737">
        <ele>228.6</ele>
        <time>2024-01-02T08:45:57Z</time>
      </trkpt>
      <trkpt lat="-37.7319783" lon="-73.2731385">
        <ele>228.0</ele>
        <time>2024-01-02T08:46:06Z</time>
      </trkpt>
      <trkpt lat="-37.7327418" lon="-73.2736850">
        <ele>226.9</ele>
        <time>2024-01-02T08:46:27Z</time>
      </trkpt>
      <trkpt lat="-37.7335877" lon="-73.2741162">
        <ele>227.0</ele>
        <time>2024-01-02T08:46:48Z</time>
      </trkpt>
      <trkpt lat="-37.7346350" lon="-73.2755219">
        <ele>232.6</ele>
        <time>2024-01-02T08:47:21Z</time>
      </trkpt>
      <trkpt lat="-37.7350812" lon="-73.2788248">
        <ele>244.6</ele>
        <time>2024-01-02T08:48:33Z</time>
      </trkpt>
      <trkpt lat="-37.7350768" lon="-73.2794905">
        <ele>246.7</ele>
        <time>2024-01-02T08:48:48Z</time>
      </trkpt>
      <trkpt lat="-37.7343531" lon="-73.2805030">
        <ele>251.7</ele>
        <time>2024-01-02T08:49:21Z</time>
      </trkpt>
      <trkpt lat="-37.7341682" lon="-73.2809790">
        <ele>253.7</ele>
        <time>2024-01-02T08:49:36Z</time>
      </trkpt>
      <trkpt lat="-37.7336841" lon="-73.2814269">
        <ele>256.2</ele>
        <time>2024-01-02T08:49:54Z</time>
      </trkpt>
      <trkpt lat="-37.7331531" lon="-73.2815303">
        <ele>258.8</ele>
        <time>2024-01-02T08:50:09Z</time>
      </trkpt>
      <trkpt lat="-37.7326977" lon="-73.2819493">
        <ele>261.3</ele>
        <time>2024-01-02T08:50:27Z</time>
      </trkpt>
      <trkpt lat="-37.7320768" lon="-73.2830863">
        <ele>266.3</ele>
        <time>2024-01-02T08:50:57Z</time>
      </trkpt>
      <trkpt lat="-37.7320609" lon="-73.2833280">
        <ele>267.3</ele>
        <time>2024-01-02T08:51:03Z</time>
      </trkpt>
      <trkpt lat="-37.7318511" lon="-73.2838571">
        <ele>268.8</ele>
        <time>2024-01-02T08:51:18Z</time>
      </trkpt>
      <trkpt lat="-37.7313705" lon="-73.2847793">
        <ele>272.4</ele>
        <time>2024-01-02T08:51:42Z</time>
      </trkpt>
      <trkpt lat="-37.7291057" lon="-73.2869625">
        <ele>282.4</ele>
        <time>2024-01-02T08:52:54Z</time>
      </trkpt>
      <trkpt lat="-37.7287243" lon="-73.2875936">
        <ele>285.0</ele>
        <time>2024-01-02T08:53:09Z</time>
      </trkpt>
      <trkpt lat="-37.7286334" lon="-73.2876207">
        <ele>285.5</ele>
        <time>2024-01-02T08:53:12Z</time>
      </trkpt>
      <trkpt lat="-37.7280328" lon="-73.2894119">
        <ele>286.0</ele>
        <time>2024-01-02T08:53:15Z</time>
      </trkpt>
      <trkpt lat="-37.7272762" lon="-73.2901914">
        <ele>290.0</ele>
        <time>2024-01-02T08:53:51Z</time>
      </trkpt>
      <trkpt lat="-37.7272194" lon="-73.2907141">
        <ele>287.0</ele>
        <time>2024-01-02T08:54:06Z</time>
      </trkpt>
      <trkpt lat="-37.7272899" lon="-73.2914168">
        <ele>281.6</ele>
        <time>2024-01-02T08:54:24Z</time>
      </trkpt>
      <trkpt lat="-37.7273998" lon="-73.2917852">
        <ele>277.6</ele>
        <time>2024-01-02T08:54:33Z</time>
      </trkpt>
      <trkpt lat="-37.7277784" lon="-73.2923716">
        <ele>270.9</ele>
        <time>2024-01-02T08:54:54Z</time>
      </trkpt>
      <trkpt lat="-37.7277727" lon="-73.2925931">
        <ele>268.2</ele>
        <time>2024-01-02T08:55:00Z</time>
      </trkpt>
      <trkpt lat="-37.7271419" lon="-73.2946138">
        <ele>242.7</ele>
        <time>2024-01-02T08:56:06Z</time>
      </trkpt>
      <trkpt lat="-37.7263777" lon="-73.2951646">
        <ele>230.7</ele>
        <time>2024-01-02T08:56:39Z</time>
      </trkpt>
      <trkpt lat="-37.7246593" lon="-73.2958140">
        <ele>207.9</ele>
        <time>2024-01-02T08:57:45Z</time>
      </trkpt>
      <trkpt lat="-37.7243113" lon="-73.2962125">
        <ele>202.5</ele>
        <time>2024-01-02T08:58:03Z</time>
      </trkpt>
      <trkpt lat="-37.7239569" lon="-73.2971206">
        <ele>193.1</ele>
        <time>2024-01-02T08:58:36Z</time>
      </trkpt>
      <trkpt lat="-37.7233015" lon="-73.2978228">
        <ele>181.0</ele>
        <time>2024-01-02T08:59:12Z</time>
      </trkpt>
      <trkpt lat="-37.7231083" lon="-73.2983277">
        <ele>175.7</ele>
        <time>2024-01-02T08:59:33Z</time>
      </trkpt>
      <trkpt lat="-37.7233439" lon="-73.2985073">
        <ele>171.6</ele>
        <time>2024-01-02T08:59:45Z</time>
      </trkpt>
      <trkpt lat="-37.7232139" lon="-73.2987897">
        <ele>167.6</ele>
        <time>2024-01-02T08:59:57Z</time>
      </trkpt>
      <trkpt lat="-37.7224959" lon="-73.2990643">
        <ele>158.2</ele>
        <time>2024-01-02T09:00:24Z</time>
      </trkpt>
      <trkpt lat="-37.7223013" lon="-73.2992573">
        <ele>154.2</ele>
        <time>2024-01-02T09:00:36Z</time>
      </trkpt>
      <trkpt lat="-37.7222174" lon="-73.2994695">
        <ele>151.5</ele>
        <time>2024-01-02T09:00:45Z</time>
      </trkpt>
      <trkpt lat="-37.7217603" lon="-73.2998174">
        <ele>150.2</ele>
        <time>2024-01-02T09:00:48Z</time>
      </trkpt>
      <trkpt lat="-37.7214604" lon="-73.3009408">
        <ele>139.5</ele>
        <time>2024-01-02T09:01:18Z</time>
      </trkpt>
      <trkpt lat="-37.7213240" lon="-73.3017923">
        <ele>131.4</ele>
        <time>2024-01-02T09:01:36Z</time>
      </trkpt>
      <trkpt lat="-37.7209016" lon="-73.3025487">
        <ele>122.0</ele>
        <time>2024-01-02T09:02:03Z</time>
      </trkpt>
      <trkpt lat="-37.7206440" lon="-73.3035608">
        <ele>118.5</ele>
        <time>2024-01-02T09:02:24Z</time>
      </trkpt>
      <trkpt lat="-37.7204081" lon="-73.3040634">
        <ele>119.2</ele>
        <time>2024-01-02T09:02:39Z</time>
      </trkpt>
      <trkpt lat="-37.7203470" lon="-73.3048022">
        <ele>120.0</ele>
        <time>2024-01-02T09:02:57Z</time>
      </trkpt>
      <trkpt lat="-37.7202265" lon="-73.3051837">
        <ele>120.3</ele>
        <time>2024-01-02T09:03:09Z</time>
      </trkpt>
      <trkpt lat="-37.7200707" lon="-73.3055694">
        <ele>120.9</ele>
        <time>2024-01-02T09:03:21Z</time>
      </trkpt>
      <trkpt lat="-37.7194089" lon="-73.3065693">
        <ele>122.3</ele>
        <time>2024-01-02T09:03:51Z</time>
      </trkpt>
      <trkpt lat="-37.7193283" lon="-73.3081052">
        <ele>124.0</ele>
        <time>2024-01-02T09:04:27Z</time>
      </trkpt>
      <trkpt lat="-37.7196841" lon="-73.3101409">
        <ele>125.9</ele>
        <time>2024-01-02T09:05:09Z</time>
      </trkpt>
      <trkpt lat="-37.7195545" lon="-73.3107786">
        <ele>126.5</ele>
        <time>2024-01-02T09:05:27Z</time>
      </trkpt>
      <trkpt lat="-37.7183952" lon="-73.3123289">
        <ele>129.3</ele>
        <time>2024-01-02T09:06:27Z</time>
      </trkpt>
      <trkpt lat="-37.7177519" lon="-73.3135604">
        <ele>131.0</ele>
        <time>2024-01-02T09:07:15Z</time>
      </trkpt>
      <trkpt lat="-37.7176037" lon="-73.3136825">
        <ele>131.2</ele>
        <time>2024-01-02T09:07:21Z</time>
      </trkpt>
      <trkpt lat="-37.7171448" lon="-73.3137913">
        <ele>131.6</ele>
        <time>2024-01-02T09:07:30Z</time>
      </trkpt>
      <trkpt lat="-37.7169959" lon="-73.3139387">
        <ele>132.0</ele>
        <time>2024-01-02T09:07:39Z</time>
      </trkpt>
      <trkpt lat="-37.7168828" lon="-73.3150294">
        <ele>133.2</ele>
        <time>2024-01-02T09:08:15Z</time>
      </trkpt>
      <trkpt lat="-37.7169678" lon="-73.3154479">
        <ele>133.7</ele>
        <time>2024-01-02T09:08:27Z</time>
      </trkpt>
      <trkpt lat="-37.7172433" lon="-73.3160195">
        <ele>134.4</ele>
        <time>2024-01-02T09:08:48Z</time>
      </trkpt>
      <trkpt lat="-37.7173049" lon="-73.3164381">
        <ele>134.6</ele>
        <time>2024-01-02T09:08:51Z</time>
      </trkpt>
      <trkpt lat="-37.7172008" lon="-73.3182876">
        <ele>137.1</ele>
        <time>2024-01-02T09:09:48Z</time>
      </trkpt>
      <trkpt lat="-37.7178470" lon="-73.3193256">
        <ele>137.4</ele>
        <time>2024-01-02T09:10:21Z</time>
      </trkpt>
      <trkpt lat="-37.7179476" lon="-73.3197095">
        <ele>136.9</ele>
        <time>2024-01-02T09:10:33Z</time>
      </trkpt>
      <trkpt lat="-37.7177056" lon="-73.3206130">
        <ele>135.7</ele>
        <time>2024-01-02T09:11:09Z</time>
      </trkpt>
      <trkpt lat="-37.7173079" lon="-73.3214718">
        <ele>134.6</ele>
        <time>2024-01-02T09:11:48Z</time>
      </trkpt>
      <trkpt lat="-37.7170289" lon="-73.3227687">
        <ele>132.9</ele>
        <time>2024-01-02T09:12:33Z</time>
      </trkpt>
      <trkpt lat="-37.7172384" lon="-73.3231786">
        <ele>132.3</ele>
        <time>2024-01-02T09:12:48Z</time>
      </trkpt>
      <trkpt lat="-37.7172993" lon="-73.3235083">
        <ele>131.8</ele>
        <time>2024-01-02T09:13:03Z</time>
      </trkpt>
      <trkpt lat="-37.7170583" lon="-73.3237898">
        <ele>131.2</ele>
        <time>2024-01-02T09:13:21Z</time>
      </trkpt>
      <trkpt lat="-37.7169822" lon="-73.3246907">
        <ele>129.9</ele>
        <time>2024-01-02T09:14:00Z</time>
      </trkpt>
      <trkpt lat="-37.7161036" lon="-73.3259950">
        <ele>127.8</ele>
        <time>2024-01-02T09:14:57Z</time>
      </trkpt>
      <trkpt lat="-37.7155787" lon="-73.3270435">
        <ele>126.2</ele>
        <time>2024-01-02T09:15:42Z</time>
      </trkpt>
      <trkpt lat="-37.7151270" lon="-73.3284214">
        <ele>124.2</ele>
        <time>2024-01-02T09:16:39Z</time>
      </trkpt>
      <trkpt lat="-37.7151482" lon="-73.3285557">
        <ele>124.0</ele>
        <time>2024-01-02T09:16:45Z</time>
      </trkpt>
      <trkpt lat="-37.7147992" lon="-73.3297599">
        <ele>123.3</ele>
        <time>2024-01-02T09:17:00Z</time>
      </trkpt>
      <trkpt lat="-37.7146468" lon="-73.3300531">
        <ele>122.8</ele>
        <time>2024-01-02T09:17:12Z</time>
      </trkpt>
      <trkpt lat="-37.7133316" lon="-73.3315197">
        <ele>120.2</ele>
        <time>2024-01-02T09:18:21Z</time>
      </trkpt>
      <trkpt lat="-37.7127805" lon="-73.3326947">
        <ele>118.5</ele>
        <time>2024-01-02T09:19:00Z</time>
      </trkpt>
      <trkpt lat="-37.7126657" lon="-73.3334705">
        <ele>117.8</ele>
        <time>2024-01-02T09:19:24Z</time>
      </trkpt>
      <trkpt lat="-37.7124919" lon="-73.3339347">
        <ele>117.6</ele>
        <time>2024-01-02T09:19:39Z</time>
      </trkpt>
      <trkpt lat="-37.7112382" lon="-73.3361652">
        <ele>116.4</ele>
        <time>2024-01-02T09:21:24Z</time>
      </trkpt>
      <trkpt lat="-37.7107076" lon="-73.3366683">
        <ele>115.9</ele>
        <time>2024-01-02T09:21:54Z</time>
      </trkpt>
      <trkpt lat="-37.7102537" lon="-73.3368562">
        <ele>115.6</ele>
        <time>2024-01-02T09:22:15Z</time>
      </trkpt>
      <trkpt lat="-37.7099006" lon="-73.3368316">
        <ele>115.3</ele>
        <time>2024-01-02T09:22:33Z</time>
      </trkpt>
      <trkpt lat="-37.7090851" lon="-73.3377045">
        <ele>115.0</ele>
        <time>2024-01-02T09:23:03Z</time>
      </trkpt>
      <trkpt lat="-37.7088946" lon="-73.3380911">
        <ele>114.7</ele>
        <time>2024-01-02T09:23:18Z</time>
      </trkpt>
      <trkpt lat="-37.7087141" lon="-73.3389208">
        <ele>114.3</ele>
        <time>2024-01-02T09:23:48Z</time>
      </trkpt>
      <trkpt lat="-37.7073815" lon="-73.3401309">
        <ele>113.3</ele>
        <time>2024-01-02T09:24:51Z</time>
      </trkpt>
      <trkpt lat="-37.7066920" lon="-73.3413459">
        <ele>112.7</ele>
        <time>2024-01-02T09:25:21Z</time>
      </trkpt>
      <trkpt lat="-37.7063577" lon="-73.3417818">
        <ele>112.5</ele>
        <time>2024-01-02T09:25:39Z</time>
      </trkpt>
      <trkpt lat="-37.7058867" lon="-73.3420362">
        <ele>112.2</ele>
        <time>2024-01-02T09:25:57Z</time>
      </trkpt>
      <trkpt lat="-37.7049186" lon="-73.3423064">
        <ele>111.6</ele>
        <time>2024-01-02T09:26:33Z</time>
      </trkpt>
      <trkpt lat="-37.7034265" lon="-73.3425148">
        <ele>110.8</ele>
        <time>2024-01-02T09:27:18Z</time>
      </trkpt>
      <trkpt lat="-37.7029101" lon="-73.3427053">
        <ele>110.4</ele>
        <time>2024-01-02T09:27:42Z</time>
      </trkpt>
      <trkpt lat="-37.7024072" lon="-73.3426927">
        <ele>110.1</ele>
        <time>2024-01-02T09:28:03Z</time>
      </trkpt>
      <trkpt lat="-37.7020202" lon="-73.3430050">
        <ele>109.4</ele>
        <time>2024-01-02T09:28:21Z</time>
      </trkpt>
      <trkpt lat="-37.7014887" lon="-73.3436472">
        <ele>108.8</ele>
        <time>2024-01-02T09:28:27Z</time>
      </trkpt>
      <trkpt lat="-37.7008440" lon="-73.3439432">
        <ele>106.5</ele>
        <time>2024-01-02T09:28:54Z</time>
      </trkpt>
      <trkpt lat="-37.7002360" lon="-73.3440593">
        <ele>105.0</ele>
        <time>2024-01-02T09:29:15Z</time>
      </trkpt>
      <trkpt lat="-37.6999196" lon="-73.3444650">
        <ele>103.5</ele>
        <time>2024-01-02T09:29:33Z</time>
      </trkpt>
      <trkpt lat="-37.6995064" lon="-73.3453564">
        <ele>100.6</ele>
        <time>2024-01-02T09:30:06Z</time>
      </trkpt>
      <trkpt lat="-37.6982022" lon="-73.3465993">
        <ele>95.9</ele>
        <time>2024-01-02T09:31:06Z</time>
      </trkpt>
      <trkpt lat="-37.6978391" lon="-73.3476352">
        <ele>93.5</ele>
        <time>2024-01-02T09:31:36Z</time>
      </trkpt>
      <trkpt lat="-37.6975336" lon="-73.3480483">
        <ele>92.3</ele>
        <time>2024-01-02T09:31:57Z</time>
      </trkpt>
      <trkpt lat="-37.6970877" lon="-73.3480861">
        <ele>90.9</ele>
        <time>2024-01-02T09:32:15Z</time>
      </trkpt>
      <trkpt lat="-37.6965469" lon="-73.3485528">
        <ele>88.8</ele>
        <time>2024-01-02T09:32:45Z</time>
      </trkpt>
      <trkpt lat="-37.6959057" lon="-73.3487078">
        <ele>87.0</ele>
        <time>2024-01-02T09:33:06Z</time>
      </trkpt>
      <trkpt lat="-37.6949922" lon="-73.3491703">
        <ele>84.1</ele>
        <time>2024-01-02T09:33:42Z</time>
      </trkpt>
      <trkpt lat="-37.6944068" lon="-73.3493727">
        <ele>82.3</ele>
        <time>2024-01-02T09:34:06Z</time>
      </trkpt>
      <trkpt lat="-37.6938993" lon="-73.3498462">
        <ele>82.0</ele>
        <time>2024-01-02T09:34:09Z</time>
      </trkpt>
      <trkpt lat="-37.6935837" lon="-73.3506950">
        <ele>79.7</ele>
        <time>2024-01-02T09:34:33Z</time>
      </trkpt>
      <trkpt lat="-37.6934218" lon="-73.3520048">
        <ele>77.0</ele>
        <time>2024-01-02T09:35:03Z</time>
      </trkpt>
      <trkpt lat="-37.6933766" lon="-73.3535417">
        <ele>73.8</ele>
        <time>2024-01-02T09:35:42Z</time>
      </trkpt>
      <trkpt lat="-37.6930791" lon="-73.3547583">
        <ele>72.0</ele>
        <time>2024-01-02T09:36:15Z</time>
      </trkpt>
      <trkpt lat="-37.6929145" lon="-73.3561169">
        <ele>72.0</ele>
        <time>2024-01-02T09:36:51Z</time>
      </trkpt>
      <trkpt lat="-37.6924943" lon="-73.3569997">
        <ele>72.0</ele>
        <time>2024-01-02T09:37:21Z</time>
      </trkpt>
      <trkpt lat="-37.6920934" lon="-73.3568393">
        <ele>72.0</ele>
        <time>2024-01-02T09:37:33Z</time>
      </trkpt>
      <trkpt lat="-37.6918039" lon="-73.3568588">
        <ele>72.0</ele>
        <time>2024-01-02T09:37:45Z</time>
      </trkpt>
    </trkseg>
  </trk>
</gpx>