<?xml version="1.0" encoding="UTF-8"?>
<gpx version="1.1" creator="BosqueAbierto" xmlns="http://www.topografix.com/GPX/1/1">
<trk><name>Puente Gemelos XCM</name><trkseg>
<trkpt lat="-35.294224" lon="-72.368030"><ele>21.0</ele></trkpt>
<trkpt lat="-35.293360" lon="-72.367611"><ele>14.0</ele></trkpt>
<trkpt lat="-35.292538" lon="-72.367398"><ele>14.0</ele></trkpt>
<trkpt lat="-35.290082" lon="-72.367302"><ele>13.0</ele></trkpt>
<trkpt lat="-35.289447" lon="-72.367093"><ele>13.0</ele></trkpt>
<trkpt lat="-35.288902" lon="-72.366764"><ele>13.0</ele></trkpt>
<trkpt lat="-35.288464" lon="-72.366358"><ele>34.0</ele></trkpt>
<trkpt lat="-35.286403" lon="-72.364023"><ele>24.0</ele></trkpt>
<trkpt lat="-35.281781" lon="-72.359095"><ele>18.0</ele></trkpt>
<trkpt lat="-35.281204" lon="-72.358343"><ele>15.0</ele></trkpt>
<trkpt lat="-35.280931" lon="-72.357779"><ele>15.0</ele></trkpt>
<trkpt lat="-35.280981" lon="-72.357511"><ele>15.0</ele></trkpt>
<trkpt lat="-35.281138" lon="-72.357247"><ele>15.0</ele></trkpt>
<trkpt lat="-35.281879" lon="-72.356599"><ele>59.0</ele></trkpt>
<trkpt lat="-35.282146" lon="-72.356245"><ele>15.0</ele></trkpt>
<trkpt lat="-35.282367" lon="-72.355808"><ele>15.0</ele></trkpt>
<trkpt lat="-35.282332" lon="-72.355595"><ele>15.0</ele></trkpt>
<trkpt lat="-35.281205" lon="-72.353395"><ele>17.0</ele></trkpt>
<trkpt lat="-35.281106" lon="-72.353109"><ele>17.0</ele></trkpt>
<trkpt lat="-35.281053" lon="-72.352467"><ele>17.0</ele></trkpt>
<trkpt lat="-35.281119" lon="-72.352398"><ele>17.0</ele></trkpt>
<trkpt lat="-35.281353" lon="-72.352554"><ele>17.0</ele></trkpt>
<trkpt lat="-35.281508" lon="-72.352467"><ele>17.0</ele></trkpt>
<trkpt lat="-35.281675" lon="-72.352058"><ele>31.0</ele></trkpt>
<trkpt lat="-35.281761" lon="-72.351501"><ele>31.0</ele></trkpt>
<trkpt lat="-35.282344" lon="-72.350885"><ele>31.0</ele></trkpt>
<trkpt lat="-35.282421" lon="-72.350370"><ele>31.0</ele></trkpt>
<trkpt lat="-35.282256" lon="-72.349944"><ele>79.0</ele></trkpt>
<trkpt lat="-35.282152" lon="-72.349919"><ele>79.0</ele></trkpt>
<trkpt lat="-35.282097" lon="-72.350020"><ele>31.0</ele></trkpt>
<trkpt lat="-35.282094" lon="-72.350411"><ele>31.0</ele></trkpt>
<trkpt lat="-35.281983" lon="-72.350564"><ele>31.0</ele></trkpt>
<trkpt lat="-35.281494" lon="-72.350506"><ele>31.0</ele></trkpt>
<trkpt lat="-35.280947" lon="-72.350594"><ele>28.0</ele></trkpt>
<trkpt lat="-35.280692" lon="-72.350305"><ele>28.0</ele></trkpt>
<trkpt lat="-35.280613" lon="-72.349862"><ele>85.0</ele></trkpt>
<trkpt lat="-35.280914" lon="-72.348874"><ele>85.0</ele></trkpt>
<trkpt lat="-35.281699" lon="-72.348065"><ele>79.0</ele></trkpt>
<trkpt lat="-35.282041" lon="-72.347871"><ele>103.0</ele></trkpt>
<trkpt lat="-35.282598" lon="-72.346544"><ele>103.0</ele></trkpt>
<trkpt lat="-35.282705" lon="-72.345574"><ele>111.0</ele></trkpt>
<trkpt lat="-35.284084" lon="-72.339937"><ele>126.0</ele></trkpt>
<trkpt lat="-35.284369" lon="-72.338319"><ele>137.0</ele></trkpt>
<trkpt lat="-35.284785" lon="-72.336785"><ele>144.0</ele></trkpt>
<trkpt lat="-35.284972" lon="-72.334311"><ele>151.0</ele></trkpt>
<trkpt lat="-35.285849" lon="-72.332635"><ele>172.0</ele></trkpt>
<trkpt lat="-35.287613" lon="-72.329856"><ele>180.0</ele></trkpt>
<trkpt lat="-35.288161" lon="-72.329218"><ele>180.0</ele></trkpt>
<trkpt lat="-35.289805" lon="-72.328302"><ele>193.0</ele></trkpt>
<trkpt lat="-35.290050" lon="-72.328104"><ele>193.0</ele></trkpt>
<trkpt lat="-35.290419" lon="-72.326633"><ele>207.0</ele></trkpt>
<trkpt lat="-35.290676" lon="-72.326367"><ele>207.0</ele></trkpt>
<trkpt lat="-35.290775" lon="-72.326167"><ele>207.0</ele></trkpt>
<trkpt lat="-35.290726" lon="-72.325639"><ele>207.0</ele></trkpt>
<trkpt lat="-35.290551" lon="-72.324986"><ele>226.0</ele></trkpt>
<trkpt lat="-35.290583" lon="-72.323950"><ele>226.0</ele></trkpt>
<trkpt lat="-35.290695" lon="-72.323485"><ele>226.0</ele></trkpt>
<trkpt lat="-35.291042" lon="-72.323046"><ele>226.0</ele></trkpt>
<trkpt lat="-35.291110" lon="-72.322484"><ele>240.0</ele></trkpt>
<trkpt lat="-35.290508" lon="-72.320192"><ele>248.0</ele></trkpt>
<trkpt lat="-35.290549" lon="-72.319321"><ele>248.0</ele></trkpt>
<trkpt lat="-35.290475" lon="-72.318446"><ele>243.0</ele></trkpt>
<trkpt lat="-35.289771" lon="-72.316046"><ele>229.0</ele></trkpt>
<trkpt lat="-35.289780" lon="-72.314556"><ele>235.0</ele></trkpt>
<trkpt lat="-35.289680" lon="-72.314110"><ele>235.0</ele></trkpt>
<trkpt lat="-35.289431" lon="-72.313654"><ele>230.0</ele></trkpt>
<trkpt lat="-35.289043" lon="-72.313258"><ele>230.0</ele></trkpt>
<trkpt lat="-35.287436" lon="-72.312554"><ele>226.0</ele></trkpt>
<trkpt lat="-35.286538" lon="-72.312027"><ele>244.0</ele></trkpt>
<trkpt lat="-35.286011" lon="-72.311625"><ele>244.0</ele></trkpt>
<trkpt lat="-35.285007" lon="-72.310299"><ele>247.0</ele></trkpt>
<trkpt lat="-35.284143" lon="-72.308962"><ele>247.0</ele></trkpt>
<trkpt lat="-35.282811" lon="-72.307562"><ele>255.0</ele></trkpt>
<trkpt lat="-35.280594" lon="-72.305535"><ele>257.0</ele></trkpt>
<trkpt lat="-35.279570" lon="-72.304358"><ele>257.0</ele></trkpt>
<trkpt lat="-35.279118" lon="-72.303705"><ele>253.0</ele></trkpt>
<trkpt lat="-35.278542" lon="-72.302267"><ele>253.0</ele></trkpt>
<trkpt lat="-35.278348" lon="-72.301970"><ele>264.0</ele></trkpt>
<trkpt lat="-35.277134" lon="-72.300719"><ele>264.0</ele></trkpt>
<trkpt lat="-35.275852" lon="-72.299522"><ele>265.0</ele></trkpt>
<trkpt lat="-35.274292" lon="-72.297742"><ele>259.0</ele></trkpt>
<trkpt lat="-35.273457" lon="-72.297088"><ele>259.0</ele></trkpt>
<trkpt lat="-35.271827" lon="-72.296537"><ele>259.0</ele></trkpt>
<trkpt lat="-35.271444" lon="-72.296359"><ele>259.0</ele></trkpt>
<trkpt lat="-35.271208" lon="-72.296143"><ele>259.0</ele></trkpt>
<trkpt lat="-35.269502" lon="-72.292742"><ele>244.0</ele></trkpt>
<trkpt lat="-35.268012" lon="-72.290369"><ele>255.0</ele></trkpt>
<trkpt lat="-35.267570" lon="-72.289340"><ele>255.0</ele></trkpt>
<trkpt lat="-35.266895" lon="-72.288177"><ele>255.0</ele></trkpt>
<trkpt lat="-35.265768" lon="-72.286661"><ele>263.0</ele></trkpt>
<trkpt lat="-35.265527" lon="-72.286061"><ele>263.0</ele></trkpt>
<trkpt lat="-35.265000" lon="-72.285706"><ele>263.0</ele></trkpt>
<trkpt lat="-35.263805" lon="-72.284716"><ele>270.0</ele></trkpt>
<trkpt lat="-35.262551" lon="-72.283583"><ele>270.0</ele></trkpt>
<trkpt lat="-35.261501" lon="-72.282548"><ele>273.0</ele></trkpt>
<trkpt lat="-35.261153" lon="-72.282064"><ele>273.0</ele></trkpt>
<trkpt lat="-35.259842" lon="-72.279011"><ele>279.0</ele></trkpt>
<trkpt lat="-35.259342" lon="-72.277278"><ele>279.0</ele></trkpt>
<trkpt lat="-35.259117" lon="-72.276695"><ele>282.0</ele></trkpt>
<trkpt lat="-35.258764" lon="-72.274115"><ele>274.0</ele></trkpt>
<trkpt lat="-35.258517" lon="-72.273009"><ele>274.0</ele></trkpt>
<trkpt lat="-35.258445" lon="-72.272921"><ele>274.0</ele></trkpt>
<trkpt lat="-35.257756" lon="-72.272607"><ele>297.0</ele></trkpt>
<trkpt lat="-35.257264" lon="-72.272647"><ele>297.0</ele></trkpt>
<trkpt lat="-35.257159" lon="-72.272543"><ele>297.0</ele></trkpt>
<trkpt lat="-35.257177" lon="-72.272290"><ele>297.0</ele></trkpt>
<trkpt lat="-35.257630" lon="-72.271299"><ele>297.0</ele></trkpt>
<trkpt lat="-35.257680" lon="-72.270949"><ele>297.0</ele></trkpt>
<trkpt lat="-35.257100" lon="-72.269878"><ele>312.0</ele></trkpt>
<trkpt lat="-35.256925" lon="-72.269353"><ele>312.0</ele></trkpt>
<trkpt lat="-35.256419" lon="-72.269040"><ele>312.0</ele></trkpt>
<trkpt lat="-35.256027" lon="-72.268980"><ele>286.0</ele></trkpt>
<trkpt lat="-35.255774" lon="-72.268827"><ele>286.0</ele></trkpt>
<trkpt lat="-35.255569" lon="-72.268606"><ele>351.0</ele></trkpt>
<trkpt lat="-35.255401" lon="-72.268559"><ele>351.0</ele></trkpt>
<trkpt lat="-35.254884" lon="-72.267837"><ele>351.0</ele></trkpt>
<trkpt lat="-35.254787" lon="-72.267466"><ele>351.0</ele></trkpt>
<trkpt lat="-35.254897" lon="-72.267259"><ele>351.0</ele></trkpt>
<trkpt lat="-35.255373" lon="-72.267127"><ele>351.0</ele></trkpt>
<trkpt lat="-35.255916" lon="-72.267103"><ele>351.0</ele></trkpt>
<trkpt lat="-35.256281" lon="-72.266929"><ele>375.0</ele></trkpt>
<trkpt lat="-35.256621" lon="-72.266644"><ele>347.0</ele></trkpt>
<trkpt lat="-35.257587" lon="-72.266126"><ele>347.0</ele></trkpt>
<trkpt lat="-35.258115" lon="-72.265732"><ele>347.0</ele></trkpt>
<trkpt lat="-35.258706" lon="-72.264755"><ele>354.0</ele></trkpt>
<trkpt lat="-35.259273" lon="-72.264123"><ele>355.0</ele></trkpt>
<trkpt lat="-35.259722" lon="-72.262690"><ele>355.0</ele></trkpt>
<trkpt lat="-35.260238" lon="-72.261617"><ele>334.0</ele></trkpt>
<trkpt lat="-35.260506" lon="-72.260368"><ele>327.0</ele></trkpt>
<trkpt lat="-35.261353" lon="-72.258466"><ele>327.0</ele></trkpt>
<trkpt lat="-35.261517" lon="-72.257409"><ele>338.0</ele></trkpt>
<trkpt lat="-35.261773" lon="-72.256431"><ele>338.0</ele></trkpt>
<trkpt lat="-35.261791" lon="-72.256206"><ele>336.0</ele></trkpt>
<trkpt lat="-35.261697" lon="-72.255841"><ele>336.0</ele></trkpt>
<trkpt lat="-35.261215" lon="-72.255392"><ele>336.0</ele></trkpt>
<trkpt lat="-35.261136" lon="-72.255092"><ele>336.0</ele></trkpt>
<trkpt lat="-35.261866" lon="-72.253693"><ele>307.0</ele></trkpt>
<trkpt lat="-35.261848" lon="-72.253320"><ele>307.0</ele></trkpt>
<trkpt lat="-35.261630" lon="-72.252747"><ele>307.0</ele></trkpt>
<trkpt lat="-35.261645" lon="-72.251915"><ele>294.0</ele></trkpt>
<trkpt lat="-35.261835" lon="-72.251650"><ele>294.0</ele></trkpt>
<trkpt lat="-35.262598" lon="-72.251348"><ele>310.0</ele></trkpt>
<trkpt lat="-35.262514" lon="-72.251030"><ele>310.0</ele></trkpt>
<trkpt lat="-35.262504" lon="-72.250383"><ele>310.0</ele></trkpt>
<trkpt lat="-35.262163" lon="-72.249430"><ele>278.0</ele></trkpt>
<trkpt lat="-35.261917" lon="-72.249238"><ele>278.0</ele></trkpt>
<trkpt lat="-35.261330" lon="-72.249535"><ele>278.0</ele></trkpt>
<trkpt lat="-35.260955" lon="-72.249886"><ele>278.0</ele></trkpt>
<trkpt lat="-35.260696" lon="-72.250544"><ele>294.0</ele></trkpt>
<trkpt lat="-35.260047" lon="-72.250787"><ele>268.0</ele></trkpt>
<trkpt lat="-35.259664" lon="-72.250818"><ele>268.0</ele></trkpt>
<trkpt lat="-35.258997" lon="-72.250642"><ele>268.0</ele></trkpt>
<trkpt lat="-35.258090" lon="-72.250888"><ele>247.0</ele></trkpt>
<trkpt lat="-35.257767" lon="-72.251141"><ele>247.0</ele></trkpt>
<trkpt lat="-35.257518" lon="-72.251231"><ele>247.0</ele></trkpt>
<trkpt lat="-35.256999" lon="-72.251190"><ele>247.0</ele></trkpt>
<trkpt lat="-35.255964" lon="-72.251379"><ele>245.0</ele></trkpt>
<trkpt lat="-35.255407" lon="-72.251313"><ele>245.0</ele></trkpt>
<trkpt lat="-35.254709" lon="-72.251077"><ele>245.0</ele></trkpt>
<trkpt lat="-35.254392" lon="-72.250790"><ele>245.0</ele></trkpt>
<trkpt lat="-35.254076" lon="-72.250304"><ele>279.0</ele></trkpt>
<trkpt lat="-35.253745" lon="-72.250011"><ele>279.0</ele></trkpt>
<trkpt lat="-35.253127" lon="-72.249776"><ele>247.0</ele></trkpt>
<trkpt lat="-35.252588" lon="-72.249788"><ele>247.0</ele></trkpt>
<trkpt lat="-35.250983" lon="-72.250167"><ele>275.0</ele></trkpt>
<trkpt lat="-35.249654" lon="-72.250622"><ele>269.0</ele></trkpt>
<trkpt lat="-35.249405" lon="-72.250605"><ele>269.0</ele></trkpt>
<trkpt lat="-35.249360" lon="-72.250539"><ele>269.0</ele></trkpt>
<trkpt lat="-35.249720" lon="-72.249790"><ele>274.0</ele></trkpt>
<trkpt lat="-35.249967" lon="-72.249038"><ele>274.0</ele></trkpt>
<trkpt lat="-35.250073" lon="-72.247776"><ele>252.0</ele></trkpt>
<trkpt lat="-35.250344" lon="-72.247231"><ele>252.0</ele></trkpt>
<trkpt lat="-35.250309" lon="-72.246750"><ele>252.0</ele></trkpt>
<trkpt lat="-35.250371" lon="-72.246522"><ele>252.0</ele></trkpt>
<trkpt lat="-35.250711" lon="-72.245983"><ele>252.0</ele></trkpt>
<trkpt lat="-35.251083" lon="-72.245643"><ele>258.0</ele></trkpt>
<trkpt lat="-35.251301" lon="-72.245506"><ele>258.0</ele></trkpt>
<trkpt lat="-35.252002" lon="-72.245272"><ele>258.0</ele></trkpt>
<trkpt lat="-35.252258" lon="-72.245017"><ele>259.0</ele></trkpt>
<trkpt lat="-35.252443" lon="-72.244679"><ele>259.0</ele></trkpt>
<trkpt lat="-35.252744" lon="-72.244615"><ele>259.0</ele></trkpt>
<trkpt lat="-35.252786" lon="-72.244534"><ele>259.0</ele></trkpt>
<trkpt lat="-35.252676" lon="-72.244312"><ele>259.0</ele></trkpt>
<trkpt lat="-35.252843" lon="-72.244646"><ele>259.0</ele></trkpt>
<trkpt lat="-35.253208" lon="-72.244579"><ele>259.0</ele></trkpt>
<trkpt lat="-35.253572" lon="-72.244971"><ele>259.0</ele></trkpt>
<trkpt lat="-35.254335" lon="-72.245358"><ele>254.0</ele></trkpt>
<trkpt lat="-35.254540" lon="-72.245361"><ele>254.0</ele></trkpt>
<trkpt lat="-35.255010" lon="-72.245169"><ele>254.0</ele></trkpt>
<trkpt lat="-35.256162" lon="-72.245317"><ele>254.0</ele></trkpt>
<trkpt lat="-35.257018" lon="-72.245167"><ele>259.0</ele></trkpt>
<trkpt lat="-35.258896" lon="-72.244317"><ele>252.0</ele></trkpt>
<trkpt lat="-35.259539" lon="-72.244058"><ele>252.0</ele></trkpt>
<trkpt lat="-35.259765" lon="-72.244039"><ele>252.0</ele></trkpt>
<trkpt lat="-35.260285" lon="-72.244177"><ele>252.0</ele></trkpt>
<trkpt lat="-35.260730" lon="-72.244407"><ele>245.0</ele></trkpt>
<trkpt lat="-35.260919" lon="-72.244672"><ele>245.0</ele></trkpt>
<trkpt lat="-35.261271" lon="-72.245411"><ele>245.0</ele></trkpt>
<trkpt lat="-35.261541" lon="-72.245643"><ele>245.0</ele></trkpt>
<trkpt lat="-35.262565" lon="-72.245879"><ele>241.0</ele></trkpt>
<trkpt lat="-35.263633" lon="-72.246020"><ele>241.0</ele></trkpt>
<trkpt lat="-35.264042" lon="-72.245987"><ele>241.0</ele></trkpt>
<trkpt lat="-35.264411" lon="-72.246052"><ele>241.0</ele></trkpt>
<trkpt lat="-35.264952" lon="-72.245828"><ele>255.0</ele></trkpt>
<trkpt lat="-35.265333" lon="-72.245848"><ele>251.0</ele></trkpt>
<trkpt lat="-35.265609" lon="-72.245766"><ele>255.0</ele></trkpt>
<trkpt lat="-35.265986" lon="-72.245433"><ele>255.0</ele></trkpt>
<trkpt lat="-35.266653" lon="-72.245166"><ele>255.0</ele></trkpt>
<trkpt lat="-35.266726" lon="-72.245064"><ele>274.0</ele></trkpt>
<trkpt lat="-35.266739" lon="-72.245180"><ele>274.0</ele></trkpt>
<trkpt lat="-35.267198" lon="-72.245295"><ele>274.0</ele></trkpt>
<trkpt lat="-35.267965" lon="-72.245051"><ele>274.0</ele></trkpt>
<trkpt lat="-35.268868" lon="-72.244211"><ele>302.0</ele></trkpt>
<trkpt lat="-35.270043" lon="-72.242965"><ele>285.0</ele></trkpt>
<trkpt lat="-35.270536" lon="-72.242536"><ele>285.0</ele></trkpt>
<trkpt lat="-35.271262" lon="-72.242070"><ele>328.0</ele></trkpt>
<trkpt lat="-35.271591" lon="-72.241652"><ele>301.0</ele></trkpt>
<trkpt lat="-35.272170" lon="-72.241184"><ele>301.0</ele></trkpt>
<trkpt lat="-35.272772" lon="-72.240187"><ele>301.0</ele></trkpt>
<trkpt lat="-35.273026" lon="-72.239988"><ele>315.0</ele></trkpt>
<trkpt lat="-35.273247" lon="-72.239977"><ele>315.0</ele></trkpt>
<trkpt lat="-35.273803" lon="-72.240236"><ele>315.0</ele></trkpt>
<trkpt lat="-35.274287" lon="-72.240806"><ele>315.0</ele></trkpt>
<trkpt lat="-35.274699" lon="-72.241008"><ele>315.0</ele></trkpt>
<trkpt lat="-35.275212" lon="-72.241519"><ele>261.0</ele></trkpt>
<trkpt lat="-35.275314" lon="-72.241677"><ele>291.0</ele></trkpt>
<trkpt lat="-35.275449" lon="-72.242322"><ele>291.0</ele></trkpt>
<trkpt lat="-35.275826" lon="-72.243031"><ele>291.0</ele></trkpt>
<trkpt lat="-35.276383" lon="-72.243463"><ele>291.0</ele></trkpt>
<trkpt lat="-35.276561" lon="-72.243498"><ele>291.0</ele></trkpt>
<trkpt lat="-35.276778" lon="-72.243344"><ele>291.0</ele></trkpt>
<trkpt lat="-35.277028" lon="-72.242856"><ele>291.0</ele></trkpt>
<trkpt lat="-35.277280" lon="-72.242122"><ele>254.0</ele></trkpt>
<trkpt lat="-35.277419" lon="-72.241923"><ele>254.0</ele></trkpt>
<trkpt lat="-35.277779" lon="-72.241734"><ele>254.0</ele></trkpt>
<trkpt lat="-35.277912" lon="-72.241763"><ele>254.0</ele></trkpt>
<trkpt lat="-35.277906" lon="-72.242933"><ele>254.0</ele></trkpt>
<trkpt lat="-35.278086" lon="-72.243059"><ele>254.0</ele></trkpt>
<trkpt lat="-35.278397" lon="-72.242874"><ele>254.0</ele></trkpt>
<trkpt lat="-35.278488" lon="-72.242954"><ele>254.0</ele></trkpt>
<trkpt lat="-35.278458" lon="-72.243283"><ele>254.0</ele></trkpt>
<trkpt lat="-35.278260" lon="-72.243586"><ele>254.0</ele></trkpt>
<trkpt lat="-35.278293" lon="-72.243755"><ele>232.0</ele></trkpt>
<trkpt lat="-35.278413" lon="-72.243825"><ele>232.0</ele></trkpt>
<trkpt lat="-35.278814" lon="-72.243720"><ele>254.0</ele></trkpt>
<trkpt lat="-35.279078" lon="-72.243453"><ele>254.0</ele></trkpt>
<trkpt lat="-35.279228" lon="-72.243148"><ele>223.0</ele></trkpt>
<trkpt lat="-35.279346" lon="-72.242654"><ele>223.0</ele></trkpt>
<trkpt lat="-35.279558" lon="-72.242230"><ele>223.0</ele></trkpt>
<trkpt lat="-35.279663" lon="-72.241772"><ele>223.0</ele></trkpt>
<trkpt lat="-35.279813" lon="-72.241595"><ele>228.0</ele></trkpt>
<trkpt lat="-35.280771" lon="-72.241526"><ele>228.0</ele></trkpt>
<trkpt lat="-35.281487" lon="-72.241026"><ele>240.0</ele></trkpt>
<trkpt lat="-35.282241" lon="-72.240625"><ele>240.0</ele></trkpt>
<trkpt lat="-35.282944" lon="-72.240370"><ele>240.0</ele></trkpt>
<trkpt lat="-35.283406" lon="-72.240077"><ele>265.0</ele></trkpt>
<trkpt lat="-35.283679" lon="-72.240100"><ele>265.0</ele></trkpt>
<trkpt lat="-35.284323" lon="-72.240596"><ele>265.0</ele></trkpt>
<trkpt lat="-35.284494" lon="-72.240608"><ele>265.0</ele></trkpt>
<trkpt lat="-35.285190" lon="-72.239658"><ele>265.0</ele></trkpt>
<trkpt lat="-35.285558" lon="-72.238865"><ele>287.0</ele></trkpt>
<trkpt lat="-35.285944" lon="-72.238634"><ele>287.0</ele></trkpt>
<trkpt lat="-35.285503" lon="-72.238835"><ele>287.0</ele></trkpt>
<trkpt lat="-35.286029" lon="-72.238133"><ele>287.0</ele></trkpt>
<trkpt lat="-35.286073" lon="-72.237348"><ele>257.0</ele></trkpt>
<trkpt lat="-35.286813" lon="-72.236397"><ele>257.0</ele></trkpt>
<trkpt lat="-35.287225" lon="-72.236071"><ele>257.0</ele></trkpt>
<trkpt lat="-35.287528" lon="-72.235940"><ele>279.0</ele></trkpt>
<trkpt lat="-35.288279" lon="-72.235120"><ele>251.0</ele></trkpt>
<trkpt lat="-35.289618" lon="-72.234866"><ele>258.0</ele></trkpt>
<trkpt lat="-35.289858" lon="-72.234548"><ele>258.0</ele></trkpt>
<trkpt lat="-35.289976" lon="-72.234271"><ele>258.0</ele></trkpt>
<trkpt lat="-35.289943" lon="-72.234061"><ele>258.0</ele></trkpt>
<trkpt lat="-35.289736" lon="-72.233915"><ele>258.0</ele></trkpt>
<trkpt lat="-35.289620" lon="-72.233685"><ele>258.0</ele></trkpt>
<trkpt lat="-35.289479" lon="-72.232771"><ele>241.0</ele></trkpt>
<trkpt lat="-35.289534" lon="-72.232545"><ele>241.0</ele></trkpt>
<trkpt lat="-35.290307" lon="-72.231248"><ele>249.0</ele></trkpt>
<trkpt lat="-35.290665" lon="-72.230119"><ele>249.0</ele></trkpt>
<trkpt lat="-35.290680" lon="-72.229746"><ele>249.0</ele></trkpt>
<trkpt lat="-35.290447" lon="-72.227646"><ele>255.0</ele></trkpt>
<trkpt lat="-35.290535" lon="-72.226620"><ele>245.0</ele></trkpt>
<trkpt lat="-35.290755" lon="-72.225557"><ele>245.0</ele></trkpt>
<trkpt lat="-35.290693" lon="-72.225356"><ele>245.0</ele></trkpt>
<trkpt lat="-35.290487" lon="-72.225115"><ele>245.0</ele></trkpt>
<trkpt lat="-35.289950" lon="-72.224888"><ele>238.0</ele></trkpt>
<trkpt lat="-35.289787" lon="-72.224745"><ele>238.0</ele></trkpt>
<trkpt lat="-35.289633" lon="-72.224219"><ele>238.0</ele></trkpt>
<trkpt lat="-35.289354" lon="-72.223784"><ele>234.0</ele></trkpt>
<trkpt lat="-35.289230" lon="-72.223463"><ele>234.0</ele></trkpt>
<trkpt lat="-35.288954" lon="-72.222441"><ele>249.0</ele></trkpt>
<trkpt lat="-35.288885" lon="-72.221485"><ele>249.0</ele></trkpt>
<trkpt lat="-35.288729" lon="-72.220917"><ele>249.0</ele></trkpt>
<trkpt lat="-35.288889" lon="-72.220007"><ele>270.0</ele></trkpt>
<trkpt lat="-35.288990" lon="-72.219853"><ele>270.0</ele></trkpt>
<trkpt lat="-35.289121" lon="-72.219794"><ele>270.0</ele></trkpt>
<trkpt lat="-35.290551" lon="-72.220367"><ele>275.0</ele></trkpt>
<trkpt lat="-35.291985" lon="-72.221084"><ele>296.0</ele></trkpt>
<trkpt lat="-35.292750" lon="-72.221540"><ele>296.0</ele></trkpt>
<trkpt lat="-35.293197" lon="-72.222019"><ele>296.0</ele></trkpt>
<trkpt lat="-35.293837" lon="-72.222426"><ele>302.0</ele></trkpt>
<trkpt lat="-35.294471" lon="-72.222601"><ele>302.0</ele></trkpt>
<trkpt lat="-35.296260" lon="-72.222755"><ele>317.0</ele></trkpt>
<trkpt lat="-35.296335" lon="-72.222849"><ele>317.0</ele></trkpt>
<trkpt lat="-35.296487" lon="-72.223551"><ele>348.0</ele></trkpt>
<trkpt lat="-35.296865" lon="-72.223963"><ele>348.0</ele></trkpt>
<trkpt lat="-35.297008" lon="-72.224021"><ele>348.0</ele></trkpt>
<trkpt lat="-35.297281" lon="-72.223848"><ele>348.0</ele></trkpt>
<trkpt lat="-35.297748" lon="-72.224211"><ele>348.0</ele></trkpt>
<trkpt lat="-35.297853" lon="-72.224161"><ele>348.0</ele></trkpt>
<trkpt lat="-35.297958" lon="-72.223859"><ele>372.0</ele></trkpt>
<trkpt lat="-35.298335" lon="-72.223808"><ele>372.0</ele></trkpt>
<trkpt lat="-35.298709" lon="-72.223950"><ele>372.0</ele></trkpt>
<trkpt lat="-35.299223" lon="-72.224398"><ele>372.0</ele></trkpt>
<trkpt lat="-35.299529" lon="-72.224337"><ele>372.0</ele></trkpt>
<trkpt lat="-35.299606" lon="-72.224192"><ele>372.0</ele></trkpt>
<trkpt lat="-35.299277" lon="-72.223555"><ele>372.0</ele></trkpt>
<trkpt lat="-35.299282" lon="-72.223080"><ele>372.0</ele></trkpt>
<trkpt lat="-35.299616" lon="-72.222769"><ele>367.0</ele></trkpt>
<trkpt lat="-35.299878" lon="-72.222712"><ele>367.0</ele></trkpt>
<trkpt lat="-35.299965" lon="-72.222310"><ele>367.0</ele></trkpt>
<trkpt lat="-35.300178" lon="-72.222157"><ele>385.0</ele></trkpt>
<trkpt lat="-35.300665" lon="-72.222413"><ele>385.0</ele></trkpt>
<trkpt lat="-35.300741" lon="-72.222622"><ele>385.0</ele></trkpt>
<trkpt lat="-35.300725" lon="-72.223146"><ele>406.0</ele></trkpt>
<trkpt lat="-35.300878" lon="-72.223391"><ele>406.0</ele></trkpt>
<trkpt lat="-35.301135" lon="-72.223376"><ele>406.0</ele></trkpt>
<trkpt lat="-35.301535" lon="-72.222934"><ele>406.0</ele></trkpt>
<trkpt lat="-35.301673" lon="-72.223007"><ele>406.0</ele></trkpt>
<trkpt lat="-35.301723" lon="-72.223465"><ele>406.0</ele></trkpt>
<trkpt lat="-35.301812" lon="-72.223560"><ele>406.0</ele></trkpt>
<trkpt lat="-35.302320" lon="-72.223378"><ele>429.0</ele></trkpt>
<trkpt lat="-35.302554" lon="-72.223127"><ele>429.0</ele></trkpt>
<trkpt lat="-35.302670" lon="-72.223114"><ele>429.0</ele></trkpt>
<trkpt lat="-35.302823" lon="-72.223473"><ele>429.0</ele></trkpt>
<trkpt lat="-35.303079" lon="-72.223657"><ele>429.0</ele></trkpt>
<trkpt lat="-35.303176" lon="-72.224033"><ele>429.0</ele></trkpt>
<trkpt lat="-35.303270" lon="-72.224145"><ele>429.0</ele></trkpt>
<trkpt lat="-35.303758" lon="-72.223941"><ele>429.0</ele></trkpt>
<trkpt lat="-35.303798" lon="-72.223445"><ele>429.0</ele></trkpt>
<trkpt lat="-35.303893" lon="-72.223259"><ele>429.0</ele></trkpt>
<trkpt lat="-35.304411" lon="-72.222970"><ele>405.0</ele></trkpt>
<trkpt lat="-35.304485" lon="-72.223036"><ele>405.0</ele></trkpt>
<trkpt lat="-35.304452" lon="-72.223065"><ele>405.0</ele></trkpt>
<trkpt lat="-35.304378" lon="-72.222984"><ele>405.0</ele></trkpt>
<trkpt lat="-35.303875" lon="-72.223249"><ele>429.0</ele></trkpt>
<trkpt lat="-35.303788" lon="-72.223486"><ele>429.0</ele></trkpt>
<trkpt lat="-35.303954" lon="-72.223213"><ele>429.0</ele></trkpt>
<trkpt lat="-35.304373" lon="-72.222991"><ele>405.0</ele></trkpt>
<trkpt lat="-35.304468" lon="-72.223033"><ele>405.0</ele></trkpt>
<trkpt lat="-35.304054" lon="-72.224005"><ele>429.0</ele></trkpt>
<trkpt lat="-35.303630" lon="-72.224773"><ele>429.0</ele></trkpt>
<trkpt lat="-35.303250" lon="-72.225312"><ele>426.0</ele></trkpt>
<trkpt lat="-35.302735" lon="-72.225781"><ele>426.0</ele></trkpt>
<trkpt lat="-35.302408" lon="-72.226508"><ele>426.0</ele></trkpt>
<trkpt lat="-35.302209" lon="-72.226808"><ele>426.0</ele></trkpt>
<trkpt lat="-35.301517" lon="-72.227600"><ele>429.0</ele></trkpt>
<trkpt lat="-35.300805" lon="-72.228277"><ele>429.0</ele></trkpt>
<trkpt lat="-35.300530" lon="-72.229077"><ele>429.0</ele></trkpt>
<trkpt lat="-35.300332" lon="-72.229203"><ele>437.0</ele></trkpt>
<trkpt lat="-35.299487" lon="-72.229437"><ele>444.0</ele></trkpt>
<trkpt lat="-35.299377" lon="-72.229536"><ele>444.0</ele></trkpt>
<trkpt lat="-35.299324" lon="-72.230004"><ele>444.0</ele></trkpt>
<trkpt lat="-35.299528" lon="-72.230588"><ele>444.0</ele></trkpt>
<trkpt lat="-35.299543" lon="-72.230872"><ele>444.0</ele></trkpt>
<trkpt lat="-35.299169" lon="-72.231756"><ele>447.0</ele></trkpt>
<trkpt lat="-35.299059" lon="-72.232437"><ele>447.0</ele></trkpt>
<trkpt lat="-35.299227" lon="-72.233300"><ele>447.0</ele></trkpt>
<trkpt lat="-35.299194" lon="-72.234931"><ele>445.0</ele></trkpt>
<trkpt lat="-35.298355" lon="-72.235675"><ele>438.0</ele></trkpt>
<trkpt lat="-35.297767" lon="-72.236532"><ele>424.0</ele></trkpt>
<trkpt lat="-35.297543" lon="-72.237764"><ele>425.0</ele></trkpt>
<trkpt lat="-35.297069" lon="-72.238493"><ele>425.0</ele></trkpt>
<trkpt lat="-35.296493" lon="-72.239215"><ele>425.0</ele></trkpt>
<trkpt lat="-35.296383" lon="-72.239445"><ele>425.0</ele></trkpt>
<trkpt lat="-35.296079" lon="-72.241300"><ele>431.0</ele></trkpt>
<trkpt lat="-35.295992" lon="-72.241526"><ele>431.0</ele></trkpt>
<trkpt lat="-35.294846" lon="-72.242056"><ele>411.0</ele></trkpt>
<trkpt lat="-35.293456" lon="-72.242074"><ele>397.0</ele></trkpt>
<trkpt lat="-35.292950" lon="-72.242269"><ele>397.0</ele></trkpt>
<trkpt lat="-35.292562" lon="-72.242662"><ele>397.0</ele></trkpt>
<trkpt lat="-35.291778" lon="-72.244042"><ele>392.0</ele></trkpt>
<trkpt lat="-35.290615" lon="-72.244942"><ele>407.0</ele></trkpt>
<trkpt lat="-35.290334" lon="-72.245329"><ele>407.0</ele></trkpt>
<trkpt lat="-35.290291" lon="-72.245499"><ele>407.0</ele></trkpt>
<trkpt lat="-35.290333" lon="-72.246480"><ele>401.0</ele></trkpt>
<trkpt lat="-35.290635" lon="-72.247553"><ele>401.0</ele></trkpt>
<trkpt lat="-35.290476" lon="-72.248327"><ele>401.0</ele></trkpt>
<trkpt lat="-35.290647" lon="-72.249762"><ele>401.0</ele></trkpt>
<trkpt lat="-35.290596" lon="-72.250447"><ele>422.0</ele></trkpt>
<trkpt lat="-35.290480" lon="-72.250705"><ele>422.0</ele></trkpt>
<trkpt lat="-35.290506" lon="-72.251482"><ele>422.0</ele></trkpt>
<trkpt lat="-35.290180" lon="-72.253087"><ele>425.0</ele></trkpt>
<trkpt lat="-35.289297" lon="-72.253814"><ele>419.0</ele></trkpt>
<trkpt lat="-35.288689" lon="-72.254163"><ele>419.0</ele></trkpt>
<trkpt lat="-35.288342" lon="-72.254480"><ele>420.0</ele></trkpt>
<trkpt lat="-35.287839" lon="-72.255136"><ele>420.0</ele></trkpt>
<trkpt lat="-35.286477" lon="-72.255945"><ele>397.0</ele></trkpt>
<trkpt lat="-35.286253" lon="-72.256141"><ele>397.0</ele></trkpt>
<trkpt lat="-35.285463" lon="-72.257550"><ele>393.0</ele></trkpt>
<trkpt lat="-35.285282" lon="-72.258807"><ele>390.0</ele></trkpt>
<trkpt lat="-35.285409" lon="-72.259213"><ele>390.0</ele></trkpt>
<trkpt lat="-35.286471" lon="-72.260585"><ele>367.0</ele></trkpt>
<trkpt lat="-35.286695" lon="-72.260674"><ele>367.0</ele></trkpt>
<trkpt lat="-35.287062" lon="-72.260570"><ele>367.0</ele></trkpt>
<trkpt lat="-35.287359" lon="-72.260703"><ele>367.0</ele></trkpt>
<trkpt lat="-35.289180" lon="-72.262182"><ele>350.0</ele></trkpt>
<trkpt lat="-35.289393" lon="-72.262575"><ele>331.0</ele></trkpt>
<trkpt lat="-35.289716" lon="-72.263653"><ele>324.0</ele></trkpt>
<trkpt lat="-35.289656" lon="-72.263376"><ele>324.0</ele></trkpt>
<trkpt lat="-35.289738" lon="-72.263114"><ele>324.0</ele></trkpt>
<trkpt lat="-35.289903" lon="-72.262935"><ele>324.0</ele></trkpt>
<trkpt lat="-35.290294" lon="-72.262709"><ele>324.0</ele></trkpt>
<trkpt lat="-35.291242" lon="-72.262616"><ele>324.0</ele></trkpt>
<trkpt lat="-35.291696" lon="-72.262846"><ele>327.0</ele></trkpt>
<trkpt lat="-35.292175" lon="-72.262905"><ele>327.0</ele></trkpt>
<trkpt lat="-35.292651" lon="-72.262760"><ele>327.0</ele></trkpt>
<trkpt lat="-35.293103" lon="-72.262810"><ele>327.0</ele></trkpt>
<trkpt lat="-35.293585" lon="-72.262702"><ele>327.0</ele></trkpt>
<trkpt lat="-35.293869" lon="-72.262390"><ele>311.0</ele></trkpt>
<trkpt lat="-35.294059" lon="-72.261583"><ele>311.0</ele></trkpt>
<trkpt lat="-35.294300" lon="-72.261182"><ele>311.0</ele></trkpt>
<trkpt lat="-35.294476" lon="-72.261119"><ele>311.0</ele></trkpt>
<trkpt lat="-35.294845" lon="-72.261228"><ele>311.0</ele></trkpt>
<trkpt lat="-35.295362" lon="-72.261085"><ele>311.0</ele></trkpt>
<trkpt lat="-35.295627" lon="-72.260891"><ele>311.0</ele></trkpt>
<trkpt lat="-35.295853" lon="-72.260558"><ele>302.0</ele></trkpt>
<trkpt lat="-35.296153" lon="-72.260442"><ele>302.0</ele></trkpt>
<trkpt lat="-35.296454" lon="-72.260441"><ele>302.0</ele></trkpt>
<trkpt lat="-35.296814" lon="-72.260612"><ele>302.0</ele></trkpt>
<trkpt lat="-35.297381" lon="-72.260365"><ele>303.0</ele></trkpt>
<trkpt lat="-35.297675" lon="-72.260014"><ele>303.0</ele></trkpt>
<trkpt lat="-35.297875" lon="-72.259239"><ele>303.0</ele></trkpt>
<trkpt lat="-35.297993" lon="-72.259060"><ele>317.0</ele></trkpt>
<trkpt lat="-35.298531" lon="-72.258742"><ele>317.0</ele></trkpt>
<trkpt lat="-35.298694" lon="-72.258761"><ele>317.0</ele></trkpt>
<trkpt lat="-35.298827" lon="-72.258901"><ele>317.0</ele></trkpt>
<trkpt lat="-35.298701" lon="-72.259888"><ele>317.0</ele></trkpt>
<trkpt lat="-35.299133" lon="-72.260578"><ele>338.0</ele></trkpt>
<trkpt lat="-35.299397" lon="-72.260715"><ele>338.0</ele></trkpt>
<trkpt lat="-35.299551" lon="-72.260880"><ele>338.0</ele></trkpt>
<trkpt lat="-35.299725" lon="-72.261642"><ele>338.0</ele></trkpt>
<trkpt lat="-35.299704" lon="-72.261740"><ele>338.0</ele></trkpt>
<trkpt lat="-35.299439" lon="-72.261934"><ele>338.0</ele></trkpt>
<trkpt lat="-35.299406" lon="-72.262029"><ele>338.0</ele></trkpt>
<trkpt lat="-35.299533" lon="-72.262273"><ele>338.0</ele></trkpt>
<trkpt lat="-35.299817" lon="-72.262574"><ele>351.0</ele></trkpt>
<trkpt lat="-35.299867" lon="-72.262752"><ele>351.0</ele></trkpt>
<trkpt lat="-35.299850" lon="-72.263848"><ele>351.0</ele></trkpt>
<trkpt lat="-35.299658" lon="-72.264797"><ele>367.0</ele></trkpt>
<trkpt lat="-35.299680" lon="-72.265336"><ele>367.0</ele></trkpt>
<trkpt lat="-35.299912" lon="-72.265682"><ele>367.0</ele></trkpt>
<trkpt lat="-35.299939" lon="-72.266172"><ele>367.0</ele></trkpt>
<trkpt lat="-35.300056" lon="-72.266444"><ele>353.0</ele></trkpt>
<trkpt lat="-35.300747" lon="-72.267255"><ele>382.0</ele></trkpt>
<trkpt lat="-35.301085" lon="-72.267494"><ele>382.0</ele></trkpt>
<trkpt lat="-35.301186" lon="-72.267653"><ele>382.0</ele></trkpt>
<trkpt lat="-35.301248" lon="-72.267875"><ele>382.0</ele></trkpt>
<trkpt lat="-35.301250" lon="-72.268371"><ele>382.0</ele></trkpt>
<trkpt lat="-35.301004" lon="-72.269800"><ele>369.0</ele></trkpt>
<trkpt lat="-35.300814" lon="-72.270321"><ele>369.0</ele></trkpt>
<trkpt lat="-35.300321" lon="-72.271012"><ele>351.0</ele></trkpt>
<trkpt lat="-35.299708" lon="-72.271165"><ele>369.0</ele></trkpt>
<trkpt lat="-35.299506" lon="-72.271307"><ele>369.0</ele></trkpt>
<trkpt lat="-35.298876" lon="-72.273368"><ele>372.0</ele></trkpt>
<trkpt lat="-35.298473" lon="-72.274033"><ele>372.0</ele></trkpt>
<trkpt lat="-35.298486" lon="-72.273962"><ele>372.0</ele></trkpt>
<trkpt lat="-35.297596" lon="-72.275025"><ele>385.0</ele></trkpt>
<trkpt lat="-35.297543" lon="-72.275242"><ele>385.0</ele></trkpt>
<trkpt lat="-35.297629" lon="-72.275537"><ele>385.0</ele></trkpt>
<trkpt lat="-35.298011" lon="-72.276246"><ele>354.0</ele></trkpt>
<trkpt lat="-35.298246" lon="-72.277146"><ele>375.0</ele></trkpt>
<trkpt lat="-35.298740" lon="-72.277965"><ele>375.0</ele></trkpt>
<trkpt lat="-35.298831" lon="-72.278742"><ele>375.0</ele></trkpt>
<trkpt lat="-35.299385" lon="-72.279545"><ele>379.0</ele></trkpt>
<trkpt lat="-35.299653" lon="-72.280334"><ele>379.0</ele></trkpt>
<trkpt lat="-35.300304" lon="-72.281559"><ele>366.0</ele></trkpt>
<trkpt lat="-35.300619" lon="-72.282995"><ele>366.0</ele></trkpt>
<trkpt lat="-35.301371" lon="-72.284534"><ele>351.0</ele></trkpt>
<trkpt lat="-35.301729" lon="-72.285827"><ele>324.0</ele></trkpt>
<trkpt lat="-35.301937" lon="-72.286271"><ele>324.0</ele></trkpt>
<trkpt lat="-35.302493" lon="-72.286963"><ele>349.0</ele></trkpt>
<trkpt lat="-35.303088" lon="-72.288257"><ele>329.0</ele></trkpt>
<trkpt lat="-35.303397" lon="-72.289177"><ele>329.0</ele></trkpt>
<trkpt lat="-35.303544" lon="-72.290020"><ele>320.0</ele></trkpt>
<trkpt lat="-35.303714" lon="-72.290532"><ele>320.0</ele></trkpt>
<trkpt lat="-35.303735" lon="-72.291055"><ele>320.0</ele></trkpt>
<trkpt lat="-35.303920" lon="-72.291496"><ele>320.0</ele></trkpt>
<trkpt lat="-35.304048" lon="-72.292137"><ele>312.0</ele></trkpt>
<trkpt lat="-35.304239" lon="-72.292567"><ele>316.0</ele></trkpt>
<trkpt lat="-35.304394" lon="-72.292847"><ele>316.0</ele></trkpt>
<trkpt lat="-35.304896" lon="-72.293285"><ele>316.0</ele></trkpt>
<trkpt lat="-35.305170" lon="-72.293659"><ele>316.0</ele></trkpt>
<trkpt lat="-35.305689" lon="-72.293969"><ele>309.0</ele></trkpt>
<trkpt lat="-35.306049" lon="-72.294084"><ele>309.0</ele></trkpt>
<trkpt lat="-35.306675" lon="-72.294587"><ele>311.0</ele></trkpt>
<trkpt lat="-35.306938" lon="-72.295280"><ele>311.0</ele></trkpt>
<trkpt lat="-35.307725" lon="-72.296746"><ele>294.0</ele></trkpt>
<trkpt lat="-35.307716" lon="-72.296972"><ele>294.0</ele></trkpt>
<trkpt lat="-35.307553" lon="-72.297457"><ele>294.0</ele></trkpt>
<trkpt lat="-35.307483" lon="-72.299086"><ele>285.0</ele></trkpt>
<trkpt lat="-35.307676" lon="-72.300168"><ele>257.0</ele></trkpt>
<trkpt lat="-35.308046" lon="-72.301025"><ele>257.0</ele></trkpt>
<trkpt lat="-35.308090" lon="-72.301518"><ele>257.0</ele></trkpt>
<trkpt lat="-35.308054" lon="-72.301739"><ele>257.0</ele></trkpt>
<trkpt lat="-35.307929" lon="-72.301850"><ele>257.0</ele></trkpt>
<trkpt lat="-35.307794" lon="-72.302159"><ele>230.0</ele></trkpt>
<trkpt lat="-35.307635" lon="-72.303086"><ele>230.0</ele></trkpt>
<trkpt lat="-35.307084" lon="-72.305132"><ele>201.0</ele></trkpt>
<trkpt lat="-35.307031" lon="-72.307062"><ele>173.0</ele></trkpt>
<trkpt lat="-35.306707" lon="-72.309211"><ele>160.0</ele></trkpt>
<trkpt lat="-35.306692" lon="-72.310634"><ele>169.0</ele></trkpt>
<trkpt lat="-35.306089" lon="-72.311429"><ele>172.0</ele></trkpt>
<trkpt lat="-35.305970" lon="-72.311920"><ele>172.0</ele></trkpt>
<trkpt lat="-35.306087" lon="-72.312432"><ele>172.0</ele></trkpt>
<trkpt lat="-35.306442" lon="-72.313296"><ele>176.0</ele></trkpt>
<trkpt lat="-35.306615" lon="-72.313986"><ele>176.0</ele></trkpt>
<trkpt lat="-35.306762" lon="-72.314258"><ele>176.0</ele></trkpt>
<trkpt lat="-35.306894" lon="-72.314362"><ele>176.0</ele></trkpt>
<trkpt lat="-35.307547" lon="-72.314375"><ele>176.0</ele></trkpt>
<trkpt lat="-35.308034" lon="-72.314573"><ele>176.0</ele></trkpt>
<trkpt lat="-35.308445" lon="-72.314597"><ele>172.0</ele></trkpt>
<trkpt lat="-35.308566" lon="-72.314812"><ele>172.0</ele></trkpt>
<trkpt lat="-35.308635" lon="-72.315873"><ele>172.0</ele></trkpt>
<trkpt lat="-35.308625" lon="-72.317931"><ele>141.0</ele></trkpt>
<trkpt lat="-35.308461" lon="-72.319099"><ele>120.0</ele></trkpt>
<trkpt lat="-35.308288" lon="-72.319732"><ele>130.0</ele></trkpt>
<trkpt lat="-35.308443" lon="-72.321385"><ele>104.0</ele></trkpt>
<trkpt lat="-35.308102" lon="-72.322288"><ele>136.0</ele></trkpt>
<trkpt lat="-35.307732" lon="-72.323757"><ele>136.0</ele></trkpt>
<trkpt lat="-35.307407" lon="-72.324266"><ele>136.0</ele></trkpt>
<trkpt lat="-35.307087" lon="-72.324938"><ele>136.0</ele></trkpt>
<trkpt lat="-35.307270" lon="-72.325814"><ele>146.0</ele></trkpt>
<trkpt lat="-35.307279" lon="-72.326595"><ele>146.0</ele></trkpt>
<trkpt lat="-35.307093" lon="-72.326803"><ele>146.0</ele></trkpt>
<trkpt lat="-35.306581" lon="-72.326897"><ele>146.0</ele></trkpt>
<trkpt lat="-35.305889" lon="-72.327270"><ele>148.0</ele></trkpt>
<trkpt lat="-35.305464" lon="-72.327568"><ele>148.0</ele></trkpt>
<trkpt lat="-35.305372" lon="-72.327816"><ele>148.0</ele></trkpt>
<trkpt lat="-35.305538" lon="-72.328468"><ele>148.0</ele></trkpt>
<trkpt lat="-35.305858" lon="-72.329011"><ele>148.0</ele></trkpt>
<trkpt lat="-35.305897" lon="-72.329434"><ele>102.0</ele></trkpt>
<trkpt lat="-35.306223" lon="-72.329933"><ele>102.0</ele></trkpt>
<trkpt lat="-35.306271" lon="-72.330106"><ele>166.0</ele></trkpt>
<trkpt lat="-35.306224" lon="-72.330443"><ele>102.0</ele></trkpt>
<trkpt lat="-35.305924" lon="-72.330982"><ele>102.0</ele></trkpt>
<trkpt lat="-35.305977" lon="-72.331744"><ele>103.0</ele></trkpt>
<trkpt lat="-35.306330" lon="-72.332160"><ele>138.0</ele></trkpt>
<trkpt lat="-35.306415" lon="-72.332645"><ele>138.0</ele></trkpt>
<trkpt lat="-35.306628" lon="-72.333008"><ele>138.0</ele></trkpt>
<trkpt lat="-35.306768" lon="-72.333624"><ele>101.0</ele></trkpt>
<trkpt lat="-35.307015" lon="-72.334214"><ele>101.0</ele></trkpt>
<trkpt lat="-35.306795" lon="-72.335363"><ele>101.0</ele></trkpt>
<trkpt lat="-35.306819" lon="-72.335878"><ele>103.0</ele></trkpt>
<trkpt lat="-35.306664" lon="-72.336556"><ele>103.0</ele></trkpt>
<trkpt lat="-35.306676" lon="-72.337615"><ele>126.0</ele></trkpt>
<trkpt lat="-35.306590" lon="-72.338245"><ele>126.0</ele></trkpt>
<trkpt lat="-35.306446" lon="-72.338712"><ele>126.0</ele></trkpt>
<trkpt lat="-35.305830" lon="-72.339585"><ele>138.0</ele></trkpt>
<trkpt lat="-35.305321" lon="-72.340132"><ele>138.0</ele></trkpt>
<trkpt lat="-35.305158" lon="-72.340211"><ele>138.0</ele></trkpt>
<trkpt lat="-35.304698" lon="-72.340253"><ele>138.0</ele></trkpt>
<trkpt lat="-35.304176" lon="-72.340432"><ele>138.0</ele></trkpt>
<trkpt lat="-35.303918" lon="-72.340638"><ele>131.0</ele></trkpt>
<trkpt lat="-35.303582" lon="-72.341537"><ele>131.0</ele></trkpt>
<trkpt lat="-35.302907" lon="-72.342358"><ele>124.0</ele></trkpt>
<trkpt lat="-35.302372" lon="-72.343206"><ele>124.0</ele></trkpt>
<trkpt lat="-35.301972" lon="-72.343678"><ele>139.0</ele></trkpt>
<trkpt lat="-35.301159" lon="-72.344900"><ele>126.0</ele></trkpt>
<trkpt lat="-35.300793" lon="-72.345567"><ele>126.0</ele></trkpt>
<trkpt lat="-35.299882" lon="-72.346796"><ele>125.0</ele></trkpt>
<trkpt lat="-35.299538" lon="-72.347774"><ele>125.0</ele></trkpt>
<trkpt lat="-35.299019" lon="-72.350460"><ele>107.0</ele></trkpt>
<trkpt lat="-35.298519" lon="-72.351373"><ele>107.0</ele></trkpt>
<trkpt lat="-35.298005" lon="-72.352122"><ele>101.0</ele></trkpt>
<trkpt lat="-35.297731" lon="-72.352955"><ele>98.0</ele></trkpt>
<trkpt lat="-35.297274" lon="-72.353698"><ele>98.0</ele></trkpt>
<trkpt lat="-35.296891" lon="-72.354637"><ele>90.0</ele></trkpt>
<trkpt lat="-35.295999" lon="-72.355152"><ele>90.0</ele></trkpt>
<trkpt lat="-35.295213" lon="-72.355501"><ele>83.0</ele></trkpt>
<trkpt lat="-35.294359" lon="-72.356134"><ele>83.0</ele></trkpt>
<trkpt lat="-35.293991" lon="-72.356567"><ele>98.0</ele></trkpt>
<trkpt lat="-35.292853" lon="-72.357112"><ele>88.0</ele></trkpt>
<trkpt lat="-35.292377" lon="-72.357470"><ele>88.0</ele></trkpt>
<trkpt lat="-35.292126" lon="-72.357789"><ele>88.0</ele></trkpt>
<trkpt lat="-35.291754" lon="-72.358508"><ele>93.0</ele></trkpt>
<trkpt lat="-35.290642" lon="-72.359816"><ele>80.0</ele></trkpt>
<trkpt lat="-35.290273" lon="-72.360632"><ele>80.0</ele></trkpt>
<trkpt lat="-35.290275" lon="-72.361022"><ele>80.0</ele></trkpt>
<trkpt lat="-35.290538" lon="-72.361449"><ele>80.0</ele></trkpt>
<trkpt lat="-35.290759" lon="-72.361624"><ele>80.0</ele></trkpt>
<trkpt lat="-35.291833" lon="-72.362138"><ele>74.0</ele></trkpt>
<trkpt lat="-35.292172" lon="-72.362462"><ele>74.0</ele></trkpt>
<trkpt lat="-35.292538" lon="-72.362693"><ele>65.0</ele></trkpt>
<trkpt lat="-35.293126" lon="-72.363592"><ele>65.0</ele></trkpt>
<trkpt lat="-35.293594" lon="-72.364066"><ele>65.0</ele></trkpt>
<trkpt lat="-35.294681" lon="-72.365547"><ele>43.0</ele></trkpt>
<trkpt lat="-35.295174" lon="-72.366752"><ele>21.0</ele></trkpt>
<trkpt lat="-35.295422" lon="-72.367101"><ele>21.0</ele></trkpt>
<trkpt lat="-35.295449" lon="-72.367327"><ele>21.0</ele></trkpt>
<trkpt lat="-35.295260" lon="-72.367682"><ele>21.0</ele></trkpt>
<trkpt lat="-35.294715" lon="-72.367953"><ele>21.0</ele></trkpt>
<trkpt lat="-35.294543" lon="-72.368107"><ele>21.0</ele></trkpt>
<trkpt lat="-35.294524" lon="-72.368208"><ele>21.0</ele></trkpt>
</trkseg></trk>
<trk><name>Cuevas de Quivolgo XCM</name><trkseg>
<trkpt lat="-35.314449" lon="-72.394012"><ele>11.0</ele></trkpt>
<trkpt lat="-35.314626" lon="-72.392891"><ele>30.0</ele></trkpt>
<trkpt lat="-35.315440" lon="-72.392347"><ele>30.0</ele></trkpt>
<trkpt lat="-35.315613" lon="-72.392288"><ele>30.0</ele></trkpt>
<trkpt lat="-35.316078" lon="-72.392290"><ele>30.0</ele></trkpt>
<trkpt lat="-35.316468" lon="-72.392081"><ele>30.0</ele></trkpt>
<trkpt lat="-35.317638" lon="-72.392282"><ele>47.0</ele></trkpt>
<trkpt lat="-35.318042" lon="-72.391933"><ele>47.0</ele></trkpt>
<trkpt lat="-35.318525" lon="-72.391767"><ele>47.0</ele></trkpt>
<trkpt lat="-35.319258" lon="-72.391407"><ele>52.0</ele></trkpt>
<trkpt lat="-35.319436" lon="-72.391261"><ele>52.0</ele></trkpt>
<trkpt lat="-35.319463" lon="-72.391019"><ele>52.0</ele></trkpt>
<trkpt lat="-35.319171" lon="-72.390699"><ele>52.0</ele></trkpt>
<trkpt lat="-35.319030" lon="-72.390446"><ele>52.0</ele></trkpt>
<trkpt lat="-35.318972" lon="-72.389837"><ele>52.0</ele></trkpt>
<trkpt lat="-35.319019" lon="-72.389676"><ele>52.0</ele></trkpt>
<trkpt lat="-35.319293" lon="-72.389407"><ele>64.0</ele></trkpt>
<trkpt lat="-35.319343" lon="-72.389063"><ele>64.0</ele></trkpt>
<trkpt lat="-35.319258" lon="-72.388687"><ele>64.0</ele></trkpt>
<trkpt lat="-35.319385" lon="-72.388439"><ele>64.0</ele></trkpt>
<trkpt lat="-35.319881" lon="-72.388357"><ele>64.0</ele></trkpt>
<trkpt lat="-35.320882" lon="-72.388461"><ele>72.0</ele></trkpt>
<trkpt lat="-35.321698" lon="-72.388131"><ele>72.0</ele></trkpt>
<trkpt lat="-35.322439" lon="-72.388237"><ele>72.0</ele></trkpt>
<trkpt lat="-35.322975" lon="-72.388166"><ele>80.0</ele></trkpt>
<trkpt lat="-35.323144" lon="-72.388021"><ele>80.0</ele></trkpt>
<trkpt lat="-35.323299" lon="-72.386231"><ele>78.0</ele></trkpt>
<trkpt lat="-35.323635" lon="-72.385614"><ele>78.0</ele></trkpt>
<trkpt lat="-35.323602" lon="-72.385428"><ele>78.0</ele></trkpt>
<trkpt lat="-35.322600" lon="-72.385335"><ele>49.0</ele></trkpt>
<trkpt lat="-35.318433" lon="-72.385313"><ele>46.0</ele></trkpt>
<trkpt lat="-35.318284" lon="-72.385209"><ele>46.0</ele></trkpt>
<trkpt lat="-35.318259" lon="-72.384999"><ele>46.0</ele></trkpt>
<trkpt lat="-35.318370" lon="-72.384833"><ele>46.0</ele></trkpt>
<trkpt lat="-35.319721" lon="-72.384116"><ele>51.0</ele></trkpt>
<trkpt lat="-35.319953" lon="-72.383914"><ele>51.0</ele></trkpt>
<trkpt lat="-35.320175" lon="-72.383416"><ele>51.0</ele></trkpt>
<trkpt lat="-35.320099" lon="-72.382498"><ele>67.0</ele></trkpt>
<trkpt lat="-35.320190" lon="-72.382121"><ele>67.0</ele></trkpt>
<trkpt lat="-35.320554" lon="-72.381580"><ele>67.0</ele></trkpt>
<trkpt lat="-35.321663" lon="-72.380398"><ele>85.0</ele></trkpt>
<trkpt lat="-35.322055" lon="-72.380087"><ele>85.0</ele></trkpt>
<trkpt lat="-35.322328" lon="-72.379983"><ele>85.0</ele></trkpt>
<trkpt lat="-35.322722" lon="-72.379956"><ele>85.0</ele></trkpt>
<trkpt lat="-35.323283" lon="-72.380101"><ele>102.0</ele></trkpt>
<trkpt lat="-35.324073" lon="-72.380105"><ele>102.0</ele></trkpt>
<trkpt lat="-35.324503" lon="-72.380066"><ele>102.0</ele></trkpt>
<trkpt lat="-35.324840" lon="-72.379922"><ele>102.0</ele></trkpt>
<trkpt lat="-35.325066" lon="-72.379707"><ele>86.0</ele></trkpt>
<trkpt lat="-35.325660" lon="-72.378885"><ele>107.0</ele></trkpt>
<trkpt lat="-35.328264" lon="-72.376397"><ele>109.0</ele></trkpt>
<trkpt lat="-35.328971" lon="-72.375345"><ele>109.0</ele></trkpt>
<trkpt lat="-35.329589" lon="-72.374611"><ele>116.0</ele></trkpt>
<trkpt lat="-35.329645" lon="-72.373519"><ele>116.0</ele></trkpt>
<trkpt lat="-35.329478" lon="-72.372849"><ele>117.0</ele></trkpt>
<trkpt lat="-35.328748" lon="-72.371383"><ele>94.0</ele></trkpt>
<trkpt lat="-35.328543" lon="-72.371139"><ele>94.0</ele></trkpt>
<trkpt lat="-35.327998" lon="-72.370718"><ele>116.0</ele></trkpt>
<trkpt lat="-35.327380" lon="-72.369808"><ele>116.0</ele></trkpt>
<trkpt lat="-35.327316" lon="-72.369604"><ele>116.0</ele></trkpt>
<trkpt lat="-35.327342" lon="-72.369256"><ele>116.0</ele></trkpt>
<trkpt lat="-35.327619" lon="-72.368541"><ele>125.0</ele></trkpt>
<trkpt lat="-35.327922" lon="-72.367326"><ele>125.0</ele></trkpt>
<trkpt lat="-35.328640" lon="-72.366537"><ele>134.0</ele></trkpt>
<trkpt lat="-35.328876" lon="-72.366102"><ele>134.0</ele></trkpt>
<trkpt lat="-35.328941" lon="-72.365717"><ele>134.0</ele></trkpt>
<trkpt lat="-35.328770" lon="-72.365389"><ele>134.0</ele></trkpt>
<trkpt lat="-35.328788" lon="-72.365048"><ele>134.0</ele></trkpt>
<trkpt lat="-35.329015" lon="-72.364956"><ele>134.0</ele></trkpt>
<trkpt lat="-35.329475" lon="-72.365002"><ele>182.0</ele></trkpt>
<trkpt lat="-35.329692" lon="-72.365499"><ele>182.0</ele></trkpt>
<trkpt lat="-35.330241" lon="-72.366127"><ele>182.0</ele></trkpt>
<trkpt lat="-35.330528" lon="-72.366576"><ele>182.0</ele></trkpt>
<trkpt lat="-35.330686" lon="-72.366677"><ele>171.0</ele></trkpt>
<trkpt lat="-35.330863" lon="-72.366694"><ele>171.0</ele></trkpt>
<trkpt lat="-35.331013" lon="-72.366583"><ele>182.0</ele></trkpt>
<trkpt lat="-35.331210" lon="-72.366115"><ele>182.0</ele></trkpt>
<trkpt lat="-35.331507" lon="-72.365674"><ele>195.0</ele></trkpt>
<trkpt lat="-35.331959" lon="-72.364674"><ele>195.0</ele></trkpt>
<trkpt lat="-35.332505" lon="-72.364045"><ele>193.0</ele></trkpt>
<trkpt lat="-35.332742" lon="-72.363946"><ele>193.0</ele></trkpt>
<trkpt lat="-35.333601" lon="-72.363866"><ele>182.0</ele></trkpt>
<trkpt lat="-35.335217" lon="-72.363894"><ele>182.0</ele></trkpt>
<trkpt lat="-35.335547" lon="-72.364053"><ele>189.0</ele></trkpt>
<trkpt lat="-35.336163" lon="-72.364727"><ele>195.0</ele></trkpt>
<trkpt lat="-35.337026" lon="-72.365442"><ele>195.0</ele></trkpt>
<trkpt lat="-35.337606" lon="-72.366099"><ele>202.0</ele></trkpt>
<trkpt lat="-35.337704" lon="-72.366126"><ele>202.0</ele></trkpt>
<trkpt lat="-35.340866" lon="-72.361226"><ele>216.0</ele></trkpt>
<trkpt lat="-35.344405" lon="-72.355350"><ele>250.0</ele></trkpt>
<trkpt lat="-35.344372" lon="-72.355235"><ele>250.0</ele></trkpt>
<trkpt lat="-35.344267" lon="-72.355214"><ele>250.0</ele></trkpt>
<trkpt lat="-35.343385" lon="-72.355403"><ele>231.0</ele></trkpt>
<trkpt lat="-35.342432" lon="-72.355203"><ele>231.0</ele></trkpt>
<trkpt lat="-35.341806" lon="-72.355380"><ele>231.0</ele></trkpt>
<trkpt lat="-35.340731" lon="-72.355381"><ele>222.0</ele></trkpt>
<trkpt lat="-35.340458" lon="-72.355492"><ele>222.0</ele></trkpt>
<trkpt lat="-35.339541" lon="-72.356183"><ele>220.0</ele></trkpt>
<trkpt lat="-35.338934" lon="-72.356800"><ele>210.0</ele></trkpt>
<trkpt lat="-35.338189" lon="-72.356855"><ele>210.0</ele></trkpt>
<trkpt lat="-35.337795" lon="-72.357070"><ele>210.0</ele></trkpt>
<trkpt lat="-35.337624" lon="-72.357229"><ele>210.0</ele></trkpt>
<trkpt lat="-35.337495" lon="-72.357491"><ele>177.0</ele></trkpt>
<trkpt lat="-35.337483" lon="-72.358185"><ele>177.0</ele></trkpt>
<trkpt lat="-35.337707" lon="-72.358781"><ele>197.0</ele></trkpt>
<trkpt lat="-35.338170" lon="-72.358984"><ele>197.0</ele></trkpt>
<trkpt lat="-35.338226" lon="-72.359140"><ele>197.0</ele></trkpt>
<trkpt lat="-35.338189" lon="-72.359260"><ele>197.0</ele></trkpt>
<trkpt lat="-35.338042" lon="-72.359387"><ele>197.0</ele></trkpt>
<trkpt lat="-35.337704" lon="-72.359508"><ele>197.0</ele></trkpt>
<trkpt lat="-35.337529" lon="-72.359463"><ele>197.0</ele></trkpt>
<trkpt lat="-35.336328" lon="-72.358768"><ele>180.0</ele></trkpt>
<trkpt lat="-35.335802" lon="-72.357885"><ele>177.0</ele></trkpt>
<trkpt lat="-35.335271" lon="-72.357363"><ele>168.0</ele></trkpt>
<trkpt lat="-35.335019" lon="-72.357197"><ele>168.0</ele></trkpt>
<trkpt lat="-35.334261" lon="-72.356944"><ele>168.0</ele></trkpt>
<trkpt lat="-35.333790" lon="-72.356543"><ele>168.0</ele></trkpt>
<trkpt lat="-35.333455" lon="-72.356154"><ele>196.0</ele></trkpt>
<trkpt lat="-35.333307" lon="-72.355757"><ele>187.0</ele></trkpt>
<trkpt lat="-35.333290" lon="-72.355450"><ele>187.0</ele></trkpt>
<trkpt lat="-35.333622" lon="-72.354583"><ele>196.0</ele></trkpt>
<trkpt lat="-35.333590" lon="-72.354462"><ele>196.0</ele></trkpt>
<trkpt lat="-35.333454" lon="-72.354422"><ele>196.0</ele></trkpt>
<trkpt lat="-35.333042" lon="-72.354574"><ele>187.0</ele></trkpt>
<trkpt lat="-35.332028" lon="-72.355128"><ele>187.0</ele></trkpt>
<trkpt lat="-35.331808" lon="-72.355354"><ele>187.0</ele></trkpt>
<trkpt lat="-35.331216" lon="-72.356239"><ele>182.0</ele></trkpt>
<trkpt lat="-35.330831" lon="-72.356635"><ele>197.0</ele></trkpt>
<trkpt lat="-35.330348" lon="-72.357016"><ele>197.0</ele></trkpt>
<trkpt lat="-35.329196" lon="-72.357737"><ele>197.0</ele></trkpt>
<trkpt lat="-35.328762" lon="-72.357943"><ele>175.0</ele></trkpt>
<trkpt lat="-35.327415" lon="-72.358195"><ele>175.0</ele></trkpt>
<trkpt lat="-35.326622" lon="-72.359080"><ele>158.0</ele></trkpt>
<trkpt lat="-35.326118" lon="-72.359313"><ele>158.0</ele></trkpt>
<trkpt lat="-35.324912" lon="-72.359500"><ele>136.0</ele></trkpt>
<trkpt lat="-35.324763" lon="-72.359684"><ele>136.0</ele></trkpt>
<trkpt lat="-35.324663" lon="-72.360243"><ele>136.0</ele></trkpt>
<trkpt lat="-35.324400" lon="-72.360964"><ele>125.0</ele></trkpt>
<trkpt lat="-35.324260" lon="-72.361066"><ele>125.0</ele></trkpt>
<trkpt lat="-35.324191" lon="-72.360970"><ele>125.0</ele></trkpt>
<trkpt lat="-35.324101" lon="-72.360329"><ele>136.0</ele></trkpt>
<trkpt lat="-35.323636" lon="-72.359927"><ele>136.0</ele></trkpt>
<trkpt lat="-35.323013" lon="-72.359719"><ele>136.0</ele></trkpt>
<trkpt lat="-35.322691" lon="-72.359701"><ele>132.0</ele></trkpt>
<trkpt lat="-35.322493" lon="-72.359796"><ele>132.0</ele></trkpt>
<trkpt lat="-35.322019" lon="-72.360262"><ele>132.0</ele></trkpt>
<trkpt lat="-35.321486" lon="-72.360233"><ele>132.0</ele></trkpt>
<trkpt lat="-35.321254" lon="-72.359977"><ele>132.0</ele></trkpt>
<trkpt lat="-35.321225" lon="-72.359369"><ele>132.0</ele></trkpt>
<trkpt lat="-35.321063" lon="-72.359086"><ele>132.0</ele></trkpt>
<trkpt lat="-35.320577" lon="-72.358934"><ele>135.0</ele></trkpt>
<trkpt lat="-35.320112" lon="-72.358916"><ele>135.0</ele></trkpt>
<trkpt lat="-35.319879" lon="-72.358721"><ele>135.0</ele></trkpt>
<trkpt lat="-35.319829" lon="-72.358557"><ele>135.0</ele></trkpt>
<trkpt lat="-35.319863" lon="-72.358298"><ele>136.0</ele></trkpt>
<trkpt lat="-35.320044" lon="-72.357920"><ele>136.0</ele></trkpt>
<trkpt lat="-35.320421" lon="-72.356451"><ele>136.0</ele></trkpt>
<trkpt lat="-35.320595" lon="-72.356119"><ele>137.0</ele></trkpt>
<trkpt lat="-35.320998" lon="-72.355617"><ele>146.0</ele></trkpt>
<trkpt lat="-35.321059" lon="-72.355370"><ele>146.0</ele></trkpt>
<trkpt lat="-35.320669" lon="-72.354589"><ele>137.0</ele></trkpt>
<trkpt lat="-35.320082" lon="-72.353699"><ele>146.0</ele></trkpt>
<trkpt lat="-35.319732" lon="-72.353323"><ele>146.0</ele></trkpt>
<trkpt lat="-35.319544" lon="-72.352663"><ele>146.0</ele></trkpt>
<trkpt lat="-35.319130" lon="-72.352252"><ele>146.0</ele></trkpt>
<trkpt lat="-35.319158" lon="-72.351874"><ele>156.0</ele></trkpt>
<trkpt lat="-35.319591" lon="-72.351349"><ele>156.0</ele></trkpt>
<trkpt lat="-35.319789" lon="-72.350785"><ele>156.0</ele></trkpt>
<trkpt lat="-35.320002" lon="-72.350556"><ele>156.0</ele></trkpt>
<trkpt lat="-35.321649" lon="-72.350136"><ele>168.0</ele></trkpt>
<trkpt lat="-35.321820" lon="-72.349979"><ele>172.0</ele></trkpt>
<trkpt lat="-35.322157" lon="-72.349412"><ele>172.0</ele></trkpt>
<trkpt lat="-35.322607" lon="-72.349048"><ele>172.0</ele></trkpt>
<trkpt lat="-35.324992" lon="-72.347716"><ele>175.0</ele></trkpt>
<trkpt lat="-35.325476" lon="-72.347557"><ele>182.0</ele></trkpt>
<trkpt lat="-35.325912" lon="-72.347746"><ele>182.0</ele></trkpt>
<trkpt lat="-35.326081" lon="-72.347702"><ele>182.0</ele></trkpt>
<trkpt lat="-35.327960" lon="-72.345401"><ele>196.0</ele></trkpt>
<trkpt lat="-35.329231" lon="-72.344178"><ele>194.0</ele></trkpt>
<trkpt lat="-35.329887" lon="-72.343723"><ele>205.0</ele></trkpt>
<trkpt lat="-35.330337" lon="-72.343157"><ele>205.0</ele></trkpt>
<trkpt lat="-35.330468" lon="-72.343089"><ele>205.0</ele></trkpt>
<trkpt lat="-35.331186" lon="-72.343101"><ele>205.0</ele></trkpt>
<trkpt lat="-35.331782" lon="-72.342798"><ele>205.0</ele></trkpt>
<trkpt lat="-35.332403" lon="-72.342074"><ele>205.0</ele></trkpt>
<trkpt lat="-35.333438" lon="-72.341206"><ele>225.0</ele></trkpt>
<trkpt lat="-35.333921" lon="-72.340281"><ele>225.0</ele></trkpt>
<trkpt lat="-35.334086" lon="-72.339206"><ele>242.0</ele></trkpt>
<trkpt lat="-35.334492" lon="-72.338725"><ele>242.0</ele></trkpt>
<trkpt lat="-35.334644" lon="-72.338052"><ele>242.0</ele></trkpt>
<trkpt lat="-35.334576" lon="-72.337902"><ele>242.0</ele></trkpt>
<trkpt lat="-35.334203" lon="-72.337646"><ele>242.0</ele></trkpt>
<trkpt lat="-35.333987" lon="-72.337301"><ele>259.0</ele></trkpt>
<trkpt lat="-35.333862" lon="-72.336705"><ele>259.0</ele></trkpt>
<trkpt lat="-35.333890" lon="-72.336095"><ele>259.0</ele></trkpt>
<trkpt lat="-35.333614" lon="-72.335644"><ele>259.0</ele></trkpt>
<trkpt lat="-35.333261" lon="-72.334831"><ele>274.0</ele></trkpt>
<trkpt lat="-35.333227" lon="-72.334090"><ele>274.0</ele></trkpt>
<trkpt lat="-35.333364" lon="-72.333842"><ele>279.0</ele></trkpt>
<trkpt lat="-35.333712" lon="-72.333747"><ele>279.0</ele></trkpt>
<trkpt lat="-35.333900" lon="-72.333620"><ele>279.0</ele></trkpt>
<trkpt lat="-35.334195" lon="-72.333125"><ele>298.0</ele></trkpt>
<trkpt lat="-35.334308" lon="-72.332528"><ele>298.0</ele></trkpt>
<trkpt lat="-35.334310" lon="-72.331476"><ele>298.0</ele></trkpt>
<trkpt lat="-35.334531" lon="-72.330507"><ele>312.0</ele></trkpt>
<trkpt lat="-35.334646" lon="-72.330293"><ele>312.0</ele></trkpt>
<trkpt lat="-35.335435" lon="-72.330556"><ele>300.0</ele></trkpt>
<trkpt lat="-35.335957" lon="-72.330431"><ele>300.0</ele></trkpt>
<trkpt lat="-35.336278" lon="-72.330459"><ele>300.0</ele></trkpt>
<trkpt lat="-35.336707" lon="-72.330774"><ele>300.0</ele></trkpt>
<trkpt lat="-35.337035" lon="-72.331114"><ele>300.0</ele></trkpt>
<trkpt lat="-35.337387" lon="-72.332216"><ele>286.0</ele></trkpt>
<trkpt lat="-35.337455" lon="-72.332692"><ele>286.0</ele></trkpt>
<trkpt lat="-35.337750" lon="-72.333188"><ele>275.0</ele></trkpt>
<trkpt lat="-35.337816" lon="-72.333437"><ele>268.0</ele></trkpt>
<trkpt lat="-35.337697" lon="-72.333988"><ele>268.0</ele></trkpt>
<trkpt lat="-35.337328" lon="-72.334894"><ele>268.0</ele></trkpt>
<trkpt lat="-35.337305" lon="-72.335196"><ele>268.0</ele></trkpt>
<trkpt lat="-35.337411" lon="-72.335425"><ele>250.0</ele></trkpt>
<trkpt lat="-35.337649" lon="-72.335691"><ele>255.0</ele></trkpt>
<trkpt lat="-35.338328" lon="-72.336185"><ele>255.0</ele></trkpt>
<trkpt lat="-35.338533" lon="-72.336260"><ele>255.0</ele></trkpt>
<trkpt lat="-35.338743" lon="-72.336209"><ele>255.0</ele></trkpt>
<trkpt lat="-35.338934" lon="-72.336012"><ele>255.0</ele></trkpt>
<trkpt lat="-35.339504" lon="-72.334450"><ele>268.0</ele></trkpt>
<trkpt lat="-35.339474" lon="-72.333927"><ele>268.0</ele></trkpt>
<trkpt lat="-35.339688" lon="-72.333000"><ele>248.0</ele></trkpt>
<trkpt lat="-35.339461" lon="-72.332269"><ele>275.0</ele></trkpt>
<trkpt lat="-35.339474" lon="-72.332097"><ele>275.0</ele></trkpt>
<trkpt lat="-35.339580" lon="-72.331926"><ele>275.0</ele></trkpt>
<trkpt lat="-35.339958" lon="-72.331794"><ele>248.0</ele></trkpt>
<trkpt lat="-35.340132" lon="-72.331644"><ele>248.0</ele></trkpt>
<trkpt lat="-35.340392" lon="-72.330874"><ele>254.0</ele></trkpt>
<trkpt lat="-35.340684" lon="-72.330269"><ele>254.0</ele></trkpt>
<trkpt lat="-35.340730" lon="-72.329967"><ele>254.0</ele></trkpt>
<trkpt lat="-35.340673" lon="-72.329223"><ele>254.0</ele></trkpt>
<trkpt lat="-35.340344" lon="-72.328502"><ele>244.0</ele></trkpt>
<trkpt lat="-35.340487" lon="-72.328271"><ele>244.0</ele></trkpt>
<trkpt lat="-35.340832" lon="-72.328149"><ele>244.0</ele></trkpt>
<trkpt lat="-35.341189" lon="-72.328142"><ele>244.0</ele></trkpt>
<trkpt lat="-35.341602" lon="-72.328020"><ele>244.0</ele></trkpt>
<trkpt lat="-35.342212" lon="-72.328390"><ele>263.0</ele></trkpt>
<trkpt lat="-35.342651" lon="-72.328901"><ele>263.0</ele></trkpt>
<trkpt lat="-35.343507" lon="-72.329207"><ele>244.0</ele></trkpt>
<trkpt lat="-35.344255" lon="-72.329174"><ele>248.0</ele></trkpt>
<trkpt lat="-35.344474" lon="-72.329325"><ele>248.0</ele></trkpt>
<trkpt lat="-35.344892" lon="-72.329804"><ele>248.0</ele></trkpt>
<trkpt lat="-35.345439" lon="-72.330004"><ele>248.0</ele></trkpt>
<trkpt lat="-35.346299" lon="-72.330026"><ele>249.0</ele></trkpt>
<trkpt lat="-35.348220" lon="-72.329730"><ele>252.0</ele></trkpt>
<trkpt lat="-35.349167" lon="-72.329206"><ele>252.0</ele></trkpt>
<trkpt lat="-35.349932" lon="-72.328968"><ele>267.0</ele></trkpt>
<trkpt lat="-35.350036" lon="-72.328996"><ele>271.0</ele></trkpt>
<trkpt lat="-35.350292" lon="-72.329302"><ele>258.0</ele></trkpt>
<trkpt lat="-35.350485" lon="-72.329413"><ele>258.0</ele></trkpt>
<trkpt lat="-35.351056" lon="-72.329492"><ele>258.0</ele></trkpt>
<trkpt lat="-35.351450" lon="-72.329478"><ele>258.0</ele></trkpt>
<trkpt lat="-35.351521" lon="-72.329564"><ele>258.0</ele></trkpt>
<trkpt lat="-35.351439" lon="-72.330127"><ele>258.0</ele></trkpt>
<trkpt lat="-35.351253" lon="-72.331114"><ele>258.0</ele></trkpt>
<trkpt lat="-35.351073" lon="-72.331688"><ele>257.0</ele></trkpt>
<trkpt lat="-35.350746" lon="-72.332320"><ele>257.0</ele></trkpt>
<trkpt lat="-35.349864" lon="-72.333417"><ele>246.0</ele></trkpt>
<trkpt lat="-35.349604" lon="-72.333939"><ele>246.0</ele></trkpt>
<trkpt lat="-35.349583" lon="-72.335519"><ele>248.0</ele></trkpt>
<trkpt lat="-35.349342" lon="-72.338012"><ele>249.0</ele></trkpt>
<trkpt lat="-35.349197" lon="-72.338738"><ele>249.0</ele></trkpt>
<trkpt lat="-35.348684" lon="-72.340241"><ele>241.0</ele></trkpt>
<trkpt lat="-35.348250" lon="-72.341919"><ele>236.0</ele></trkpt>
<trkpt lat="-35.348172" lon="-72.342882"><ele>236.0</ele></trkpt>
<trkpt lat="-35.348182" lon="-72.344370"><ele>243.0</ele></trkpt>
<trkpt lat="-35.348280" lon="-72.344411"><ele>243.0</ele></trkpt>
<trkpt lat="-35.350037" lon="-72.344332"><ele>246.0</ele></trkpt>
<trkpt lat="-35.352185" lon="-72.344135"><ele>246.0</ele></trkpt>
<trkpt lat="-35.352435" lon="-72.344157"><ele>246.0</ele></trkpt>
<trkpt lat="-35.353671" lon="-72.344591"><ele>246.0</ele></trkpt>
<trkpt lat="-35.353662" lon="-72.345185"><ele>246.0</ele></trkpt>
<trkpt lat="-35.353845" lon="-72.345647"><ele>246.0</ele></trkpt>
<trkpt lat="-35.353986" lon="-72.345657"><ele>246.0</ele></trkpt>
<trkpt lat="-35.354199" lon="-72.345499"><ele>242.0</ele></trkpt>
<trkpt lat="-35.355562" lon="-72.345167"><ele>242.0</ele></trkpt>
<trkpt lat="-35.355992" lon="-72.345363"><ele>242.0</ele></trkpt>
<trkpt lat="-35.356154" lon="-72.345536"><ele>242.0</ele></trkpt>
<trkpt lat="-35.356444" lon="-72.346125"><ele>242.0</ele></trkpt>
<trkpt lat="-35.356916" lon="-72.346324"><ele>242.0</ele></trkpt>
<trkpt lat="-35.357288" lon="-72.346590"><ele>242.0</ele></trkpt>
<trkpt lat="-35.357809" lon="-72.347255"><ele>242.0</ele></trkpt>
<trkpt lat="-35.358555" lon="-72.348005"><ele>246.0</ele></trkpt>
<trkpt lat="-35.358838" lon="-72.348054"><ele>246.0</ele></trkpt>
<trkpt lat="-35.359231" lon="-72.348000"><ele>246.0</ele></trkpt>
<trkpt lat="-35.360570" lon="-72.347506"><ele>228.0</ele></trkpt>
<trkpt lat="-35.360888" lon="-72.347558"><ele>228.0</ele></trkpt>
<trkpt lat="-35.361797" lon="-72.347963"><ele>233.0</ele></trkpt>
<trkpt lat="-35.362010" lon="-72.348312"><ele>233.0</ele></trkpt>
<trkpt lat="-35.362079" lon="-72.348829"><ele>233.0</ele></trkpt>
<trkpt lat="-35.361787" lon="-72.349575"><ele>233.0</ele></trkpt>
<trkpt lat="-35.361792" lon="-72.350407"><ele>216.0</ele></trkpt>
<trkpt lat="-35.361597" lon="-72.351067"><ele>216.0</ele></trkpt>
<trkpt lat="-35.361523" lon="-72.351630"><ele>216.0</ele></trkpt>
<trkpt lat="-35.361798" lon="-72.352625"><ele>206.0</ele></trkpt>
<trkpt lat="-35.361878" lon="-72.353941"><ele>206.0</ele></trkpt>
<trkpt lat="-35.362060" lon="-72.354312"><ele>200.0</ele></trkpt>
<trkpt lat="-35.362737" lon="-72.354716"><ele>203.0</ele></trkpt>
<trkpt lat="-35.363059" lon="-72.354995"><ele>203.0</ele></trkpt>
<trkpt lat="-35.363455" lon="-72.355617"><ele>203.0</ele></trkpt>
<trkpt lat="-35.363989" lon="-72.357854"><ele>201.0</ele></trkpt>
<trkpt lat="-35.364081" lon="-72.358858"><ele>187.0</ele></trkpt>
<trkpt lat="-35.364509" lon="-72.359665"><ele>187.0</ele></trkpt>
<trkpt lat="-35.364603" lon="-72.361194"><ele>178.0</ele></trkpt>
<trkpt lat="-35.364668" lon="-72.361399"><ele>178.0</ele></trkpt>
<trkpt lat="-35.364996" lon="-72.361922"><ele>178.0</ele></trkpt>
<trkpt lat="-35.365006" lon="-72.362138"><ele>178.0</ele></trkpt>
<trkpt lat="-35.364934" lon="-72.362230"><ele>178.0</ele></trkpt>
<trkpt lat="-35.364830" lon="-72.362235"><ele>178.0</ele></trkpt>
<trkpt lat="-35.364412" lon="-72.361898"><ele>188.0</ele></trkpt>
<trkpt lat="-35.364204" lon="-72.361860"><ele>188.0</ele></trkpt>
<trkpt lat="-35.363647" lon="-72.362650"><ele>124.0</ele></trkpt>
<trkpt lat="-35.363157" lon="-72.362741"><ele>124.0</ele></trkpt>
<trkpt lat="-35.362948" lon="-72.362680"><ele>124.0</ele></trkpt>
<trkpt lat="-35.362773" lon="-72.362528"><ele>124.0</ele></trkpt>
<trkpt lat="-35.362458" lon="-72.361842"><ele>159.0</ele></trkpt>
<trkpt lat="-35.362298" lon="-72.361802"><ele>159.0</ele></trkpt>
<trkpt lat="-35.362023" lon="-72.362741"><ele>131.0</ele></trkpt>
<trkpt lat="-35.361471" lon="-72.363287"><ele>131.0</ele></trkpt>
<trkpt lat="-35.360489" lon="-72.365218"><ele>116.0</ele></trkpt>
<trkpt lat="-35.360195" lon="-72.365377"><ele>136.0</ele></trkpt>
<trkpt lat="-35.359309" lon="-72.365544"><ele>136.0</ele></trkpt>
<trkpt lat="-35.358453" lon="-72.365879"><ele>136.0</ele></trkpt>
<trkpt lat="-35.357784" lon="-72.366032"><ele>124.0</ele></trkpt>
<trkpt lat="-35.357200" lon="-72.366610"><ele>124.0</ele></trkpt>
<trkpt lat="-35.356782" lon="-72.366859"><ele>142.0</ele></trkpt>
<trkpt lat="-35.356180" lon="-72.366982"><ele>124.0</ele></trkpt>
<trkpt lat="-35.355456" lon="-72.367240"><ele>124.0</ele></trkpt>
<trkpt lat="-35.354034" lon="-72.367489"><ele>126.0</ele></trkpt>
<trkpt lat="-35.353533" lon="-72.367435"><ele>126.0</ele></trkpt>
<trkpt lat="-35.352652" lon="-72.367222"><ele>126.0</ele></trkpt>
<trkpt lat="-35.351865" lon="-72.367144"><ele>127.0</ele></trkpt>
<trkpt lat="-35.351111" lon="-72.366745"><ele>127.0</ele></trkpt>
<trkpt lat="-35.350794" lon="-72.366804"><ele>127.0</ele></trkpt>
<trkpt lat="-35.350207" lon="-72.367305"><ele>127.0</ele></trkpt>
<trkpt lat="-35.349489" lon="-72.368168"><ele>140.0</ele></trkpt>
<trkpt lat="-35.348682" lon="-72.369289"><ele>161.0</ele></trkpt>
<trkpt lat="-35.348467" lon="-72.369844"><ele>161.0</ele></trkpt>
<trkpt lat="-35.348330" lon="-72.369976"><ele>161.0</ele></trkpt>
<trkpt lat="-35.348128" lon="-72.369899"><ele>161.0</ele></trkpt>
<trkpt lat="-35.347891" lon="-72.369701"><ele>156.0</ele></trkpt>
<trkpt lat="-35.347504" lon="-72.368964"><ele>156.0</ele></trkpt>
<trkpt lat="-35.347251" lon="-72.368721"><ele>176.0</ele></trkpt>
<trkpt lat="-35.347001" lon="-72.368549"><ele>176.0</ele></trkpt>
<trkpt lat="-35.346088" lon="-72.368153"><ele>176.0</ele></trkpt>
<trkpt lat="-35.345384" lon="-72.367624"><ele>151.0</ele></trkpt>
<trkpt lat="-35.344382" lon="-72.367031"><ele>151.0</ele></trkpt>
<trkpt lat="-35.343085" lon="-72.365660"><ele>190.0</ele></trkpt>
<trkpt lat="-35.342842" lon="-72.365033"><ele>190.0</ele></trkpt>
<trkpt lat="-35.342503" lon="-72.364475"><ele>209.0</ele></trkpt>
<trkpt lat="-35.342331" lon="-72.364424"><ele>209.0</ele></trkpt>
<trkpt lat="-35.341653" lon="-72.364490"><ele>222.0</ele></trkpt>
<trkpt lat="-35.341051" lon="-72.364376"><ele>222.0</ele></trkpt>
<trkpt lat="-35.340481" lon="-72.364433"><ele>222.0</ele></trkpt>
<trkpt lat="-35.340383" lon="-72.364610"><ele>211.0</ele></trkpt>
<trkpt lat="-35.340379" lon="-72.364918"><ele>211.0</ele></trkpt>
<trkpt lat="-35.340591" lon="-72.366121"><ele>211.0</ele></trkpt>
<trkpt lat="-35.340402" lon="-72.366966"><ele>201.0</ele></trkpt>
<trkpt lat="-35.340405" lon="-72.368197"><ele>201.0</ele></trkpt>
<trkpt lat="-35.340698" lon="-72.369092"><ele>192.0</ele></trkpt>
<trkpt lat="-35.340939" lon="-72.370603"><ele>192.0</ele></trkpt>
<trkpt lat="-35.341477" lon="-72.371746"><ele>188.0</ele></trkpt>
<trkpt lat="-35.342031" lon="-72.373175"><ele>165.0</ele></trkpt>
<trkpt lat="-35.342019" lon="-72.373479"><ele>165.0</ele></trkpt>
<trkpt lat="-35.341775" lon="-72.374017"><ele>165.0</ele></trkpt>
<trkpt lat="-35.341715" lon="-72.374359"><ele>165.0</ele></trkpt>
<trkpt lat="-35.341898" lon="-72.375253"><ele>166.0</ele></trkpt>
<trkpt lat="-35.341938" lon="-72.375955"><ele>166.0</ele></trkpt>
<trkpt lat="-35.342047" lon="-72.376556"><ele>166.0</ele></trkpt>
<trkpt lat="-35.341955" lon="-72.377645"><ele>176.0</ele></trkpt>
<trkpt lat="-35.342154" lon="-72.378576"><ele>176.0</ele></trkpt>
<trkpt lat="-35.342118" lon="-72.378791"><ele>176.0</ele></trkpt>
<trkpt lat="-35.342011" lon="-72.378964"><ele>176.0</ele></trkpt>
<trkpt lat="-35.341197" lon="-72.379683"><ele>179.0</ele></trkpt>
<trkpt lat="-35.340280" lon="-72.380280"><ele>179.0</ele></trkpt>
<trkpt lat="-35.340124" lon="-72.380569"><ele>179.0</ele></trkpt>
<trkpt lat="-35.340225" lon="-72.381120"><ele>179.0</ele></trkpt>
<trkpt lat="-35.340133" lon="-72.381445"><ele>160.0</ele></trkpt>
<trkpt lat="-35.339769" lon="-72.381801"><ele>160.0</ele></trkpt>
<trkpt lat="-35.339239" lon="-72.382067"><ele>157.0</ele></trkpt>
<trkpt lat="-35.338879" lon="-72.382544"><ele>157.0</ele></trkpt>
<trkpt lat="-35.338739" lon="-72.382553"><ele>157.0</ele></trkpt>
<trkpt lat="-35.338450" lon="-72.382390"><ele>157.0</ele></trkpt>
<trkpt lat="-35.337991" lon="-72.382481"><ele>157.0</ele></trkpt>
<trkpt lat="-35.337777" lon="-72.382460"><ele>157.0</ele></trkpt>
<trkpt lat="-35.337234" lon="-72.382136"><ele>150.0</ele></trkpt>
<trkpt lat="-35.336989" lon="-72.382185"><ele>150.0</ele></trkpt>
<trkpt lat="-35.336648" lon="-72.382504"><ele>150.0</ele></trkpt>
<trkpt lat="-35.336365" lon="-72.382552"><ele>150.0</ele></trkpt>
<trkpt lat="-35.335364" lon="-72.382209"><ele>127.0</ele></trkpt>
<trkpt lat="-35.334722" lon="-72.382135"><ele>127.0</ele></trkpt>
<trkpt lat="-35.334375" lon="-72.382237"><ele>127.0</ele></trkpt>
<trkpt lat="-35.334109" lon="-72.382123"><ele>127.0</ele></trkpt>
<trkpt lat="-35.333157" lon="-72.381004"><ele>112.0</ele></trkpt>
<trkpt lat="-35.332708" lon="-72.380115"><ele>112.0</ele></trkpt>
<trkpt lat="-35.332471" lon="-72.380140"><ele>112.0</ele></trkpt>
<trkpt lat="-35.332143" lon="-72.379802"><ele>112.0</ele></trkpt>
<trkpt lat="-35.331788" lon="-72.379249"><ele>112.0</ele></trkpt>
<trkpt lat="-35.331138" lon="-72.378434"><ele>102.0</ele></trkpt>
<trkpt lat="-35.330965" lon="-72.377681"><ele>102.0</ele></trkpt>
<trkpt lat="-35.330854" lon="-72.377458"><ele>102.0</ele></trkpt>
<trkpt lat="-35.330697" lon="-72.377355"><ele>102.0</ele></trkpt>
<trkpt lat="-35.330345" lon="-72.377276"><ele>102.0</ele></trkpt>
<trkpt lat="-35.330023" lon="-72.377001"><ele>102.0</ele></trkpt>
<trkpt lat="-35.329679" lon="-72.375707"><ele>102.0</ele></trkpt>
<trkpt lat="-35.329758" lon="-72.374928"><ele>116.0</ele></trkpt>
<trkpt lat="-35.329703" lon="-72.374820"><ele>116.0</ele></trkpt>
<trkpt lat="-35.329544" lon="-72.374748"><ele>116.0</ele></trkpt>
</trkseg></trk>
<trk><name>Cuevas de Quivolgo XCM</name><trkseg>
<trkpt lat="-35.318279" lon="-72.385303"><ele>46.0</ele></trkpt>
<trkpt lat="-35.318267" lon="-72.385470"><ele>43.0</ele></trkpt>
<trkpt lat="-35.318029" lon="-72.385543"><ele>43.0</ele></trkpt>
<trkpt lat="-35.317061" lon="-72.385539"><ele>43.0</ele></trkpt>
<trkpt lat="-35.316951" lon="-72.385645"><ele>43.0</ele></trkpt>
<trkpt lat="-35.316921" lon="-72.385811"><ele>43.0</ele></trkpt>
<trkpt lat="-35.317048" lon="-72.385855"><ele>43.0</ele></trkpt>
<trkpt lat="-35.317165" lon="-72.385728"><ele>43.0</ele></trkpt>
<trkpt lat="-35.317466" lon="-72.386021"><ele>43.0</ele></trkpt>
<trkpt lat="-35.317543" lon="-72.386465"><ele>43.0</ele></trkpt>
<trkpt lat="-35.317898" lon="-72.386667"><ele>43.0</ele></trkpt>
<trkpt lat="-35.318144" lon="-72.386650"><ele>43.0</ele></trkpt>
<trkpt lat="-35.318410" lon="-72.386249"><ele>43.0</ele></trkpt>
<trkpt lat="-35.318472" lon="-72.386213"><ele>43.0</ele></trkpt>
<trkpt lat="-35.318566" lon="-72.386270"><ele>43.0</ele></trkpt>
<trkpt lat="-35.318664" lon="-72.386729"><ele>43.0</ele></trkpt>
<trkpt lat="-35.318454" lon="-72.388281"><ele>44.0</ele></trkpt>
<trkpt lat="-35.318587" lon="-72.388417"><ele>44.0</ele></trkpt>
<trkpt lat="-35.319082" lon="-72.388498"><ele>64.0</ele></trkpt>
<trkpt lat="-35.319208" lon="-72.388647"><ele>64.0</ele></trkpt>
</trkseg></trk>
<trk><name>Copa de Agua XCM</name><trkseg>
<trkpt lat="-35.318261" lon="-72.384937"><ele>46.0</ele></trkpt>
<trkpt lat="-35.318488" lon="-72.384761"><ele>46.0</ele></trkpt>
<trkpt lat="-35.319776" lon="-72.384099"><ele>51.0</ele></trkpt>
<trkpt lat="-35.319978" lon="-72.383891"><ele>51.0</ele></trkpt>
<trkpt lat="-35.320185" lon="-72.383422"><ele>51.0</ele></trkpt>
<trkpt lat="-35.320104" lon="-72.382636"><ele>67.0</ele></trkpt>
<trkpt lat="-35.320189" lon="-72.382155"><ele>67.0</ele></trkpt>
<trkpt lat="-35.320445" lon="-72.381688"><ele>67.0</ele></trkpt>
<trkpt lat="-35.320945" lon="-72.381256"><ele>75.0</ele></trkpt>
<trkpt lat="-35.321222" lon="-72.380850"><ele>85.0</ele></trkpt>
<trkpt lat="-35.321614" lon="-72.380434"><ele>85.0</ele></trkpt>
<trkpt lat="-35.322029" lon="-72.380101"><ele>85.0</ele></trkpt>
<trkpt lat="-35.322354" lon="-72.380001"><ele>85.0</ele></trkpt>
<trkpt lat="-35.322715" lon="-72.379964"><ele>85.0</ele></trkpt>
<trkpt lat="-35.323129" lon="-72.380135"><ele>102.0</ele></trkpt>
<trkpt lat="-35.324077" lon="-72.380156"><ele>102.0</ele></trkpt>
<trkpt lat="-35.324534" lon="-72.380102"><ele>102.0</ele></trkpt>
<trkpt lat="-35.324879" lon="-72.379934"><ele>102.0</ele></trkpt>
<trkpt lat="-35.325744" lon="-72.378826"><ele>107.0</ele></trkpt>
<trkpt lat="-35.327237" lon="-72.377358"><ele>114.0</ele></trkpt>
<trkpt lat="-35.327978" lon="-72.376731"><ele>109.0</ele></trkpt>
<trkpt lat="-35.329230" lon="-72.375222"><ele>102.0</ele></trkpt>
<trkpt lat="-35.330682" lon="-72.373841"><ele>116.0</ele></trkpt>
<trkpt lat="-35.331607" lon="-72.371911"><ele>151.0</ele></trkpt>
<trkpt lat="-35.331935" lon="-72.371679"><ele>151.0</ele></trkpt>
<trkpt lat="-35.332818" lon="-72.371412"><ele>151.0</ele></trkpt>
<trkpt lat="-35.333096" lon="-72.371170"><ele>151.0</ele></trkpt>
<trkpt lat="-35.334042" lon="-72.369956"><ele>186.0</ele></trkpt>
<trkpt lat="-35.335649" lon="-72.368901"><ele>184.0</ele></trkpt>
<trkpt lat="-35.336244" lon="-72.368359"><ele>190.0</ele></trkpt>
<trkpt lat="-35.336829" lon="-72.367544"><ele>190.0</ele></trkpt>
<trkpt lat="-35.339456" lon="-72.363481"><ele>201.0</ele></trkpt>
<trkpt lat="-35.344573" lon="-72.355135"><ele>250.0</ele></trkpt>
<trkpt lat="-35.346136" lon="-72.352691"><ele>247.0</ele></trkpt>
<trkpt lat="-35.346994" lon="-72.351224"><ele>255.0</ele></trkpt>
<trkpt lat="-35.347564" lon="-72.350063"><ele>255.0</ele></trkpt>
<trkpt lat="-35.347828" lon="-72.349275"><ele>247.0</ele></trkpt>
<trkpt lat="-35.348152" lon="-72.347870"><ele>253.0</ele></trkpt>
<trkpt lat="-35.348220" lon="-72.347086"><ele>253.0</ele></trkpt>
<trkpt lat="-35.348116" lon="-72.344924"><ele>243.0</ele></trkpt>
<trkpt lat="-35.348204" lon="-72.342299"><ele>236.0</ele></trkpt>
<trkpt lat="-35.348640" lon="-72.340495"><ele>241.0</ele></trkpt>
<trkpt lat="-35.349208" lon="-72.338831"><ele>249.0</ele></trkpt>
<trkpt lat="-35.349320" lon="-72.338343"><ele>249.0</ele></trkpt>
<trkpt lat="-35.349615" lon="-72.335599"><ele>248.0</ele></trkpt>
<trkpt lat="-35.349631" lon="-72.333949"><ele>246.0</ele></trkpt>
<trkpt lat="-35.349992" lon="-72.333233"><ele>244.0</ele></trkpt>
<trkpt lat="-35.350659" lon="-72.332529"><ele>257.0</ele></trkpt>
<trkpt lat="-35.351094" lon="-72.331742"><ele>257.0</ele></trkpt>
<trkpt lat="-35.351290" lon="-72.331149"><ele>258.0</ele></trkpt>
<trkpt lat="-35.351504" lon="-72.329981"><ele>258.0</ele></trkpt>
<trkpt lat="-35.351628" lon="-72.328825"><ele>271.0</ele></trkpt>
<trkpt lat="-35.351548" lon="-72.327081"><ele>281.0</ele></trkpt>
<trkpt lat="-35.352015" lon="-72.325329"><ele>281.0</ele></trkpt>
<trkpt lat="-35.351996" lon="-72.324961"><ele>293.0</ele></trkpt>
<trkpt lat="-35.351858" lon="-72.324724"><ele>293.0</ele></trkpt>
<trkpt lat="-35.351542" lon="-72.324519"><ele>293.0</ele></trkpt>
<trkpt lat="-35.350830" lon="-72.324417"><ele>293.0</ele></trkpt>
<trkpt lat="-35.350228" lon="-72.324219"><ele>293.0</ele></trkpt>
<trkpt lat="-35.346941" lon="-72.322327"><ele>307.0</ele></trkpt>
<trkpt lat="-35.346453" lon="-72.321866"><ele>307.0</ele></trkpt>
<trkpt lat="-35.345965" lon="-72.321273"><ele>307.0</ele></trkpt>
<trkpt lat="-35.344966" lon="-72.320416"><ele>313.0</ele></trkpt>
<trkpt lat="-35.343799" lon="-72.319266"><ele>313.0</ele></trkpt>
<trkpt lat="-35.343165" lon="-72.318791"><ele>311.0</ele></trkpt>
<trkpt lat="-35.342434" lon="-72.318102"><ele>318.0</ele></trkpt>
<trkpt lat="-35.340725" lon="-72.316778"><ele>324.0</ele></trkpt>
<trkpt lat="-35.338264" lon="-72.314451"><ele>328.0</ele></trkpt>
<trkpt lat="-35.335716" lon="-72.312416"><ele>339.0</ele></trkpt>
<trkpt lat="-35.334980" lon="-72.311589"><ele>339.0</ele></trkpt>
<trkpt lat="-35.334687" lon="-72.311370"><ele>339.0</ele></trkpt>
<trkpt lat="-35.333460" lon="-72.310761"><ele>339.0</ele></trkpt>
<trkpt lat="-35.333245" lon="-72.310597"><ele>331.0</ele></trkpt>
<trkpt lat="-35.332444" lon="-72.309753"><ele>340.0</ele></trkpt>
<trkpt lat="-35.332221" lon="-72.309370"><ele>340.0</ele></trkpt>
<trkpt lat="-35.332045" lon="-72.307372"><ele>346.0</ele></trkpt>
<trkpt lat="-35.331370" lon="-72.305411"><ele>338.0</ele></trkpt>
<trkpt lat="-35.331083" lon="-72.303852"><ele>356.0</ele></trkpt>
<trkpt lat="-35.331116" lon="-72.303499"><ele>356.0</ele></trkpt>
<trkpt lat="-35.331654" lon="-72.301979"><ele>351.0</ele></trkpt>
<trkpt lat="-35.331628" lon="-72.301503"><ele>351.0</ele></trkpt>
<trkpt lat="-35.331446" lon="-72.300795"><ele>351.0</ele></trkpt>
<trkpt lat="-35.331491" lon="-72.300411"><ele>351.0</ele></trkpt>
<trkpt lat="-35.331601" lon="-72.299886"><ele>376.0</ele></trkpt>
<trkpt lat="-35.331758" lon="-72.299555"><ele>376.0</ele></trkpt>
<trkpt lat="-35.332270" lon="-72.299214"><ele>376.0</ele></trkpt>
<trkpt lat="-35.332472" lon="-72.299007"><ele>376.0</ele></trkpt>
<trkpt lat="-35.333015" lon="-72.297954"><ele>376.0</ele></trkpt>
<trkpt lat="-35.333559" lon="-72.297304"><ele>395.0</ele></trkpt>
<trkpt lat="-35.333749" lon="-72.296725"><ele>395.0</ele></trkpt>
<trkpt lat="-35.333705" lon="-72.295984"><ele>395.0</ele></trkpt>
<trkpt lat="-35.334162" lon="-72.295301"><ele>393.0</ele></trkpt>
<trkpt lat="-35.334282" lon="-72.294949"><ele>393.0</ele></trkpt>
<trkpt lat="-35.334303" lon="-72.294372"><ele>393.0</ele></trkpt>
<trkpt lat="-35.334170" lon="-72.293401"><ele>387.0</ele></trkpt>
<trkpt lat="-35.334125" lon="-72.291406"><ele>401.0</ele></trkpt>
<trkpt lat="-35.334183" lon="-72.291117"><ele>401.0</ele></trkpt>
<trkpt lat="-35.334754" lon="-72.290071"><ele>401.0</ele></trkpt>
<trkpt lat="-35.335116" lon="-72.288664"><ele>410.0</ele></trkpt>
<trkpt lat="-35.335245" lon="-72.287182"><ele>414.0</ele></trkpt>
<trkpt lat="-35.335441" lon="-72.286633"><ele>419.0</ele></trkpt>
<trkpt lat="-35.335960" lon="-72.285545"><ele>419.0</ele></trkpt>
<trkpt lat="-35.336154" lon="-72.284902"><ele>419.0</ele></trkpt>
<trkpt lat="-35.336284" lon="-72.283646"><ele>419.0</ele></trkpt>
<trkpt lat="-35.336231" lon="-72.282927"><ele>422.0</ele></trkpt>
<trkpt lat="-35.336079" lon="-72.282486"><ele>422.0</ele></trkpt>
<trkpt lat="-35.336061" lon="-72.281862"><ele>422.0</ele></trkpt>
<trkpt lat="-35.336179" lon="-72.281317"><ele>422.0</ele></trkpt>
<trkpt lat="-35.336546" lon="-72.280356"><ele>425.0</ele></trkpt>
<trkpt lat="-35.336841" lon="-72.279860"><ele>425.0</ele></trkpt>
<trkpt lat="-35.337465" lon="-72.279042"><ele>403.0</ele></trkpt>
<trkpt lat="-35.338299" lon="-72.278482"><ele>430.0</ele></trkpt>
<trkpt lat="-35.338968" lon="-72.277777"><ele>430.0</ele></trkpt>
<trkpt lat="-35.339631" lon="-72.277217"><ele>440.0</ele></trkpt>
<trkpt lat="-35.340864" lon="-72.275973"><ele>445.0</ele></trkpt>
<trkpt lat="-35.341883" lon="-72.274768"><ele>441.0</ele></trkpt>
<trkpt lat="-35.342390" lon="-72.274367"><ele>441.0</ele></trkpt>
<trkpt lat="-35.342988" lon="-72.274173"><ele>441.0</ele></trkpt>
<trkpt lat="-35.343269" lon="-72.273976"><ele>441.0</ele></trkpt>
<trkpt lat="-35.344415" lon="-72.272509"><ele>431.0</ele></trkpt>
<trkpt lat="-35.345380" lon="-72.271823"><ele>431.0</ele></trkpt>
<trkpt lat="-35.346266" lon="-72.270955"><ele>437.0</ele></trkpt>
<trkpt lat="-35.346539" lon="-72.270900"><ele>437.0</ele></trkpt>
<trkpt lat="-35.346852" lon="-72.271124"><ele>437.0</ele></trkpt>
<trkpt lat="-35.347165" lon="-72.271209"><ele>437.0</ele></trkpt>
<trkpt lat="-35.348436" lon="-72.271164"><ele>460.0</ele></trkpt>
<trkpt lat="-35.349770" lon="-72.270988"><ele>460.0</ele></trkpt>
<trkpt lat="-35.350255" lon="-72.270770"><ele>450.0</ele></trkpt>
<trkpt lat="-35.350673" lon="-72.270482"><ele>450.0</ele></trkpt>
<trkpt lat="-35.351175" lon="-72.269887"><ele>450.0</ele></trkpt>
<trkpt lat="-35.351597" lon="-72.269109"><ele>450.0</ele></trkpt>
<trkpt lat="-35.352344" lon="-72.268105"><ele>460.0</ele></trkpt>
<trkpt lat="-35.352950" lon="-72.267074"><ele>460.0</ele></trkpt>
<trkpt lat="-35.353453" lon="-72.266491"><ele>447.0</ele></trkpt>
<trkpt lat="-35.353699" lon="-72.266416"><ele>447.0</ele></trkpt>
<trkpt lat="-35.354150" lon="-72.266420"><ele>447.0</ele></trkpt>
<trkpt lat="-35.355613" lon="-72.266673"><ele>442.0</ele></trkpt>
<trkpt lat="-35.356131" lon="-72.266827"><ele>442.0</ele></trkpt>
<trkpt lat="-35.357279" lon="-72.267502"><ele>455.0</ele></trkpt>
<trkpt lat="-35.357840" lon="-72.267509"><ele>455.0</ele></trkpt>
<trkpt lat="-35.359769" lon="-72.267816"><ele>443.0</ele></trkpt>
<trkpt lat="-35.360707" lon="-72.267807"><ele>447.0</ele></trkpt>
<trkpt lat="-35.360920" lon="-72.267725"><ele>447.0</ele></trkpt>
<trkpt lat="-35.361476" lon="-72.267251"><ele>447.0</ele></trkpt>
<trkpt lat="-35.363948" lon="-72.265965"><ele>413.0</ele></trkpt>
<trkpt lat="-35.365509" lon="-72.265417"><ele>396.0</ele></trkpt>
<trkpt lat="-35.366297" lon="-72.265043"><ele>396.0</ele></trkpt>
<trkpt lat="-35.366507" lon="-72.264817"><ele>396.0</ele></trkpt>
<trkpt lat="-35.367057" lon="-72.263846"><ele>361.0</ele></trkpt>
<trkpt lat="-35.368033" lon="-72.262752"><ele>361.0</ele></trkpt>
<trkpt lat="-35.368483" lon="-72.262060"><ele>369.0</ele></trkpt>
<trkpt lat="-35.368598" lon="-72.261745"><ele>369.0</ele></trkpt>
<trkpt lat="-35.368645" lon="-72.261298"><ele>369.0</ele></trkpt>
<trkpt lat="-35.368502" lon="-72.260652"><ele>369.0</ele></trkpt>
<trkpt lat="-35.368854" lon="-72.259524"><ele>422.0</ele></trkpt>
<trkpt lat="-35.368771" lon="-72.259424"><ele>422.0</ele></trkpt>
<trkpt lat="-35.368571" lon="-72.259404"><ele>398.0</ele></trkpt>
<trkpt lat="-35.368475" lon="-72.259314"><ele>398.0</ele></trkpt>
<trkpt lat="-35.368248" lon="-72.258749"><ele>398.0</ele></trkpt>
<trkpt lat="-35.368171" lon="-72.258711"><ele>398.0</ele></trkpt>
<trkpt lat="-35.367960" lon="-72.258780"><ele>398.0</ele></trkpt>
<trkpt lat="-35.367850" lon="-72.258691"><ele>398.0</ele></trkpt>
<trkpt lat="-35.367846" lon="-72.257986"><ele>422.0</ele></trkpt>
<trkpt lat="-35.367983" lon="-72.257674"><ele>422.0</ele></trkpt>
<trkpt lat="-35.368191" lon="-72.257622"><ele>422.0</ele></trkpt>
<trkpt lat="-35.368928" lon="-72.258157"><ele>451.0</ele></trkpt>
<trkpt lat="-35.369288" lon="-72.258223"><ele>451.0</ele></trkpt>
<trkpt lat="-35.369439" lon="-72.258132"><ele>451.0</ele></trkpt>
<trkpt lat="-35.369594" lon="-72.257735"><ele>451.0</ele></trkpt>
<trkpt lat="-35.370001" lon="-72.257531"><ele>451.0</ele></trkpt>
<trkpt lat="-35.370310" lon="-72.257055"><ele>451.0</ele></trkpt>
<trkpt lat="-35.370615" lon="-72.256885"><ele>451.0</ele></trkpt>
<trkpt lat="-35.371213" lon="-72.256735"><ele>491.0</ele></trkpt>
<trkpt lat="-35.371649" lon="-72.256343"><ele>491.0</ele></trkpt>
<trkpt lat="-35.371775" lon="-72.256333"><ele>491.0</ele></trkpt>
<trkpt lat="-35.372092" lon="-72.256479"><ele>491.0</ele></trkpt>
<trkpt lat="-35.372297" lon="-72.256307"><ele>491.0</ele></trkpt>
<trkpt lat="-35.372452" lon="-72.256271"><ele>491.0</ele></trkpt>
<trkpt lat="-35.372717" lon="-72.256519"><ele>491.0</ele></trkpt>
<trkpt lat="-35.372938" lon="-72.256554"><ele>487.0</ele></trkpt>
<trkpt lat="-35.373065" lon="-72.256498"><ele>487.0</ele></trkpt>
<trkpt lat="-35.373244" lon="-72.256241"><ele>506.0</ele></trkpt>
<trkpt lat="-35.373583" lon="-72.255959"><ele>506.0</ele></trkpt>
<trkpt lat="-35.373756" lon="-72.255952"><ele>506.0</ele></trkpt>
<trkpt lat="-35.374072" lon="-72.256056"><ele>506.0</ele></trkpt>
<trkpt lat="-35.374246" lon="-72.256027"><ele>506.0</ele></trkpt>
<trkpt lat="-35.374445" lon="-72.255835"><ele>506.0</ele></trkpt>
<trkpt lat="-35.374600" lon="-72.255364"><ele>506.0</ele></trkpt>
<trkpt lat="-35.374739" lon="-72.255194"><ele>506.0</ele></trkpt>
<trkpt lat="-35.375133" lon="-72.254856"><ele>493.0</ele></trkpt>
<trkpt lat="-35.375887" lon="-72.254543"><ele>493.0</ele></trkpt>
<trkpt lat="-35.376401" lon="-72.254013"><ele>504.0</ele></trkpt>
<trkpt lat="-35.376809" lon="-72.253436"><ele>504.0</ele></trkpt>
<trkpt lat="-35.377718" lon="-72.252884"><ele>489.0</ele></trkpt>
<trkpt lat="-35.378243" lon="-72.252045"><ele>501.0</ele></trkpt>
<trkpt lat="-35.378518" lon="-72.251822"><ele>501.0</ele></trkpt>
<trkpt lat="-35.378716" lon="-72.251482"><ele>501.0</ele></trkpt>
<trkpt lat="-35.378857" lon="-72.250861"><ele>501.0</ele></trkpt>
<trkpt lat="-35.379095" lon="-72.250335"><ele>501.0</ele></trkpt>
<trkpt lat="-35.379652" lon="-72.248239"><ele>516.0</ele></trkpt>
<trkpt lat="-35.380776" lon="-72.247041"><ele>509.0</ele></trkpt>
<trkpt lat="-35.381471" lon="-72.245594"><ele>516.0</ele></trkpt>
<trkpt lat="-35.382291" lon="-72.244959"><ele>516.0</ele></trkpt>
<trkpt lat="-35.383620" lon="-72.243043"><ele>526.0</ele></trkpt>
<trkpt lat="-35.384421" lon="-72.241421"><ele>522.0</ele></trkpt>
<trkpt lat="-35.384746" lon="-72.240532"><ele>522.0</ele></trkpt>
<trkpt lat="-35.385410" lon="-72.239902"><ele>522.0</ele></trkpt>
<trkpt lat="-35.386853" lon="-72.239331"><ele>534.0</ele></trkpt>
<trkpt lat="-35.387265" lon="-72.238839"><ele>534.0</ele></trkpt>
<trkpt lat="-35.387367" lon="-72.238554"><ele>534.0</ele></trkpt>
<trkpt lat="-35.387433" lon="-72.237501"><ele>534.0</ele></trkpt>
<trkpt lat="-35.388043" lon="-72.235924"><ele>544.0</ele></trkpt>
<trkpt lat="-35.387869" lon="-72.234922"><ele>551.0</ele></trkpt>
<trkpt lat="-35.387242" lon="-72.233705"><ele>546.0</ele></trkpt>
<trkpt lat="-35.386822" lon="-72.232296"><ele>533.0</ele></trkpt>
<trkpt lat="-35.386520" lon="-72.231968"><ele>533.0</ele></trkpt>
<trkpt lat="-35.385947" lon="-72.231746"><ele>533.0</ele></trkpt>
<trkpt lat="-35.385634" lon="-72.231532"><ele>533.0</ele></trkpt>
<trkpt lat="-35.385292" lon="-72.231145"><ele>536.0</ele></trkpt>
<trkpt lat="-35.385064" lon="-72.230737"><ele>536.0</ele></trkpt>
<trkpt lat="-35.384818" lon="-72.229874"><ele>536.0</ele></trkpt>
<trkpt lat="-35.384471" lon="-72.229206"><ele>536.0</ele></trkpt>
<trkpt lat="-35.384277" lon="-72.228565"><ele>539.0</ele></trkpt>
<trkpt lat="-35.384246" lon="-72.227894"><ele>539.0</ele></trkpt>
<trkpt lat="-35.384354" lon="-72.227416"><ele>539.0</ele></trkpt>
<trkpt lat="-35.384233" lon="-72.227070"><ele>537.0</ele></trkpt>
<trkpt lat="-35.383839" lon="-72.226807"><ele>537.0</ele></trkpt>
<trkpt lat="-35.382376" lon="-72.226386"><ele>566.0</ele></trkpt>
<trkpt lat="-35.381813" lon="-72.225587"><ele>566.0</ele></trkpt>
<trkpt lat="-35.381661" lon="-72.225087"><ele>566.0</ele></trkpt>
<trkpt lat="-35.381345" lon="-72.224509"><ele>569.0</ele></trkpt>
<trkpt lat="-35.380651" lon="-72.223742"><ele>575.0</ele></trkpt>
<trkpt lat="-35.380021" lon="-72.223283"><ele>575.0</ele></trkpt>
<trkpt lat="-35.379201" lon="-72.223141"><ele>575.0</ele></trkpt>
<trkpt lat="-35.378232" lon="-72.222560"><ele>576.0</ele></trkpt>
<trkpt lat="-35.378129" lon="-72.222339"><ele>576.0</ele></trkpt>
<trkpt lat="-35.378012" lon="-72.221767"><ele>576.0</ele></trkpt>
<trkpt lat="-35.377493" lon="-72.221164"><ele>576.0</ele></trkpt>
<trkpt lat="-35.377284" lon="-72.220259"><ele>558.0</ele></trkpt>
<trkpt lat="-35.376643" lon="-72.219232"><ele>568.0</ele></trkpt>
<trkpt lat="-35.376494" lon="-72.219100"><ele>568.0</ele></trkpt>
<trkpt lat="-35.376332" lon="-72.219099"><ele>568.0</ele></trkpt>
<trkpt lat="-35.376234" lon="-72.219217"><ele>568.0</ele></trkpt>
<trkpt lat="-35.376170" lon="-72.219475"><ele>568.0</ele></trkpt>
<trkpt lat="-35.376012" lon="-72.219544"><ele>568.0</ele></trkpt>
<trkpt lat="-35.375782" lon="-72.219140"><ele>568.0</ele></trkpt>
<trkpt lat="-35.375771" lon="-72.218537"><ele>544.0</ele></trkpt>
<trkpt lat="-35.375706" lon="-72.218267"><ele>544.0</ele></trkpt>
<trkpt lat="-35.375263" lon="-72.217552"><ele>544.0</ele></trkpt>
<trkpt lat="-35.375057" lon="-72.217390"><ele>544.0</ele></trkpt>
<trkpt lat="-35.374587" lon="-72.217299"><ele>536.0</ele></trkpt>
<trkpt lat="-35.374041" lon="-72.217019"><ele>536.0</ele></trkpt>
<trkpt lat="-35.373286" lon="-72.216860"><ele>536.0</ele></trkpt>
<trkpt lat="-35.372998" lon="-72.216665"><ele>516.0</ele></trkpt>
<trkpt lat="-35.372878" lon="-72.216290"><ele>511.0</ele></trkpt>
<trkpt lat="-35.372808" lon="-72.215279"><ele>511.0</ele></trkpt>
<trkpt lat="-35.372674" lon="-72.215052"><ele>511.0</ele></trkpt>
<trkpt lat="-35.371998" lon="-72.214302"><ele>525.0</ele></trkpt>
<trkpt lat="-35.371875" lon="-72.214234"><ele>525.0</ele></trkpt>
<trkpt lat="-35.370975" lon="-72.214130"><ele>525.0</ele></trkpt>
<trkpt lat="-35.370426" lon="-72.213994"><ele>530.0</ele></trkpt>
<trkpt lat="-35.369933" lon="-72.213564"><ele>530.0</ele></trkpt>
<trkpt lat="-35.369589" lon="-72.213018"><ele>530.0</ele></trkpt>
<trkpt lat="-35.369387" lon="-72.212827"><ele>530.0</ele></trkpt>
<trkpt lat="-35.368375" lon="-72.212618"><ele>533.0</ele></trkpt>
<trkpt lat="-35.367586" lon="-72.212060"><ele>531.0</ele></trkpt>
<trkpt lat="-35.367310" lon="-72.212068"><ele>531.0</ele></trkpt>
<trkpt lat="-35.366909" lon="-72.212524"><ele>533.0</ele></trkpt>
<trkpt lat="-35.366778" lon="-72.212585"><ele>533.0</ele></trkpt>
<trkpt lat="-35.366634" lon="-72.212544"><ele>531.0</ele></trkpt>
<trkpt lat="-35.365783" lon="-72.210684"><ele>525.0</ele></trkpt>
<trkpt lat="-35.365680" lon="-72.209701"><ele>501.0</ele></trkpt>
<trkpt lat="-35.365252" lon="-72.209070"><ele>501.0</ele></trkpt>
<trkpt lat="-35.364870" lon="-72.208319"><ele>515.0</ele></trkpt>
<trkpt lat="-35.364687" lon="-72.208085"><ele>515.0</ele></trkpt>
<trkpt lat="-35.364552" lon="-72.208011"><ele>519.0</ele></trkpt>
<trkpt lat="-35.363922" lon="-72.208036"><ele>519.0</ele></trkpt>
<trkpt lat="-35.363620" lon="-72.207815"><ele>519.0</ele></trkpt>
<trkpt lat="-35.363418" lon="-72.207560"><ele>519.0</ele></trkpt>
<trkpt lat="-35.363408" lon="-72.207100"><ele>519.0</ele></trkpt>
<trkpt lat="-35.363171" lon="-72.206813"><ele>519.0</ele></trkpt>
<trkpt lat="-35.362963" lon="-72.206680"><ele>519.0</ele></trkpt>
<trkpt lat="-35.362722" lon="-72.206645"><ele>519.0</ele></trkpt>
<trkpt lat="-35.362297" lon="-72.206782"><ele>504.0</ele></trkpt>
<trkpt lat="-35.362133" lon="-72.206764"><ele>504.0</ele></trkpt>
<trkpt lat="-35.361839" lon="-72.206526"><ele>504.0</ele></trkpt>
<trkpt lat="-35.361460" lon="-72.205909"><ele>494.0</ele></trkpt>
<trkpt lat="-35.360753" lon="-72.205476"><ele>494.0</ele></trkpt>
<trkpt lat="-35.360436" lon="-72.205394"><ele>494.0</ele></trkpt>
<trkpt lat="-35.359938" lon="-72.205450"><ele>490.0</ele></trkpt>
<trkpt lat="-35.359740" lon="-72.205413"><ele>490.0</ele></trkpt>
<trkpt lat="-35.359128" lon="-72.204921"><ele>490.0</ele></trkpt>
<trkpt lat="-35.358318" lon="-72.204721"><ele>465.0</ele></trkpt>
<trkpt lat="-35.358075" lon="-72.204737"><ele>465.0</ele></trkpt>
<trkpt lat="-35.357630" lon="-72.204941"><ele>465.0</ele></trkpt>
<trkpt lat="-35.357414" lon="-72.204976"><ele>465.0</ele></trkpt>
<trkpt lat="-35.356126" lon="-72.204671"><ele>448.0</ele></trkpt>
<trkpt lat="-35.355916" lon="-72.204673"><ele>448.0</ele></trkpt>
<trkpt lat="-35.355191" lon="-72.204981"><ele>448.0</ele></trkpt>
<trkpt lat="-35.354528" lon="-72.205407"><ele>448.0</ele></trkpt>
<trkpt lat="-35.354336" lon="-72.205407"><ele>448.0</ele></trkpt>
<trkpt lat="-35.353816" lon="-72.205240"><ele>445.0</ele></trkpt>
<trkpt lat="-35.353588" lon="-72.205276"><ele>445.0</ele></trkpt>
<trkpt lat="-35.353049" lon="-72.205777"><ele>445.0</ele></trkpt>
<trkpt lat="-35.352858" lon="-72.205843"><ele>445.0</ele></trkpt>
<trkpt lat="-35.352224" lon="-72.205494"><ele>445.0</ele></trkpt>
<trkpt lat="-35.351971" lon="-72.205424"><ele>447.0</ele></trkpt>
<trkpt lat="-35.351292" lon="-72.205451"><ele>447.0</ele></trkpt>
<trkpt lat="-35.350209" lon="-72.205330"><ele>447.0</ele></trkpt>
<trkpt lat="-35.349804" lon="-72.205421"><ele>466.0</ele></trkpt>
<trkpt lat="-35.349662" lon="-72.205243"><ele>466.0</ele></trkpt>
<trkpt lat="-35.349670" lon="-72.204778"><ele>466.0</ele></trkpt>
<trkpt lat="-35.349194" lon="-72.204412"><ele>466.0</ele></trkpt>
<trkpt lat="-35.349117" lon="-72.204259"><ele>466.0</ele></trkpt>
<trkpt lat="-35.349078" lon="-72.203894"><ele>428.0</ele></trkpt>
<trkpt lat="-35.348981" lon="-72.203738"><ele>428.0</ele></trkpt>
<trkpt lat="-35.348595" lon="-72.203536"><ele>428.0</ele></trkpt>
<trkpt lat="-35.348427" lon="-72.203576"><ele>428.0</ele></trkpt>
<trkpt lat="-35.348092" lon="-72.203865"><ele>428.0</ele></trkpt>
<trkpt lat="-35.347893" lon="-72.203821"><ele>460.0</ele></trkpt>
<trkpt lat="-35.347898" lon="-72.203618"><ele>460.0</ele></trkpt>
<trkpt lat="-35.348182" lon="-72.202857"><ele>428.0</ele></trkpt>
<trkpt lat="-35.348141" lon="-72.202670"><ele>428.0</ele></trkpt>
<trkpt lat="-35.347974" lon="-72.202472"><ele>428.0</ele></trkpt>
<trkpt lat="-35.347959" lon="-72.202320"><ele>428.0</ele></trkpt>
<trkpt lat="-35.348385" lon="-72.201962"><ele>412.0</ele></trkpt>
<trkpt lat="-35.348427" lon="-72.201702"><ele>412.0</ele></trkpt>
<trkpt lat="-35.348328" lon="-72.201591"><ele>412.0</ele></trkpt>
<trkpt lat="-35.348048" lon="-72.201522"><ele>412.0</ele></trkpt>
<trkpt lat="-35.347821" lon="-72.201118"><ele>430.0</ele></trkpt>
<trkpt lat="-35.347676" lon="-72.200994"><ele>430.0</ele></trkpt>
<trkpt lat="-35.347254" lon="-72.200906"><ele>430.0</ele></trkpt>
<trkpt lat="-35.347162" lon="-72.200765"><ele>430.0</ele></trkpt>
<trkpt lat="-35.347139" lon="-72.200472"><ele>430.0</ele></trkpt>
<trkpt lat="-35.347215" lon="-72.200296"><ele>430.0</ele></trkpt>
<trkpt lat="-35.347339" lon="-72.200198"><ele>430.0</ele></trkpt>
<trkpt lat="-35.348061" lon="-72.199905"><ele>407.0</ele></trkpt>
<trkpt lat="-35.348461" lon="-72.199309"><ele>407.0</ele></trkpt>
<trkpt lat="-35.348447" lon="-72.199092"><ele>407.0</ele></trkpt>
<trkpt lat="-35.348068" lon="-72.198617"><ele>407.0</ele></trkpt>
<trkpt lat="-35.348008" lon="-72.198431"><ele>407.0</ele></trkpt>
<trkpt lat="-35.348037" lon="-72.198296"><ele>407.0</ele></trkpt>
<trkpt lat="-35.348400" lon="-72.197908"><ele>412.0</ele></trkpt>
<trkpt lat="-35.348457" lon="-72.197696"><ele>412.0</ele></trkpt>
<trkpt lat="-35.348374" lon="-72.197406"><ele>412.0</ele></trkpt>
<trkpt lat="-35.348189" lon="-72.197124"><ele>412.0</ele></trkpt>
<trkpt lat="-35.347515" lon="-72.196691"><ele>423.0</ele></trkpt>
<trkpt lat="-35.347062" lon="-72.196020"><ele>423.0</ele></trkpt>
<trkpt lat="-35.346917" lon="-72.195384"><ele>422.0</ele></trkpt>
<trkpt lat="-35.347071" lon="-72.194759"><ele>422.0</ele></trkpt>
<trkpt lat="-35.347075" lon="-72.194503"><ele>422.0</ele></trkpt>
<trkpt lat="-35.346909" lon="-72.193864"><ele>422.0</ele></trkpt>
<trkpt lat="-35.347194" lon="-72.193022"><ele>427.0</ele></trkpt>
<trkpt lat="-35.347600" lon="-72.192143"><ele>427.0</ele></trkpt>
<trkpt lat="-35.347727" lon="-72.192024"><ele>427.0</ele></trkpt>
<trkpt lat="-35.347884" lon="-72.191981"><ele>427.0</ele></trkpt>
<trkpt lat="-35.348180" lon="-72.192045"><ele>457.0</ele></trkpt>
<trkpt lat="-35.348677" lon="-72.191906"><ele>457.0</ele></trkpt>
<trkpt lat="-35.349397" lon="-72.191415"><ele>453.0</ele></trkpt>
<trkpt lat="-35.349472" lon="-72.191257"><ele>453.0</ele></trkpt>
<trkpt lat="-35.349378" lon="-72.190698"><ele>453.0</ele></trkpt>
<trkpt lat="-35.349515" lon="-72.190356"><ele>453.0</ele></trkpt>
<trkpt lat="-35.349824" lon="-72.190034"><ele>453.0</ele></trkpt>
<trkpt lat="-35.350486" lon="-72.189575"><ele>469.0</ele></trkpt>
<trkpt lat="-35.350682" lon="-72.189281"><ele>469.0</ele></trkpt>
<trkpt lat="-35.350734" lon="-72.188904"><ele>469.0</ele></trkpt>
<trkpt lat="-35.350614" lon="-72.188567"><ele>469.0</ele></trkpt>
<trkpt lat="-35.349935" lon="-72.188085"><ele>479.0</ele></trkpt>
<trkpt lat="-35.349775" lon="-72.187833"><ele>479.0</ele></trkpt>
<trkpt lat="-35.349942" lon="-72.186227"><ele>492.0</ele></trkpt>
<trkpt lat="-35.349782" lon="-72.185272"><ele>496.0</ele></trkpt>
<trkpt lat="-35.349899" lon="-72.184306"><ele>496.0</ele></trkpt>
<trkpt lat="-35.349763" lon="-72.184046"><ele>496.0</ele></trkpt>
<trkpt lat="-35.349514" lon="-72.183802"><ele>496.0</ele></trkpt>
<trkpt lat="-35.348564" lon="-72.183436"><ele>496.0</ele></trkpt>
<trkpt lat="-35.348330" lon="-72.183246"><ele>477.0</ele></trkpt>
<trkpt lat="-35.348139" lon="-72.182978"><ele>477.0</ele></trkpt>
<trkpt lat="-35.348031" lon="-72.182669"><ele>477.0</ele></trkpt>
<trkpt lat="-35.347991" lon="-72.182012"><ele>477.0</ele></trkpt>
<trkpt lat="-35.347192" lon="-72.179207"><ele>498.0</ele></trkpt>
<trkpt lat="-35.346888" lon="-72.178505"><ele>506.0</ele></trkpt>
<trkpt lat="-35.346080" lon="-72.177380"><ele>506.0</ele></trkpt>
<trkpt lat="-35.345921" lon="-72.176460"><ele>496.0</ele></trkpt>
<trkpt lat="-35.345909" lon="-72.175487"><ele>496.0</ele></trkpt>
<trkpt lat="-35.346165" lon="-72.175157"><ele>496.0</ele></trkpt>
<trkpt lat="-35.346241" lon="-72.174737"><ele>497.0</ele></trkpt>
<trkpt lat="-35.346043" lon="-72.173707"><ele>497.0</ele></trkpt>
<trkpt lat="-35.345608" lon="-72.173166"><ele>499.0</ele></trkpt>
<trkpt lat="-35.344900" lon="-72.172487"><ele>488.0</ele></trkpt>
<trkpt lat="-35.344615" lon="-72.171563"><ele>488.0</ele></trkpt>
<trkpt lat="-35.344042" lon="-72.170805"><ele>466.0</ele></trkpt>
<trkpt lat="-35.343666" lon="-72.170486"><ele>465.0</ele></trkpt>
<trkpt lat="-35.343546" lon="-72.170297"><ele>465.0</ele></trkpt>
<trkpt lat="-35.343381" lon="-72.169204"><ele>465.0</ele></trkpt>
<trkpt lat="-35.342977" lon="-72.167849"><ele>470.0</ele></trkpt>
<trkpt lat="-35.342665" lon="-72.167170"><ele>470.0</ele></trkpt>
<trkpt lat="-35.342369" lon="-72.166702"><ele>470.0</ele></trkpt>
<trkpt lat="-35.342086" lon="-72.165747"><ele>475.0</ele></trkpt>
<trkpt lat="-35.341467" lon="-72.165362"><ele>481.0</ele></trkpt>
<trkpt lat="-35.340831" lon="-72.164660"><ele>481.0</ele></trkpt>
<trkpt lat="-35.340414" lon="-72.164466"><ele>493.0</ele></trkpt>
<trkpt lat="-35.340192" lon="-72.164128"><ele>493.0</ele></trkpt>
<trkpt lat="-35.340042" lon="-72.163584"><ele>493.0</ele></trkpt>
<trkpt lat="-35.340048" lon="-72.162343"><ele>471.0</ele></trkpt>
<trkpt lat="-35.340655" lon="-72.159790"><ele>489.0</ele></trkpt>
<trkpt lat="-35.340676" lon="-72.159476"><ele>489.0</ele></trkpt>
<trkpt lat="-35.340228" lon="-72.158435"><ele>489.0</ele></trkpt>
<trkpt lat="-35.340096" lon="-72.157596"><ele>498.0</ele></trkpt>
<trkpt lat="-35.340093" lon="-72.156939"><ele>498.0</ele></trkpt>
<trkpt lat="-35.339906" lon="-72.155837"><ele>499.0</ele></trkpt>
<trkpt lat="-35.339906" lon="-72.155342"><ele>499.0</ele></trkpt>
<trkpt lat="-35.339762" lon="-72.155082"><ele>499.0</ele></trkpt>
<trkpt lat="-35.339238" lon="-72.155037"><ele>498.0</ele></trkpt>
<trkpt lat="-35.338872" lon="-72.154649"><ele>498.0</ele></trkpt>
<trkpt lat="-35.338522" lon="-72.154560"><ele>498.0</ele></trkpt>
<trkpt lat="-35.338367" lon="-72.154297"><ele>498.0</ele></trkpt>
<trkpt lat="-35.338113" lon="-72.154158"><ele>521.0</ele></trkpt>
<trkpt lat="-35.337977" lon="-72.153721"><ele>521.0</ele></trkpt>
<trkpt lat="-35.337727" lon="-72.153472"><ele>521.0</ele></trkpt>
<trkpt lat="-35.337673" lon="-72.153297"><ele>521.0</ele></trkpt>
<trkpt lat="-35.337888" lon="-72.152859"><ele>521.0</ele></trkpt>
<trkpt lat="-35.338047" lon="-72.152676"><ele>521.0</ele></trkpt>
<trkpt lat="-35.338204" lon="-72.152665"><ele>521.0</ele></trkpt>
<trkpt lat="-35.338583" lon="-72.152854"><ele>521.0</ele></trkpt>
<trkpt lat="-35.338777" lon="-72.152719"><ele>521.0</ele></trkpt>
<trkpt lat="-35.338821" lon="-72.152528"><ele>521.0</ele></trkpt>
<trkpt lat="-35.338691" lon="-72.151958"><ele>489.0</ele></trkpt>
<trkpt lat="-35.338712" lon="-72.151760"><ele>489.0</ele></trkpt>
<trkpt lat="-35.339150" lon="-72.151132"><ele>489.0</ele></trkpt>
<trkpt lat="-35.339237" lon="-72.150697"><ele>489.0</ele></trkpt>
<trkpt lat="-35.339707" lon="-72.149705"><ele>504.0</ele></trkpt>
<trkpt lat="-35.340258" lon="-72.148993"><ele>504.0</ele></trkpt>
<trkpt lat="-35.340621" lon="-72.147857"><ele>518.0</ele></trkpt>
<trkpt lat="-35.341432" lon="-72.146393"><ele>518.0</ele></trkpt>
<trkpt lat="-35.342490" lon="-72.146150"><ele>513.0</ele></trkpt>
<trkpt lat="-35.342823" lon="-72.145888"><ele>513.0</ele></trkpt>
<trkpt lat="-35.342890" lon="-72.145604"><ele>499.0</ele></trkpt>
<trkpt lat="-35.342795" lon="-72.145072"><ele>499.0</ele></trkpt>
<trkpt lat="-35.342766" lon="-72.144153"><ele>499.0</ele></trkpt>
<trkpt lat="-35.342667" lon="-72.143936"><ele>499.0</ele></trkpt>
<trkpt lat="-35.342312" lon="-72.143764"><ele>499.0</ele></trkpt>
<trkpt lat="-35.342195" lon="-72.143601"><ele>476.0</ele></trkpt>
<trkpt lat="-35.342161" lon="-72.142829"><ele>476.0</ele></trkpt>
<trkpt lat="-35.342354" lon="-72.142499"><ele>476.0</ele></trkpt>
<trkpt lat="-35.342585" lon="-72.142376"><ele>476.0</ele></trkpt>
<trkpt lat="-35.342953" lon="-72.142293"><ele>476.0</ele></trkpt>
<trkpt lat="-35.343103" lon="-72.142168"><ele>476.0</ele></trkpt>
<trkpt lat="-35.343230" lon="-72.141846"><ele>476.0</ele></trkpt>
<trkpt lat="-35.343237" lon="-72.141225"><ele>488.0</ele></trkpt>
<trkpt lat="-35.343386" lon="-72.140906"><ele>488.0</ele></trkpt>
<trkpt lat="-35.343550" lon="-72.140827"><ele>488.0</ele></trkpt>
<trkpt lat="-35.343921" lon="-72.140830"><ele>429.0</ele></trkpt>
<trkpt lat="-35.344250" lon="-72.140567"><ele>429.0</ele></trkpt>
<trkpt lat="-35.344271" lon="-72.140290"><ele>429.0</ele></trkpt>
<trkpt lat="-35.343956" lon="-72.139858"><ele>429.0</ele></trkpt>
<trkpt lat="-35.343902" lon="-72.139662"><ele>429.0</ele></trkpt>
<trkpt lat="-35.343945" lon="-72.139496"><ele>478.0</ele></trkpt>
<trkpt lat="-35.344059" lon="-72.139455"><ele>478.0</ele></trkpt>
<trkpt lat="-35.345440" lon="-72.139777"><ele>429.0</ele></trkpt>
<trkpt lat="-35.345610" lon="-72.139746"><ele>429.0</ele></trkpt>
<trkpt lat="-35.345793" lon="-72.139540"><ele>478.0</ele></trkpt>
<trkpt lat="-35.346229" lon="-72.139571"><ele>421.0</ele></trkpt>
<trkpt lat="-35.346673" lon="-72.139137"><ele>421.0</ele></trkpt>
<trkpt lat="-35.347138" lon="-72.138968"><ele>421.0</ele></trkpt>
<trkpt lat="-35.347327" lon="-72.138641"><ele>421.0</ele></trkpt>
<trkpt lat="-35.347463" lon="-72.138138"><ele>421.0</ele></trkpt>
<trkpt lat="-35.347592" lon="-72.138053"><ele>421.0</ele></trkpt>
<trkpt lat="-35.347856" lon="-72.138073"><ele>421.0</ele></trkpt>
<trkpt lat="-35.347966" lon="-72.137978"><ele>404.0</ele></trkpt>
<trkpt lat="-35.348044" lon="-72.137813"><ele>404.0</ele></trkpt>
<trkpt lat="-35.348047" lon="-72.137498"><ele>409.0</ele></trkpt>
<trkpt lat="-35.348137" lon="-72.137320"><ele>409.0</ele></trkpt>
<trkpt lat="-35.348584" lon="-72.137285"><ele>409.0</ele></trkpt>
<trkpt lat="-35.349167" lon="-72.137093"><ele>409.0</ele></trkpt>
<trkpt lat="-35.349364" lon="-72.136454"><ele>409.0</ele></trkpt>
<trkpt lat="-35.349500" lon="-72.136424"><ele>409.0</ele></trkpt>
<trkpt lat="-35.349715" lon="-72.136611"><ele>409.0</ele></trkpt>
<trkpt lat="-35.350117" lon="-72.136618"><ele>371.0</ele></trkpt>
<trkpt lat="-35.350921" lon="-72.136824"><ele>371.0</ele></trkpt>
<trkpt lat="-35.351040" lon="-72.136738"><ele>371.0</ele></trkpt>
<trkpt lat="-35.351183" lon="-72.136407"><ele>371.0</ele></trkpt>
<trkpt lat="-35.351351" lon="-72.135673"><ele>371.0</ele></trkpt>
<trkpt lat="-35.351802" lon="-72.135401"><ele>395.0</ele></trkpt>
<trkpt lat="-35.352172" lon="-72.135554"><ele>370.0</ele></trkpt>
<trkpt lat="-35.352516" lon="-72.135516"><ele>370.0</ele></trkpt>
<trkpt lat="-35.352679" lon="-72.135404"><ele>347.0</ele></trkpt>
<trkpt lat="-35.352806" lon="-72.135208"><ele>347.0</ele></trkpt>
<trkpt lat="-35.352911" lon="-72.134988"><ele>347.0</ele></trkpt>
<trkpt lat="-35.353183" lon="-72.133787"><ele>347.0</ele></trkpt>
<trkpt lat="-35.353072" lon="-72.133332"><ele>345.0</ele></trkpt>
<trkpt lat="-35.353078" lon="-72.133107"><ele>345.0</ele></trkpt>
<trkpt lat="-35.353382" lon="-72.132714"><ele>345.0</ele></trkpt>
<trkpt lat="-35.353476" lon="-72.132360"><ele>345.0</ele></trkpt>
<trkpt lat="-35.353451" lon="-72.132117"><ele>345.0</ele></trkpt>
<trkpt lat="-35.353222" lon="-72.131591"><ele>345.0</ele></trkpt>
<trkpt lat="-35.353311" lon="-72.130771"><ele>330.0</ele></trkpt>
<trkpt lat="-35.353100" lon="-72.130121"><ele>330.0</ele></trkpt>
<trkpt lat="-35.353275" lon="-72.129418"><ele>330.0</ele></trkpt>
<trkpt lat="-35.353062" lon="-72.129059"><ele>362.0</ele></trkpt>
<trkpt lat="-35.352718" lon="-72.129090"><ele>362.0</ele></trkpt>
<trkpt lat="-35.352417" lon="-72.128828"><ele>362.0</ele></trkpt>
<trkpt lat="-35.352191" lon="-72.128878"><ele>362.0</ele></trkpt>
<trkpt lat="-35.351847" lon="-72.128767"><ele>360.0</ele></trkpt>
<trkpt lat="-35.351618" lon="-72.129037"><ele>360.0</ele></trkpt>
<trkpt lat="-35.351439" lon="-72.129116"><ele>360.0</ele></trkpt>
<trkpt lat="-35.351284" lon="-72.129051"><ele>360.0</ele></trkpt>
<trkpt lat="-35.351222" lon="-72.128857"><ele>360.0</ele></trkpt>
<trkpt lat="-35.351200" lon="-72.128894"><ele>360.0</ele></trkpt>
<trkpt lat="-35.351307" lon="-72.129074"><ele>360.0</ele></trkpt>
<trkpt lat="-35.351436" lon="-72.129102"><ele>360.0</ele></trkpt>
<trkpt lat="-35.351580" lon="-72.129046"><ele>360.0</ele></trkpt>
<trkpt lat="-35.351821" lon="-72.128755"><ele>360.0</ele></trkpt>
<trkpt lat="-35.352147" lon="-72.128855"><ele>362.0</ele></trkpt>
<trkpt lat="-35.352399" lon="-72.128806"><ele>362.0</ele></trkpt>
</trkseg></trk>
</gpx>